ISO-10303-21;
HEADER;
/* Generated by software containing ST-Developer
 * from STEP Tools, Inc. (www.steptools.com) 
 */

FILE_DESCRIPTION(
/* description */ (''),
/* implementation_level */ '2;1');

FILE_NAME(
/* name */ 'Right_Outer_Wing .step',
/* time_stamp */ '2026-09-06T19:31:20+03:00',
/* author */ (''),
/* organization */ (''),
/* preprocessor_version */ 'ST-DEVELOPER v20.1',
/* originating_system */ 'Autodesk Translation Framework v15.8.0.0',
/* authorisation */ '');

FILE_SCHEMA (('AUTOMOTIVE_DESIGN { 1 0 10303 214 3 1 1 }'));
ENDSEC;

DATA;
#10=MECHANICAL_DESIGN_GEOMETRIC_PRESENTATION_REPRESENTATION('',(#13),#2153);
#11=SHAPE_REPRESENTATION_RELATIONSHIP('SRR','None',#2160,#12);
#12=ADVANCED_BREP_SHAPE_REPRESENTATION('',(#14),#2152);
#13=STYLED_ITEM('',(#2170),#14);
#14=MANIFOLD_SOLID_BREP('Body1',#1119);
#15=(
BOUNDED_SURFACE()
B_SPLINE_SURFACE(2,2,((#2134,#2135,#2136),(#2137,#2138,#2139),(#2140,#2141,
#2142)),.UNSPECIFIED.,.F.,.F.,.F.)
B_SPLINE_SURFACE_WITH_KNOTS((3,3),(3,3),(0.656358732223278,0.776629624597777),
(-1.57079632679472,-0.78539816339795),.UNSPECIFIED.)
GEOMETRIC_REPRESENTATION_ITEM()
RATIONAL_B_SPLINE_SURFACE(((1.,0.923879532511417,1.),(0.998192408883016,
0.922209536075286,0.998192408883016),(1.,0.923879532511417,1.)))
REPRESENTATION_ITEM('')
SURFACE()
);
#16=TOROIDAL_SURFACE('',#1230,46.5308548620226,1.);
#17=TOROIDAL_SURFACE('',#1234,7.35000000000017,1.);
#18=TOROIDAL_SURFACE('',#1238,18.0500000000001,1.);
#19=TOROIDAL_SURFACE('',#1253,11.2677866341743,6.35000000000015);
#20=TOROIDAL_SURFACE('',#1256,48.1873364267625,45.5308548620226);
#21=ELLIPSE('',#1173,23.3904352013048,8.00000000000001);
#22=ELLIPSE('',#1174,22.3408249379121,4.);
#23=B_SPLINE_CURVE_WITH_KNOTS('',3,(#1732,#1733,#1734,#1735,#1736,#1737),
 .UNSPECIFIED.,.F.,.F.,(4,2,4),(0.168924441164283,0.823538363861196,0.82541868456994),
 .UNSPECIFIED.);
#24=B_SPLINE_CURVE_WITH_KNOTS('',3,(#1738,#1739,#1740,#1741,#1742,#1743,
#1744,#1745,#1746,#1747,#1748,#1749,#1750,#1751,#1752,#1753,#1754,#1755,
#1756,#1757,#1758,#1759,#1760,#1761,#1762,#1763,#1764,#1765,#1766,#1767,
#1768,#1769,#1770,#1771,#1772,#1773,#1774,#1775,#1776,#1777,#1778,#1779,
#1780,#1781,#1782,#1783,#1784,#1785,#1786),.UNSPECIFIED.,.F.,.F.,(4,3,3,
3,3,3,3,3,3,3,3,3,3,3,3,3,4),(-0.82541868456994,-0.823538363861196,-0.781640121937528,
-0.738748639888951,-0.694936498045781,-0.650294039549378,-0.60489778558866,
-0.558446142629545,-0.511368317386177,-0.463681920868583,-0.41542304693061,
-0.366480428711733,-0.317295093594138,-0.268112846507807,-0.25546825968429,
-0.192833932907136,-0.168924555676308),.UNSPECIFIED.);
#25=B_SPLINE_CURVE_WITH_KNOTS('',3,(#1804,#1805,#1806,#1807,#1808,#1809),
 .UNSPECIFIED.,.F.,.F.,(4,2,4),(-0.170110476988502,-0.0850334944839401,
-3.57729725385853E-6),.UNSPECIFIED.);
#26=B_SPLINE_CURVE_WITH_KNOTS('',3,(#1811,#1812,#1813,#1814,#1815,#1816,
#1817,#1818,#1819,#1820),.UNSPECIFIED.,.F.,.F.,(4,3,3,4),(0.,0.070627710087812,
0.142214940083108,0.168992953165332),.UNSPECIFIED.);
#27=B_SPLINE_CURVE_WITH_KNOTS('',3,(#1839,#1840,#1841,#1842,#1843,#1844,
#1845,#1846),.UNSPECIFIED.,.F.,.F.,(4,2,2,4),(-0.413775923989509,-0.206262357439503,
-2.48001310598767E-8,0.00159467810535283),.UNSPECIFIED.);
#28=B_SPLINE_CURVE_WITH_KNOTS('',3,(#1847,#1848,#1849,#1850,#1851,#1852,
#1853,#1854,#1855,#1856,#1857,#1858,#1859,#1860,#1861,#1862,#1863,#1864,
#1865),.UNSPECIFIED.,.F.,.F.,(4,3,3,3,3,3,4),(7.91721241808028E-9,0.0822846831081461,
0.165945178067005,0.244900637955948,0.321618416955537,0.395573260698684,
0.416926662943581),.UNSPECIFIED.);
#29=B_SPLINE_CURVE_WITH_KNOTS('',3,(#1889,#1890,#1891,#1892,#1893,#1894,
#1895,#1896,#1897,#1898,#1899,#1900),.UNSPECIFIED.,.F.,.F.,(4,2,2,2,2,4),
(-0.631054261867837,-0.480801498171385,-0.32973809422254,-0.16834771580573,
1.17683640610267E-14,0.000974067119726367),.UNSPECIFIED.);
#30=B_SPLINE_CURVE_WITH_KNOTS('',3,(#1971,#1972,#1973,#1974,#1975,#1976,
#1977,#1978,#1979,#1980),.UNSPECIFIED.,.F.,.F.,(4,2,2,2,4),(-0.687005860966906,
-0.652824569926923,-0.614183296057343,-0.569112300672468,-0.517048175982923),
 .UNSPECIFIED.);
#31=B_SPLINE_CURVE_WITH_KNOTS('',3,(#1986,#1987,#1988,#1989),
 .UNSPECIFIED.,.F.,.F.,(4,4),(-0.446174136933869,-0.427712621586533),
 .UNSPECIFIED.);
#32=B_SPLINE_CURVE_WITH_KNOTS('',3,(#2077,#2078,#2079,#2080,#2081,#2082,
#2083,#2084,#2085,#2086),.UNSPECIFIED.,.F.,.F.,(4,2,2,2,4),(0.153322146882644,
0.193897518808763,0.233123388231463,0.270680474474039,0.306864375141582),
 .UNSPECIFIED.);
#33=B_SPLINE_SURFACE_WITH_KNOTS('',3,3,((#1704,#1705,#1706,#1707,#1708,
#1709),(#1710,#1711,#1712,#1713,#1714,#1715),(#1716,#1717,#1718,#1719,#1720,
#1721),(#1722,#1723,#1724,#1725,#1726,#1727)),.UNSPECIFIED.,.F.,.F.,.F.,
(4,4),(4,2,4),(0.,1.),(-0.82541868456994,-0.823538363861196,-0.168924441164283),
 .UNSPECIFIED.);
#34=B_SPLINE_SURFACE_WITH_KNOTS('',3,3,((#1787,#1788,#1789,#1790),(#1791,
#1792,#1793,#1794),(#1795,#1796,#1797,#1798),(#1799,#1800,#1801,#1802)),
 .UNSPECIFIED.,.F.,.F.,.F.,(4,4),(4,4),(-4.97185426620787E-5,1.),(-4.94307834236114E-5,
0.169042671708005),.UNSPECIFIED.);
#35=B_SPLINE_SURFACE_WITH_KNOTS('',3,3,((#1822,#1823,#1824,#1825),(#1826,
#1827,#1828,#1829),(#1830,#1831,#1832,#1833),(#1834,#1835,#1836,#1837)),
 .UNSPECIFIED.,.F.,.F.,.F.,(4,4),(4,4),(-0.000462138352122289,0.564750893882007),
(-0.000461974927285926,0.417388762448581),.UNSPECIFIED.);
#36=B_SPLINE_SURFACE_WITH_KNOTS('',3,3,((#1866,#1867,#1868,#1869),(#1870,
#1871,#1872,#1873),(#1874,#1875,#1876,#1877),(#1878,#1879,#1880,#1881),
(#1882,#1883,#1884,#1885)),.UNSPECIFIED.,.F.,.F.,.F.,(4,1,4),(4,4),(0.,
0.571428571428571,1.),(-5.13096233897871,-4.93896173234187),
 .UNSPECIFIED.);
#37=B_SPLINE_SURFACE_WITH_KNOTS('',3,3,((#1902,#1903,#1904,#1905),(#1906,
#1907,#1908,#1909),(#1910,#1911,#1912,#1913),(#1914,#1915,#1916,#1917)),
 .UNSPECIFIED.,.F.,.F.,.F.,(4,4),(4,4),(-7.37238436610461E-5,0.794562438679072),
(-1.1522966920441,-0.71866098323013),.UNSPECIFIED.);
#38=FACE_BOUND('',#152,.T.);
#39=FACE_BOUND('',#153,.T.);
#40=FACE_BOUND('',#155,.T.);
#41=FACE_BOUND('',#158,.T.);
#42=FACE_BOUND('',#177,.T.);
#43=FACE_BOUND('',#181,.T.);
#44=FACE_BOUND('',#185,.T.);
#45=FACE_BOUND('',#186,.T.);
#46=FACE_BOUND('',#188,.T.);
#47=FACE_BOUND('',#192,.T.);
#48=FACE_BOUND('',#216,.T.);
#49=FACE_BOUND('',#217,.T.);
#50=PLANE('',#1139);
#51=PLANE('',#1143);
#52=PLANE('',#1147);
#53=PLANE('',#1151);
#54=PLANE('',#1152);
#55=PLANE('',#1153);
#56=PLANE('',#1157);
#57=PLANE('',#1158);
#58=PLANE('',#1162);
#59=PLANE('',#1166);
#60=PLANE('',#1190);
#61=PLANE('',#1195);
#62=PLANE('',#1202);
#63=PLANE('',#1203);
#64=PLANE('',#1208);
#65=PLANE('',#1209);
#66=PLANE('',#1210);
#67=PLANE('',#1211);
#68=PLANE('',#1219);
#69=PLANE('',#1221);
#70=PLANE('',#1223);
#71=PLANE('',#1225);
#72=PLANE('',#1227);
#73=PLANE('',#1241);
#74=PLANE('',#1246);
#75=PLANE('',#1260);
#76=FACE_OUTER_BOUND('',#142,.T.);
#77=FACE_OUTER_BOUND('',#143,.T.);
#78=FACE_OUTER_BOUND('',#144,.T.);
#79=FACE_OUTER_BOUND('',#145,.T.);
#80=FACE_OUTER_BOUND('',#146,.T.);
#81=FACE_OUTER_BOUND('',#147,.T.);
#82=FACE_OUTER_BOUND('',#148,.T.);
#83=FACE_OUTER_BOUND('',#149,.T.);
#84=FACE_OUTER_BOUND('',#150,.T.);
#85=FACE_OUTER_BOUND('',#151,.T.);
#86=FACE_OUTER_BOUND('',#154,.T.);
#87=FACE_OUTER_BOUND('',#156,.T.);
#88=FACE_OUTER_BOUND('',#157,.T.);
#89=FACE_OUTER_BOUND('',#159,.T.);
#90=FACE_OUTER_BOUND('',#160,.T.);
#91=FACE_OUTER_BOUND('',#161,.T.);
#92=FACE_OUTER_BOUND('',#162,.T.);
#93=FACE_OUTER_BOUND('',#163,.T.);
#94=FACE_OUTER_BOUND('',#164,.T.);
#95=FACE_OUTER_BOUND('',#165,.T.);
#96=FACE_OUTER_BOUND('',#166,.T.);
#97=FACE_OUTER_BOUND('',#167,.T.);
#98=FACE_OUTER_BOUND('',#168,.T.);
#99=FACE_OUTER_BOUND('',#169,.T.);
#100=FACE_OUTER_BOUND('',#170,.T.);
#101=FACE_OUTER_BOUND('',#171,.T.);
#102=FACE_OUTER_BOUND('',#172,.T.);
#103=FACE_OUTER_BOUND('',#173,.T.);
#104=FACE_OUTER_BOUND('',#174,.T.);
#105=FACE_OUTER_BOUND('',#175,.T.);
#106=FACE_OUTER_BOUND('',#176,.T.);
#107=FACE_OUTER_BOUND('',#178,.T.);
#108=FACE_OUTER_BOUND('',#179,.T.);
#109=FACE_OUTER_BOUND('',#180,.T.);
#110=FACE_OUTER_BOUND('',#182,.T.);
#111=FACE_OUTER_BOUND('',#183,.T.);
#112=FACE_OUTER_BOUND('',#184,.T.);
#113=FACE_OUTER_BOUND('',#187,.T.);
#114=FACE_OUTER_BOUND('',#189,.T.);
#115=FACE_OUTER_BOUND('',#190,.T.);
#116=FACE_OUTER_BOUND('',#191,.T.);
#117=FACE_OUTER_BOUND('',#193,.T.);
#118=FACE_OUTER_BOUND('',#194,.T.);
#119=FACE_OUTER_BOUND('',#195,.T.);
#120=FACE_OUTER_BOUND('',#196,.T.);
#121=FACE_OUTER_BOUND('',#197,.T.);
#122=FACE_OUTER_BOUND('',#198,.T.);
#123=FACE_OUTER_BOUND('',#199,.T.);
#124=FACE_OUTER_BOUND('',#200,.T.);
#125=FACE_OUTER_BOUND('',#201,.T.);
#126=FACE_OUTER_BOUND('',#202,.T.);
#127=FACE_OUTER_BOUND('',#203,.T.);
#128=FACE_OUTER_BOUND('',#204,.T.);
#129=FACE_OUTER_BOUND('',#205,.T.);
#130=FACE_OUTER_BOUND('',#206,.T.);
#131=FACE_OUTER_BOUND('',#207,.T.);
#132=FACE_OUTER_BOUND('',#208,.T.);
#133=FACE_OUTER_BOUND('',#209,.T.);
#134=FACE_OUTER_BOUND('',#210,.T.);
#135=FACE_OUTER_BOUND('',#211,.T.);
#136=FACE_OUTER_BOUND('',#212,.T.);
#137=FACE_OUTER_BOUND('',#213,.T.);
#138=FACE_OUTER_BOUND('',#214,.T.);
#139=FACE_OUTER_BOUND('',#215,.T.);
#140=FACE_OUTER_BOUND('',#218,.T.);
#141=FACE_OUTER_BOUND('',#219,.T.);
#142=EDGE_LOOP('',(#706,#707,#708,#709));
#143=EDGE_LOOP('',(#710,#711,#712,#713));
#144=EDGE_LOOP('',(#714));
#145=EDGE_LOOP('',(#715,#716,#717,#718));
#146=EDGE_LOOP('',(#719));
#147=EDGE_LOOP('',(#720,#721,#722,#723));
#148=EDGE_LOOP('',(#724));
#149=EDGE_LOOP('',(#725,#726,#727,#728));
#150=EDGE_LOOP('',(#729));
#151=EDGE_LOOP('',(#730,#731,#732,#733));
#152=EDGE_LOOP('',(#734));
#153=EDGE_LOOP('',(#735));
#154=EDGE_LOOP('',(#736,#737,#738,#739,#740,#741,#742,#743,#744,#745,#746));
#155=EDGE_LOOP('',(#747));
#156=EDGE_LOOP('',(#748,#749,#750,#751));
#157=EDGE_LOOP('',(#752,#753,#754,#755,#756,#757,#758,#759));
#158=EDGE_LOOP('',(#760));
#159=EDGE_LOOP('',(#761,#762,#763,#764));
#160=EDGE_LOOP('',(#765));
#161=EDGE_LOOP('',(#766,#767,#768,#769));
#162=EDGE_LOOP('',(#770));
#163=EDGE_LOOP('',(#771,#772,#773,#774));
#164=EDGE_LOOP('',(#775,#776,#777));
#165=EDGE_LOOP('',(#778,#779,#780,#781));
#166=EDGE_LOOP('',(#782,#783,#784));
#167=EDGE_LOOP('',(#785,#786,#787,#788));
#168=EDGE_LOOP('',(#789,#790,#791,#792));
#169=EDGE_LOOP('',(#793,#794,#795,#796));
#170=EDGE_LOOP('',(#797,#798,#799,#800));
#171=EDGE_LOOP('',(#801,#802,#803,#804));
#172=EDGE_LOOP('',(#805,#806,#807,#808));
#173=EDGE_LOOP('',(#809,#810,#811,#812,#813));
#174=EDGE_LOOP('',(#814,#815,#816,#817,#818,#819,#820,#821,#822,#823,#824,
#825,#826,#827,#828,#829));
#175=EDGE_LOOP('',(#830,#831,#832,#833,#834));
#176=EDGE_LOOP('',(#835,#836,#837,#838,#839,#840,#841));
#177=EDGE_LOOP('',(#842,#843,#844,#845,#846,#847));
#178=EDGE_LOOP('',(#848,#849,#850,#851));
#179=EDGE_LOOP('',(#852,#853,#854,#855,#856,#857));
#180=EDGE_LOOP('',(#858,#859,#860,#861,#862,#863));
#181=EDGE_LOOP('',(#864,#865,#866,#867,#868,#869));
#182=EDGE_LOOP('',(#870,#871,#872,#873));
#183=EDGE_LOOP('',(#874,#875,#876,#877));
#184=EDGE_LOOP('',(#878,#879,#880,#881));
#185=EDGE_LOOP('',(#882));
#186=EDGE_LOOP('',(#883));
#187=EDGE_LOOP('',(#884,#885,#886,#887,#888));
#188=EDGE_LOOP('',(#889));
#189=EDGE_LOOP('',(#890,#891,#892,#893));
#190=EDGE_LOOP('',(#894,#895,#896,#897));
#191=EDGE_LOOP('',(#898,#899,#900,#901,#902));
#192=EDGE_LOOP('',(#903));
#193=EDGE_LOOP('',(#904,#905,#906,#907));
#194=EDGE_LOOP('',(#908,#909,#910,#911));
#195=EDGE_LOOP('',(#912,#913,#914,#915));
#196=EDGE_LOOP('',(#916,#917,#918,#919));
#197=EDGE_LOOP('',(#920,#921,#922,#923));
#198=EDGE_LOOP('',(#924,#925,#926,#927));
#199=EDGE_LOOP('',(#928,#929,#930,#931));
#200=EDGE_LOOP('',(#932,#933,#934,#935,#936,#937,#938,#939,#940));
#201=EDGE_LOOP('',(#941,#942,#943,#944));
#202=EDGE_LOOP('',(#945,#946,#947,#948));
#203=EDGE_LOOP('',(#949,#950,#951,#952));
#204=EDGE_LOOP('',(#953,#954,#955,#956,#957,#958));
#205=EDGE_LOOP('',(#959,#960,#961,#962));
#206=EDGE_LOOP('',(#963,#964,#965,#966));
#207=EDGE_LOOP('',(#967,#968,#969,#970));
#208=EDGE_LOOP('',(#971,#972,#973,#974));
#209=EDGE_LOOP('',(#975,#976,#977,#978));
#210=EDGE_LOOP('',(#979,#980,#981,#982));
#211=EDGE_LOOP('',(#983,#984,#985,#986));
#212=EDGE_LOOP('',(#987,#988,#989,#990));
#213=EDGE_LOOP('',(#991,#992,#993,#994));
#214=EDGE_LOOP('',(#995,#996,#997,#998));
#215=EDGE_LOOP('',(#999,#1000,#1001,#1002,#1003,#1004,#1005,#1006,#1007,
#1008,#1009,#1010,#1011,#1012,#1013));
#216=EDGE_LOOP('',(#1014));
#217=EDGE_LOOP('',(#1015));
#218=EDGE_LOOP('',(#1016,#1017,#1018,#1019));
#219=EDGE_LOOP('',(#1020,#1021,#1022,#1023));
#220=LINE('',#1609,#299);
#221=LINE('',#1615,#300);
#222=LINE('',#1622,#301);
#223=LINE('',#1629,#302);
#224=LINE('',#1636,#303);
#225=LINE('',#1642,#304);
#226=LINE('',#1644,#305);
#227=LINE('',#1646,#306);
#228=LINE('',#1647,#307);
#229=LINE('',#1650,#308);
#230=LINE('',#1652,#309);
#231=LINE('',#1654,#310);
#232=LINE('',#1656,#311);
#233=LINE('',#1658,#312);
#234=LINE('',#1662,#313);
#235=LINE('',#1667,#314);
#236=LINE('',#1670,#315);
#237=LINE('',#1671,#316);
#238=LINE('',#1674,#317);
#239=LINE('',#1676,#318);
#240=LINE('',#1678,#319);
#241=LINE('',#1680,#320);
#242=LINE('',#1682,#321);
#243=LINE('',#1683,#322);
#244=LINE('',#1688,#323);
#245=LINE('',#1695,#324);
#246=LINE('',#1702,#325);
#247=LINE('',#1924,#326);
#248=LINE('',#1927,#327);
#249=LINE('',#1933,#328);
#250=LINE('',#1936,#329);
#251=LINE('',#1942,#330);
#252=LINE('',#1945,#331);
#253=LINE('',#1950,#332);
#254=LINE('',#1954,#333);
#255=LINE('',#1956,#334);
#256=LINE('',#1959,#335);
#257=LINE('',#1960,#336);
#258=LINE('',#1961,#337);
#259=LINE('',#1965,#338);
#260=LINE('',#1969,#339);
#261=LINE('',#1982,#340);
#262=LINE('',#1990,#341);
#263=LINE('',#1995,#342);
#264=LINE('',#1999,#343);
#265=LINE('',#2000,#344);
#266=LINE('',#2003,#345);
#267=LINE('',#2007,#346);
#268=LINE('',#2011,#347);
#269=LINE('',#2014,#348);
#270=LINE('',#2017,#349);
#271=LINE('',#2018,#350);
#272=LINE('',#2021,#351);
#273=LINE('',#2025,#352);
#274=LINE('',#2029,#353);
#275=LINE('',#2033,#354);
#276=LINE('',#2036,#355);
#277=LINE('',#2038,#356);
#278=LINE('',#2046,#357);
#279=LINE('',#2052,#358);
#280=LINE('',#2055,#359);
#281=LINE('',#2056,#360);
#282=LINE('',#2058,#361);
#283=LINE('',#2060,#362);
#284=LINE('',#2061,#363);
#285=LINE('',#2064,#364);
#286=LINE('',#2067,#365);
#287=LINE('',#2070,#366);
#288=LINE('',#2103,#367);
#289=LINE('',#2104,#368);
#290=LINE('',#2108,#369);
#291=LINE('',#2112,#370);
#292=LINE('',#2114,#371);
#293=LINE('',#2117,#372);
#294=LINE('',#2120,#373);
#295=LINE('',#2123,#374);
#296=LINE('',#2144,#375);
#297=LINE('',#2146,#376);
#298=LINE('',#2148,#377);
#299=VECTOR('',#1269,1.45);
#300=VECTOR('',#1276,2.09999999999999);
#301=VECTOR('',#1285,2.10000000000001);
#302=VECTOR('',#1294,2.10000000000001);
#303=VECTOR('',#1303,2.09999999999999);
#304=VECTOR('',#1310,10.);
#305=VECTOR('',#1311,10.);
#306=VECTOR('',#1312,10.);
#307=VECTOR('',#1313,10.);
#308=VECTOR('',#1316,10.);
#309=VECTOR('',#1317,10.);
#310=VECTOR('',#1318,10.);
#311=VECTOR('',#1319,10.);
#312=VECTOR('',#1320,10.);
#313=VECTOR('',#1323,10.);
#314=VECTOR('',#1328,10.);
#315=VECTOR('',#1331,10.);
#316=VECTOR('',#1332,10.);
#317=VECTOR('',#1335,10.);
#318=VECTOR('',#1336,10.);
#319=VECTOR('',#1337,10.);
#320=VECTOR('',#1338,10.);
#321=VECTOR('',#1339,10.);
#322=VECTOR('',#1340,10.);
#323=VECTOR('',#1345,2.3);
#324=VECTOR('',#1354,2.3);
#325=VECTOR('',#1363,2.73986051527904);
#326=VECTOR('',#1380,12.7);
#327=VECTOR('',#1383,10.);
#328=VECTOR('',#1388,10.);
#329=VECTOR('',#1391,10.);
#330=VECTOR('',#1396,10.);
#331=VECTOR('',#1399,10.);
#332=VECTOR('',#1406,10.);
#333=VECTOR('',#1411,10.);
#334=VECTOR('',#1412,10.);
#335=VECTOR('',#1417,10.);
#336=VECTOR('',#1418,10.);
#337=VECTOR('',#1419,10.);
#338=VECTOR('',#1422,10.);
#339=VECTOR('',#1425,10.);
#340=VECTOR('',#1426,10.);
#341=VECTOR('',#1431,10.);
#342=VECTOR('',#1436,10.);
#343=VECTOR('',#1439,10.);
#344=VECTOR('',#1440,10.);
#345=VECTOR('',#1441,10.);
#346=VECTOR('',#1444,10.);
#347=VECTOR('',#1447,10.);
#348=VECTOR('',#1452,10.);
#349=VECTOR('',#1455,10.);
#350=VECTOR('',#1456,2.);
#351=VECTOR('',#1459,10.);
#352=VECTOR('',#1462,10.);
#353=VECTOR('',#1465,10.);
#354=VECTOR('',#1468,10.);
#355=VECTOR('',#1473,10.);
#356=VECTOR('',#1476,10.);
#357=VECTOR('',#1487,10.);
#358=VECTOR('',#1496,10.);
#359=VECTOR('',#1501,10.);
#360=VECTOR('',#1502,10.);
#361=VECTOR('',#1505,10.);
#362=VECTOR('',#1508,10.);
#363=VECTOR('',#1509,10.);
#364=VECTOR('',#1514,10.);
#365=VECTOR('',#1519,2.);
#366=VECTOR('',#1522,10.);
#367=VECTOR('',#1551,10.);
#368=VECTOR('',#1552,10.);
#369=VECTOR('',#1557,10.);
#370=VECTOR('',#1562,10.);
#371=VECTOR('',#1565,10.);
#372=VECTOR('',#1568,10.);
#373=VECTOR('',#1571,10.);
#374=VECTOR('',#1574,10.);
#375=VECTOR('',#1595,10.);
#376=VECTOR('',#1598,10.);
#377=VECTOR('',#1601,10.);
#378=CIRCLE('',#1134,1.45);
#379=CIRCLE('',#1135,1.45);
#380=CIRCLE('',#1137,2.09999999999999);
#381=CIRCLE('',#1138,2.09999999999999);
#382=CIRCLE('',#1141,2.10000000000001);
#383=CIRCLE('',#1142,2.10000000000001);
#384=CIRCLE('',#1145,2.10000000000001);
#385=CIRCLE('',#1146,2.10000000000001);
#386=CIRCLE('',#1149,2.09999999999999);
#387=CIRCLE('',#1150,2.09999999999999);
#388=CIRCLE('',#1154,4.);
#389=CIRCLE('',#1155,12.85);
#390=CIRCLE('',#1156,52.0308548620225);
#391=CIRCLE('',#1160,2.3);
#392=CIRCLE('',#1161,2.3);
#393=CIRCLE('',#1164,2.3);
#394=CIRCLE('',#1165,2.3);
#395=CIRCLE('',#1168,2.73986051527904);
#396=CIRCLE('',#1169,2.73986051527904);
#397=CIRCLE('',#1170,1.);
#398=CIRCLE('',#1171,0.999999999999996);
#399=CIRCLE('',#1172,3.99999999997064);
#400=CIRCLE('',#1176,12.7);
#401=CIRCLE('',#1177,12.7);
#402=CIRCLE('',#1179,6.35);
#403=CIRCLE('',#1180,6.35);
#404=CIRCLE('',#1182,6.35);
#405=CIRCLE('',#1183,6.35);
#406=CIRCLE('',#1185,19.0500000000001);
#407=CIRCLE('',#1186,19.0500000000001);
#408=CIRCLE('',#1188,19.0500000000001);
#409=CIRCLE('',#1189,19.0500000000001);
#410=CIRCLE('',#1191,2.99999999999999);
#411=CIRCLE('',#1192,1.);
#412=CIRCLE('',#1193,8.24226112865468);
#413=CIRCLE('',#1196,4.);
#414=CIRCLE('',#1197,2.);
#415=CIRCLE('',#1198,2.);
#416=CIRCLE('',#1199,2.);
#417=CIRCLE('',#1200,2.);
#418=CIRCLE('',#1204,2.);
#419=CIRCLE('',#1205,2.);
#420=CIRCLE('',#1206,2.);
#421=CIRCLE('',#1207,2.);
#422=CIRCLE('',#1212,45.5308548620226);
#423=CIRCLE('',#1213,17.803913967771);
#424=CIRCLE('',#1215,17.803913967771);
#425=CIRCLE('',#1217,45.5308548620226);
#426=CIRCLE('',#1218,45.5308548620226);
#427=CIRCLE('',#1228,52.0308548620225);
#428=CIRCLE('',#1229,12.85);
#429=CIRCLE('',#1231,45.5308548620226);
#430=CIRCLE('',#1232,0.99999999999997);
#431=CIRCLE('',#1233,46.5308548620226);
#432=CIRCLE('',#1235,1.00000000000001);
#433=CIRCLE('',#1236,7.35000000000017);
#434=CIRCLE('',#1237,6.35000000000015);
#435=CIRCLE('',#1239,18.0500000000001);
#436=CIRCLE('',#1240,19.0500000000001);
#437=CIRCLE('',#1243,1.);
#438=CIRCLE('',#1245,2.99999999999999);
#439=CIRCLE('',#1248,6.35000000000015);
#440=CIRCLE('',#1250,45.5308548620226);
#441=CIRCLE('',#1252,19.0500000000001);
#442=CIRCLE('',#1254,6.73845983180418);
#443=CIRCLE('',#1255,5.28427397196889);
#444=CIRCLE('',#1257,45.5308548620226);
#445=CIRCLE('',#1258,5.83148156474034);
#446=VERTEX_POINT('',#1606);
#447=VERTEX_POINT('',#1608);
#448=VERTEX_POINT('',#1612);
#449=VERTEX_POINT('',#1614);
#450=VERTEX_POINT('',#1619);
#451=VERTEX_POINT('',#1621);
#452=VERTEX_POINT('',#1626);
#453=VERTEX_POINT('',#1628);
#454=VERTEX_POINT('',#1633);
#455=VERTEX_POINT('',#1635);
#456=VERTEX_POINT('',#1640);
#457=VERTEX_POINT('',#1641);
#458=VERTEX_POINT('',#1643);
#459=VERTEX_POINT('',#1645);
#460=VERTEX_POINT('',#1649);
#461=VERTEX_POINT('',#1651);
#462=VERTEX_POINT('',#1653);
#463=VERTEX_POINT('',#1655);
#464=VERTEX_POINT('',#1657);
#465=VERTEX_POINT('',#1659);
#466=VERTEX_POINT('',#1661);
#467=VERTEX_POINT('',#1663);
#468=VERTEX_POINT('',#1665);
#469=VERTEX_POINT('',#1669);
#470=VERTEX_POINT('',#1673);
#471=VERTEX_POINT('',#1675);
#472=VERTEX_POINT('',#1677);
#473=VERTEX_POINT('',#1679);
#474=VERTEX_POINT('',#1681);
#475=VERTEX_POINT('',#1685);
#476=VERTEX_POINT('',#1687);
#477=VERTEX_POINT('',#1692);
#478=VERTEX_POINT('',#1694);
#479=VERTEX_POINT('',#1699);
#480=VERTEX_POINT('',#1701);
#481=VERTEX_POINT('',#1728);
#482=VERTEX_POINT('',#1729);
#483=VERTEX_POINT('',#1731);
#484=VERTEX_POINT('',#1803);
#485=VERTEX_POINT('',#1810);
#486=VERTEX_POINT('',#1838);
#487=VERTEX_POINT('',#1886);
#488=VERTEX_POINT('',#1888);
#489=VERTEX_POINT('',#1920);
#490=VERTEX_POINT('',#1921);
#491=VERTEX_POINT('',#1923);
#492=VERTEX_POINT('',#1925);
#493=VERTEX_POINT('',#1929);
#494=VERTEX_POINT('',#1930);
#495=VERTEX_POINT('',#1932);
#496=VERTEX_POINT('',#1934);
#497=VERTEX_POINT('',#1938);
#498=VERTEX_POINT('',#1939);
#499=VERTEX_POINT('',#1941);
#500=VERTEX_POINT('',#1943);
#501=VERTEX_POINT('',#1948);
#502=VERTEX_POINT('',#1953);
#503=VERTEX_POINT('',#1955);
#504=VERTEX_POINT('',#1962);
#505=VERTEX_POINT('',#1964);
#506=VERTEX_POINT('',#1966);
#507=VERTEX_POINT('',#1968);
#508=VERTEX_POINT('',#1970);
#509=VERTEX_POINT('',#1981);
#510=VERTEX_POINT('',#1985);
#511=VERTEX_POINT('',#1992);
#512=VERTEX_POINT('',#1994);
#513=VERTEX_POINT('',#1996);
#514=VERTEX_POINT('',#1998);
#515=VERTEX_POINT('',#2001);
#516=VERTEX_POINT('',#2002);
#517=VERTEX_POINT('',#2004);
#518=VERTEX_POINT('',#2006);
#519=VERTEX_POINT('',#2008);
#520=VERTEX_POINT('',#2010);
#521=VERTEX_POINT('',#2016);
#522=VERTEX_POINT('',#2020);
#523=VERTEX_POINT('',#2023);
#524=VERTEX_POINT('',#2024);
#525=VERTEX_POINT('',#2026);
#526=VERTEX_POINT('',#2028);
#527=VERTEX_POINT('',#2030);
#528=VERTEX_POINT('',#2032);
#529=VERTEX_POINT('',#2041);
#530=VERTEX_POINT('',#2045);
#531=VERTEX_POINT('',#2049);
#532=VERTEX_POINT('',#2069);
#533=VERTEX_POINT('',#2071);
#534=VERTEX_POINT('',#2075);
#535=VERTEX_POINT('',#2076);
#536=VERTEX_POINT('',#2087);
#537=VERTEX_POINT('',#2089);
#538=VERTEX_POINT('',#2093);
#539=VERTEX_POINT('',#2094);
#540=VERTEX_POINT('',#2102);
#541=VERTEX_POINT('',#2106);
#542=VERTEX_POINT('',#2110);
#543=VERTEX_POINT('',#2116);
#544=VERTEX_POINT('',#2118);
#545=VERTEX_POINT('',#2122);
#546=VERTEX_POINT('',#2131);
#547=EDGE_CURVE('',#446,#446,#378,.T.);
#548=EDGE_CURVE('',#446,#447,#220,.T.);
#549=EDGE_CURVE('',#447,#447,#379,.T.);
#550=EDGE_CURVE('',#448,#448,#380,.T.);
#551=EDGE_CURVE('',#448,#449,#221,.T.);
#552=EDGE_CURVE('',#449,#449,#381,.T.);
#553=EDGE_CURVE('',#450,#450,#382,.T.);
#554=EDGE_CURVE('',#450,#451,#222,.T.);
#555=EDGE_CURVE('',#451,#451,#383,.T.);
#556=EDGE_CURVE('',#452,#452,#384,.T.);
#557=EDGE_CURVE('',#452,#453,#223,.T.);
#558=EDGE_CURVE('',#453,#453,#385,.T.);
#559=EDGE_CURVE('',#454,#454,#386,.T.);
#560=EDGE_CURVE('',#454,#455,#224,.T.);
#561=EDGE_CURVE('',#455,#455,#387,.T.);
#562=EDGE_CURVE('',#456,#457,#225,.T.);
#563=EDGE_CURVE('',#458,#456,#226,.T.);
#564=EDGE_CURVE('',#459,#458,#227,.T.);
#565=EDGE_CURVE('',#457,#459,#228,.T.);
#566=EDGE_CURVE('',#457,#460,#229,.T.);
#567=EDGE_CURVE('',#460,#461,#230,.T.);
#568=EDGE_CURVE('',#461,#462,#231,.T.);
#569=EDGE_CURVE('',#462,#463,#232,.T.);
#570=EDGE_CURVE('',#463,#464,#233,.T.);
#571=EDGE_CURVE('',#465,#464,#388,.T.);
#572=EDGE_CURVE('',#466,#465,#234,.T.);
#573=EDGE_CURVE('',#466,#467,#389,.T.);
#574=EDGE_CURVE('',#467,#468,#390,.T.);
#575=EDGE_CURVE('',#456,#468,#235,.T.);
#576=EDGE_CURVE('',#469,#459,#236,.T.);
#577=EDGE_CURVE('',#469,#460,#237,.T.);
#578=EDGE_CURVE('',#458,#470,#238,.T.);
#579=EDGE_CURVE('',#471,#470,#239,.T.);
#580=EDGE_CURVE('',#471,#472,#240,.T.);
#581=EDGE_CURVE('',#472,#473,#241,.T.);
#582=EDGE_CURVE('',#473,#474,#242,.T.);
#583=EDGE_CURVE('',#474,#469,#243,.T.);
#584=EDGE_CURVE('',#475,#475,#391,.T.);
#585=EDGE_CURVE('',#475,#476,#244,.T.);
#586=EDGE_CURVE('',#476,#476,#392,.T.);
#587=EDGE_CURVE('',#477,#477,#393,.T.);
#588=EDGE_CURVE('',#477,#478,#245,.T.);
#589=EDGE_CURVE('',#478,#478,#394,.T.);
#590=EDGE_CURVE('',#479,#479,#395,.T.);
#591=EDGE_CURVE('',#479,#480,#246,.T.);
#592=EDGE_CURVE('',#480,#480,#396,.T.);
#593=EDGE_CURVE('',#481,#482,#397,.T.);
#594=EDGE_CURVE('',#482,#483,#23,.T.);
#595=EDGE_CURVE('',#483,#481,#24,.T.);
#596=EDGE_CURVE('',#484,#482,#25,.F.);
#597=EDGE_CURVE('',#481,#485,#26,.T.);
#598=EDGE_CURVE('',#485,#484,#398,.T.);
#599=EDGE_CURVE('',#486,#484,#27,.F.);
#600=EDGE_CURVE('',#485,#486,#28,.T.);
#601=EDGE_CURVE('',#487,#485,#399,.T.);
#602=EDGE_CURVE('',#488,#487,#29,.F.);
#603=EDGE_CURVE('',#488,#486,#21,.T.);
#604=EDGE_CURVE('',#483,#487,#22,.T.);
#605=EDGE_CURVE('',#489,#490,#400,.T.);
#606=EDGE_CURVE('',#490,#491,#247,.T.);
#607=EDGE_CURVE('',#492,#491,#401,.F.);
#608=EDGE_CURVE('',#492,#489,#248,.T.);
#609=EDGE_CURVE('',#493,#494,#402,.T.);
#610=EDGE_CURVE('',#495,#494,#249,.T.);
#611=EDGE_CURVE('',#496,#495,#403,.T.);
#612=EDGE_CURVE('',#496,#493,#250,.T.);
#613=EDGE_CURVE('',#497,#498,#404,.T.);
#614=EDGE_CURVE('',#498,#499,#251,.T.);
#615=EDGE_CURVE('',#500,#499,#405,.T.);
#616=EDGE_CURVE('',#497,#500,#252,.T.);
#617=EDGE_CURVE('',#492,#493,#406,.T.);
#618=EDGE_CURVE('',#496,#501,#407,.T.);
#619=EDGE_CURVE('',#501,#492,#253,.T.);
#620=EDGE_CURVE('',#498,#489,#408,.T.);
#621=EDGE_CURVE('',#489,#502,#254,.T.);
#622=EDGE_CURVE('',#502,#503,#255,.T.);
#623=EDGE_CURVE('',#499,#503,#409,.T.);
#624=EDGE_CURVE('',#502,#482,#256,.T.);
#625=EDGE_CURVE('',#464,#488,#257,.T.);
#626=EDGE_CURVE('',#463,#472,#258,.T.);
#627=EDGE_CURVE('',#504,#471,#410,.T.);
#628=EDGE_CURVE('',#504,#505,#259,.T.);
#629=EDGE_CURVE('',#506,#505,#411,.T.);
#630=EDGE_CURVE('',#507,#506,#260,.T.);
#631=EDGE_CURVE('',#508,#507,#30,.T.);
#632=EDGE_CURVE('',#509,#508,#261,.T.);
#633=EDGE_CURVE('',#503,#509,#412,.T.);
#634=EDGE_CURVE('',#487,#510,#31,.T.);
#635=EDGE_CURVE('',#510,#465,#262,.T.);
#636=EDGE_CURVE('',#511,#510,#413,.T.);
#637=EDGE_CURVE('',#511,#512,#263,.T.);
#638=EDGE_CURVE('',#513,#512,#414,.T.);
#639=EDGE_CURVE('',#514,#513,#264,.T.);
#640=EDGE_CURVE('',#514,#466,#265,.T.);
#641=EDGE_CURVE('',#515,#516,#266,.T.);
#642=EDGE_CURVE('',#517,#516,#415,.T.);
#643=EDGE_CURVE('',#517,#518,#267,.T.);
#644=EDGE_CURVE('',#519,#518,#416,.T.);
#645=EDGE_CURVE('',#519,#520,#268,.T.);
#646=EDGE_CURVE('',#515,#520,#417,.T.);
#647=EDGE_CURVE('',#483,#511,#269,.T.);
#648=EDGE_CURVE('',#521,#502,#270,.T.);
#649=EDGE_CURVE('',#512,#521,#271,.T.);
#650=EDGE_CURVE('',#501,#522,#272,.T.);
#651=EDGE_CURVE('',#521,#522,#418,.T.);
#652=EDGE_CURVE('',#523,#524,#273,.T.);
#653=EDGE_CURVE('',#525,#524,#419,.T.);
#654=EDGE_CURVE('',#525,#526,#274,.T.);
#655=EDGE_CURVE('',#527,#526,#420,.T.);
#656=EDGE_CURVE('',#527,#528,#275,.T.);
#657=EDGE_CURVE('',#523,#528,#421,.T.);
#658=EDGE_CURVE('',#462,#473,#276,.T.);
#659=EDGE_CURVE('',#474,#461,#277,.T.);
#660=EDGE_CURVE('',#529,#497,#422,.T.);
#661=EDGE_CURVE('',#490,#529,#423,.T.);
#662=EDGE_CURVE('',#530,#529,#278,.T.);
#663=EDGE_CURVE('',#530,#491,#424,.T.);
#664=EDGE_CURVE('',#495,#531,#425,.T.);
#665=EDGE_CURVE('',#494,#530,#426,.T.);
#666=EDGE_CURVE('',#531,#530,#279,.T.);
#667=EDGE_CURVE('',#528,#517,#280,.T.);
#668=EDGE_CURVE('',#516,#523,#281,.T.);
#669=EDGE_CURVE('',#518,#527,#282,.T.);
#670=EDGE_CURVE('',#524,#515,#283,.T.);
#671=EDGE_CURVE('',#520,#525,#284,.T.);
#672=EDGE_CURVE('',#526,#519,#285,.T.);
#673=EDGE_CURVE('',#522,#513,#286,.T.);
#674=EDGE_CURVE('',#532,#531,#287,.T.);
#675=EDGE_CURVE('',#533,#532,#427,.T.);
#676=EDGE_CURVE('',#514,#533,#428,.T.);
#677=EDGE_CURVE('',#534,#535,#32,.T.);
#678=EDGE_CURVE('',#535,#536,#429,.T.);
#679=EDGE_CURVE('',#536,#537,#430,.T.);
#680=EDGE_CURVE('',#537,#534,#431,.T.);
#681=EDGE_CURVE('',#538,#539,#432,.T.);
#682=EDGE_CURVE('',#539,#537,#433,.T.);
#683=EDGE_CURVE('',#536,#538,#434,.T.);
#684=EDGE_CURVE('',#507,#539,#435,.T.);
#685=EDGE_CURVE('',#538,#508,#436,.T.);
#686=EDGE_CURVE('',#540,#506,#288,.T.);
#687=EDGE_CURVE('',#540,#534,#289,.T.);
#688=EDGE_CURVE('',#541,#540,#437,.T.);
#689=EDGE_CURVE('',#505,#541,#290,.T.);
#690=EDGE_CURVE('',#470,#542,#438,.T.);
#691=EDGE_CURVE('',#542,#504,#291,.T.);
#692=EDGE_CURVE('',#542,#541,#292,.T.);
#693=EDGE_CURVE('',#543,#536,#293,.T.);
#694=EDGE_CURVE('',#543,#544,#439,.T.);
#695=EDGE_CURVE('',#544,#538,#294,.T.);
#696=EDGE_CURVE('',#545,#535,#295,.T.);
#697=EDGE_CURVE('',#545,#543,#440,.T.);
#698=EDGE_CURVE('',#544,#509,#441,.T.);
#699=EDGE_CURVE('',#499,#544,#442,.T.);
#700=EDGE_CURVE('',#500,#543,#443,.T.);
#701=EDGE_CURVE('',#546,#500,#444,.T.);
#702=EDGE_CURVE('',#546,#545,#445,.T.);
#703=EDGE_CURVE('',#529,#546,#296,.T.);
#704=EDGE_CURVE('',#532,#468,#297,.T.);
#705=EDGE_CURVE('',#533,#467,#298,.T.);
#706=ORIENTED_EDGE('',*,*,#547,.F.);
#707=ORIENTED_EDGE('',*,*,#548,.T.);
#708=ORIENTED_EDGE('',*,*,#549,.F.);
#709=ORIENTED_EDGE('',*,*,#548,.F.);
#710=ORIENTED_EDGE('',*,*,#550,.F.);
#711=ORIENTED_EDGE('',*,*,#551,.T.);
#712=ORIENTED_EDGE('',*,*,#552,.T.);
#713=ORIENTED_EDGE('',*,*,#551,.F.);
#714=ORIENTED_EDGE('',*,*,#552,.F.);
#715=ORIENTED_EDGE('',*,*,#553,.F.);
#716=ORIENTED_EDGE('',*,*,#554,.T.);
#717=ORIENTED_EDGE('',*,*,#555,.T.);
#718=ORIENTED_EDGE('',*,*,#554,.F.);
#719=ORIENTED_EDGE('',*,*,#555,.F.);
#720=ORIENTED_EDGE('',*,*,#556,.F.);
#721=ORIENTED_EDGE('',*,*,#557,.T.);
#722=ORIENTED_EDGE('',*,*,#558,.T.);
#723=ORIENTED_EDGE('',*,*,#557,.F.);
#724=ORIENTED_EDGE('',*,*,#558,.F.);
#725=ORIENTED_EDGE('',*,*,#559,.F.);
#726=ORIENTED_EDGE('',*,*,#560,.T.);
#727=ORIENTED_EDGE('',*,*,#561,.T.);
#728=ORIENTED_EDGE('',*,*,#560,.F.);
#729=ORIENTED_EDGE('',*,*,#561,.F.);
#730=ORIENTED_EDGE('',*,*,#562,.F.);
#731=ORIENTED_EDGE('',*,*,#563,.F.);
#732=ORIENTED_EDGE('',*,*,#564,.F.);
#733=ORIENTED_EDGE('',*,*,#565,.F.);
#734=ORIENTED_EDGE('',*,*,#556,.T.);
#735=ORIENTED_EDGE('',*,*,#559,.T.);
#736=ORIENTED_EDGE('',*,*,#562,.T.);
#737=ORIENTED_EDGE('',*,*,#566,.T.);
#738=ORIENTED_EDGE('',*,*,#567,.T.);
#739=ORIENTED_EDGE('',*,*,#568,.T.);
#740=ORIENTED_EDGE('',*,*,#569,.T.);
#741=ORIENTED_EDGE('',*,*,#570,.T.);
#742=ORIENTED_EDGE('',*,*,#571,.F.);
#743=ORIENTED_EDGE('',*,*,#572,.F.);
#744=ORIENTED_EDGE('',*,*,#573,.T.);
#745=ORIENTED_EDGE('',*,*,#574,.T.);
#746=ORIENTED_EDGE('',*,*,#575,.F.);
#747=ORIENTED_EDGE('',*,*,#547,.T.);
#748=ORIENTED_EDGE('',*,*,#565,.T.);
#749=ORIENTED_EDGE('',*,*,#576,.F.);
#750=ORIENTED_EDGE('',*,*,#577,.T.);
#751=ORIENTED_EDGE('',*,*,#566,.F.);
#752=ORIENTED_EDGE('',*,*,#564,.T.);
#753=ORIENTED_EDGE('',*,*,#578,.T.);
#754=ORIENTED_EDGE('',*,*,#579,.F.);
#755=ORIENTED_EDGE('',*,*,#580,.T.);
#756=ORIENTED_EDGE('',*,*,#581,.T.);
#757=ORIENTED_EDGE('',*,*,#582,.T.);
#758=ORIENTED_EDGE('',*,*,#583,.T.);
#759=ORIENTED_EDGE('',*,*,#576,.T.);
#760=ORIENTED_EDGE('',*,*,#549,.T.);
#761=ORIENTED_EDGE('',*,*,#584,.F.);
#762=ORIENTED_EDGE('',*,*,#585,.T.);
#763=ORIENTED_EDGE('',*,*,#586,.T.);
#764=ORIENTED_EDGE('',*,*,#585,.F.);
#765=ORIENTED_EDGE('',*,*,#586,.F.);
#766=ORIENTED_EDGE('',*,*,#587,.F.);
#767=ORIENTED_EDGE('',*,*,#588,.T.);
#768=ORIENTED_EDGE('',*,*,#589,.T.);
#769=ORIENTED_EDGE('',*,*,#588,.F.);
#770=ORIENTED_EDGE('',*,*,#589,.F.);
#771=ORIENTED_EDGE('',*,*,#590,.F.);
#772=ORIENTED_EDGE('',*,*,#591,.T.);
#773=ORIENTED_EDGE('',*,*,#592,.F.);
#774=ORIENTED_EDGE('',*,*,#591,.F.);
#775=ORIENTED_EDGE('',*,*,#593,.T.);
#776=ORIENTED_EDGE('',*,*,#594,.T.);
#777=ORIENTED_EDGE('',*,*,#595,.T.);
#778=ORIENTED_EDGE('',*,*,#596,.T.);
#779=ORIENTED_EDGE('',*,*,#593,.F.);
#780=ORIENTED_EDGE('',*,*,#597,.T.);
#781=ORIENTED_EDGE('',*,*,#598,.T.);
#782=ORIENTED_EDGE('',*,*,#599,.T.);
#783=ORIENTED_EDGE('',*,*,#598,.F.);
#784=ORIENTED_EDGE('',*,*,#600,.T.);
#785=ORIENTED_EDGE('',*,*,#600,.F.);
#786=ORIENTED_EDGE('',*,*,#601,.F.);
#787=ORIENTED_EDGE('',*,*,#602,.F.);
#788=ORIENTED_EDGE('',*,*,#603,.T.);
#789=ORIENTED_EDGE('',*,*,#597,.F.);
#790=ORIENTED_EDGE('',*,*,#595,.F.);
#791=ORIENTED_EDGE('',*,*,#604,.T.);
#792=ORIENTED_EDGE('',*,*,#601,.T.);
#793=ORIENTED_EDGE('',*,*,#605,.T.);
#794=ORIENTED_EDGE('',*,*,#606,.T.);
#795=ORIENTED_EDGE('',*,*,#607,.F.);
#796=ORIENTED_EDGE('',*,*,#608,.T.);
#797=ORIENTED_EDGE('',*,*,#609,.T.);
#798=ORIENTED_EDGE('',*,*,#610,.F.);
#799=ORIENTED_EDGE('',*,*,#611,.F.);
#800=ORIENTED_EDGE('',*,*,#612,.T.);
#801=ORIENTED_EDGE('',*,*,#613,.T.);
#802=ORIENTED_EDGE('',*,*,#614,.T.);
#803=ORIENTED_EDGE('',*,*,#615,.F.);
#804=ORIENTED_EDGE('',*,*,#616,.F.);
#805=ORIENTED_EDGE('',*,*,#617,.T.);
#806=ORIENTED_EDGE('',*,*,#612,.F.);
#807=ORIENTED_EDGE('',*,*,#618,.T.);
#808=ORIENTED_EDGE('',*,*,#619,.T.);
#809=ORIENTED_EDGE('',*,*,#620,.T.);
#810=ORIENTED_EDGE('',*,*,#621,.T.);
#811=ORIENTED_EDGE('',*,*,#622,.T.);
#812=ORIENTED_EDGE('',*,*,#623,.F.);
#813=ORIENTED_EDGE('',*,*,#614,.F.);
#814=ORIENTED_EDGE('',*,*,#624,.T.);
#815=ORIENTED_EDGE('',*,*,#596,.F.);
#816=ORIENTED_EDGE('',*,*,#599,.F.);
#817=ORIENTED_EDGE('',*,*,#603,.F.);
#818=ORIENTED_EDGE('',*,*,#625,.F.);
#819=ORIENTED_EDGE('',*,*,#570,.F.);
#820=ORIENTED_EDGE('',*,*,#626,.T.);
#821=ORIENTED_EDGE('',*,*,#580,.F.);
#822=ORIENTED_EDGE('',*,*,#627,.F.);
#823=ORIENTED_EDGE('',*,*,#628,.T.);
#824=ORIENTED_EDGE('',*,*,#629,.F.);
#825=ORIENTED_EDGE('',*,*,#630,.F.);
#826=ORIENTED_EDGE('',*,*,#631,.F.);
#827=ORIENTED_EDGE('',*,*,#632,.F.);
#828=ORIENTED_EDGE('',*,*,#633,.F.);
#829=ORIENTED_EDGE('',*,*,#622,.F.);
#830=ORIENTED_EDGE('',*,*,#571,.T.);
#831=ORIENTED_EDGE('',*,*,#625,.T.);
#832=ORIENTED_EDGE('',*,*,#602,.T.);
#833=ORIENTED_EDGE('',*,*,#634,.T.);
#834=ORIENTED_EDGE('',*,*,#635,.T.);
#835=ORIENTED_EDGE('',*,*,#572,.T.);
#836=ORIENTED_EDGE('',*,*,#635,.F.);
#837=ORIENTED_EDGE('',*,*,#636,.F.);
#838=ORIENTED_EDGE('',*,*,#637,.T.);
#839=ORIENTED_EDGE('',*,*,#638,.F.);
#840=ORIENTED_EDGE('',*,*,#639,.F.);
#841=ORIENTED_EDGE('',*,*,#640,.T.);
#842=ORIENTED_EDGE('',*,*,#641,.T.);
#843=ORIENTED_EDGE('',*,*,#642,.F.);
#844=ORIENTED_EDGE('',*,*,#643,.T.);
#845=ORIENTED_EDGE('',*,*,#644,.F.);
#846=ORIENTED_EDGE('',*,*,#645,.T.);
#847=ORIENTED_EDGE('',*,*,#646,.F.);
#848=ORIENTED_EDGE('',*,*,#604,.F.);
#849=ORIENTED_EDGE('',*,*,#647,.T.);
#850=ORIENTED_EDGE('',*,*,#636,.T.);
#851=ORIENTED_EDGE('',*,*,#634,.F.);
#852=ORIENTED_EDGE('',*,*,#594,.F.);
#853=ORIENTED_EDGE('',*,*,#624,.F.);
#854=ORIENTED_EDGE('',*,*,#648,.F.);
#855=ORIENTED_EDGE('',*,*,#649,.F.);
#856=ORIENTED_EDGE('',*,*,#637,.F.);
#857=ORIENTED_EDGE('',*,*,#647,.F.);
#858=ORIENTED_EDGE('',*,*,#619,.F.);
#859=ORIENTED_EDGE('',*,*,#650,.T.);
#860=ORIENTED_EDGE('',*,*,#651,.F.);
#861=ORIENTED_EDGE('',*,*,#648,.T.);
#862=ORIENTED_EDGE('',*,*,#621,.F.);
#863=ORIENTED_EDGE('',*,*,#608,.F.);
#864=ORIENTED_EDGE('',*,*,#652,.T.);
#865=ORIENTED_EDGE('',*,*,#653,.F.);
#866=ORIENTED_EDGE('',*,*,#654,.T.);
#867=ORIENTED_EDGE('',*,*,#655,.F.);
#868=ORIENTED_EDGE('',*,*,#656,.T.);
#869=ORIENTED_EDGE('',*,*,#657,.F.);
#870=ORIENTED_EDGE('',*,*,#569,.F.);
#871=ORIENTED_EDGE('',*,*,#658,.T.);
#872=ORIENTED_EDGE('',*,*,#581,.F.);
#873=ORIENTED_EDGE('',*,*,#626,.F.);
#874=ORIENTED_EDGE('',*,*,#567,.F.);
#875=ORIENTED_EDGE('',*,*,#577,.F.);
#876=ORIENTED_EDGE('',*,*,#583,.F.);
#877=ORIENTED_EDGE('',*,*,#659,.T.);
#878=ORIENTED_EDGE('',*,*,#568,.F.);
#879=ORIENTED_EDGE('',*,*,#659,.F.);
#880=ORIENTED_EDGE('',*,*,#582,.F.);
#881=ORIENTED_EDGE('',*,*,#658,.F.);
#882=ORIENTED_EDGE('',*,*,#584,.T.);
#883=ORIENTED_EDGE('',*,*,#587,.T.);
#884=ORIENTED_EDGE('',*,*,#660,.F.);
#885=ORIENTED_EDGE('',*,*,#661,.F.);
#886=ORIENTED_EDGE('',*,*,#605,.F.);
#887=ORIENTED_EDGE('',*,*,#620,.F.);
#888=ORIENTED_EDGE('',*,*,#613,.F.);
#889=ORIENTED_EDGE('',*,*,#590,.T.);
#890=ORIENTED_EDGE('',*,*,#606,.F.);
#891=ORIENTED_EDGE('',*,*,#661,.T.);
#892=ORIENTED_EDGE('',*,*,#662,.F.);
#893=ORIENTED_EDGE('',*,*,#663,.T.);
#894=ORIENTED_EDGE('',*,*,#664,.F.);
#895=ORIENTED_EDGE('',*,*,#610,.T.);
#896=ORIENTED_EDGE('',*,*,#665,.T.);
#897=ORIENTED_EDGE('',*,*,#666,.F.);
#898=ORIENTED_EDGE('',*,*,#663,.F.);
#899=ORIENTED_EDGE('',*,*,#665,.F.);
#900=ORIENTED_EDGE('',*,*,#609,.F.);
#901=ORIENTED_EDGE('',*,*,#617,.F.);
#902=ORIENTED_EDGE('',*,*,#607,.T.);
#903=ORIENTED_EDGE('',*,*,#592,.T.);
#904=ORIENTED_EDGE('',*,*,#657,.T.);
#905=ORIENTED_EDGE('',*,*,#667,.T.);
#906=ORIENTED_EDGE('',*,*,#642,.T.);
#907=ORIENTED_EDGE('',*,*,#668,.T.);
#908=ORIENTED_EDGE('',*,*,#667,.F.);
#909=ORIENTED_EDGE('',*,*,#656,.F.);
#910=ORIENTED_EDGE('',*,*,#669,.F.);
#911=ORIENTED_EDGE('',*,*,#643,.F.);
#912=ORIENTED_EDGE('',*,*,#653,.T.);
#913=ORIENTED_EDGE('',*,*,#670,.T.);
#914=ORIENTED_EDGE('',*,*,#646,.T.);
#915=ORIENTED_EDGE('',*,*,#671,.T.);
#916=ORIENTED_EDGE('',*,*,#668,.F.);
#917=ORIENTED_EDGE('',*,*,#641,.F.);
#918=ORIENTED_EDGE('',*,*,#670,.F.);
#919=ORIENTED_EDGE('',*,*,#652,.F.);
#920=ORIENTED_EDGE('',*,*,#655,.T.);
#921=ORIENTED_EDGE('',*,*,#672,.T.);
#922=ORIENTED_EDGE('',*,*,#644,.T.);
#923=ORIENTED_EDGE('',*,*,#669,.T.);
#924=ORIENTED_EDGE('',*,*,#671,.F.);
#925=ORIENTED_EDGE('',*,*,#645,.F.);
#926=ORIENTED_EDGE('',*,*,#672,.F.);
#927=ORIENTED_EDGE('',*,*,#654,.F.);
#928=ORIENTED_EDGE('',*,*,#638,.T.);
#929=ORIENTED_EDGE('',*,*,#649,.T.);
#930=ORIENTED_EDGE('',*,*,#651,.T.);
#931=ORIENTED_EDGE('',*,*,#673,.T.);
#932=ORIENTED_EDGE('',*,*,#664,.T.);
#933=ORIENTED_EDGE('',*,*,#674,.F.);
#934=ORIENTED_EDGE('',*,*,#675,.F.);
#935=ORIENTED_EDGE('',*,*,#676,.F.);
#936=ORIENTED_EDGE('',*,*,#639,.T.);
#937=ORIENTED_EDGE('',*,*,#673,.F.);
#938=ORIENTED_EDGE('',*,*,#650,.F.);
#939=ORIENTED_EDGE('',*,*,#618,.F.);
#940=ORIENTED_EDGE('',*,*,#611,.T.);
#941=ORIENTED_EDGE('',*,*,#677,.T.);
#942=ORIENTED_EDGE('',*,*,#678,.T.);
#943=ORIENTED_EDGE('',*,*,#679,.T.);
#944=ORIENTED_EDGE('',*,*,#680,.T.);
#945=ORIENTED_EDGE('',*,*,#681,.T.);
#946=ORIENTED_EDGE('',*,*,#682,.T.);
#947=ORIENTED_EDGE('',*,*,#679,.F.);
#948=ORIENTED_EDGE('',*,*,#683,.T.);
#949=ORIENTED_EDGE('',*,*,#631,.T.);
#950=ORIENTED_EDGE('',*,*,#684,.T.);
#951=ORIENTED_EDGE('',*,*,#681,.F.);
#952=ORIENTED_EDGE('',*,*,#685,.T.);
#953=ORIENTED_EDGE('',*,*,#680,.F.);
#954=ORIENTED_EDGE('',*,*,#682,.F.);
#955=ORIENTED_EDGE('',*,*,#684,.F.);
#956=ORIENTED_EDGE('',*,*,#630,.T.);
#957=ORIENTED_EDGE('',*,*,#686,.F.);
#958=ORIENTED_EDGE('',*,*,#687,.T.);
#959=ORIENTED_EDGE('',*,*,#688,.T.);
#960=ORIENTED_EDGE('',*,*,#686,.T.);
#961=ORIENTED_EDGE('',*,*,#629,.T.);
#962=ORIENTED_EDGE('',*,*,#689,.T.);
#963=ORIENTED_EDGE('',*,*,#690,.T.);
#964=ORIENTED_EDGE('',*,*,#691,.T.);
#965=ORIENTED_EDGE('',*,*,#627,.T.);
#966=ORIENTED_EDGE('',*,*,#579,.T.);
#967=ORIENTED_EDGE('',*,*,#689,.F.);
#968=ORIENTED_EDGE('',*,*,#628,.F.);
#969=ORIENTED_EDGE('',*,*,#691,.F.);
#970=ORIENTED_EDGE('',*,*,#692,.T.);
#971=ORIENTED_EDGE('',*,*,#683,.F.);
#972=ORIENTED_EDGE('',*,*,#693,.F.);
#973=ORIENTED_EDGE('',*,*,#694,.T.);
#974=ORIENTED_EDGE('',*,*,#695,.T.);
#975=ORIENTED_EDGE('',*,*,#678,.F.);
#976=ORIENTED_EDGE('',*,*,#696,.F.);
#977=ORIENTED_EDGE('',*,*,#697,.T.);
#978=ORIENTED_EDGE('',*,*,#693,.T.);
#979=ORIENTED_EDGE('',*,*,#685,.F.);
#980=ORIENTED_EDGE('',*,*,#695,.F.);
#981=ORIENTED_EDGE('',*,*,#698,.T.);
#982=ORIENTED_EDGE('',*,*,#632,.T.);
#983=ORIENTED_EDGE('',*,*,#615,.T.);
#984=ORIENTED_EDGE('',*,*,#699,.T.);
#985=ORIENTED_EDGE('',*,*,#694,.F.);
#986=ORIENTED_EDGE('',*,*,#700,.F.);
#987=ORIENTED_EDGE('',*,*,#701,.T.);
#988=ORIENTED_EDGE('',*,*,#700,.T.);
#989=ORIENTED_EDGE('',*,*,#697,.F.);
#990=ORIENTED_EDGE('',*,*,#702,.F.);
#991=ORIENTED_EDGE('',*,*,#623,.T.);
#992=ORIENTED_EDGE('',*,*,#633,.T.);
#993=ORIENTED_EDGE('',*,*,#698,.F.);
#994=ORIENTED_EDGE('',*,*,#699,.F.);
#995=ORIENTED_EDGE('',*,*,#616,.T.);
#996=ORIENTED_EDGE('',*,*,#701,.F.);
#997=ORIENTED_EDGE('',*,*,#703,.F.);
#998=ORIENTED_EDGE('',*,*,#660,.T.);
#999=ORIENTED_EDGE('',*,*,#563,.T.);
#1000=ORIENTED_EDGE('',*,*,#575,.T.);
#1001=ORIENTED_EDGE('',*,*,#704,.F.);
#1002=ORIENTED_EDGE('',*,*,#674,.T.);
#1003=ORIENTED_EDGE('',*,*,#666,.T.);
#1004=ORIENTED_EDGE('',*,*,#662,.T.);
#1005=ORIENTED_EDGE('',*,*,#703,.T.);
#1006=ORIENTED_EDGE('',*,*,#702,.T.);
#1007=ORIENTED_EDGE('',*,*,#696,.T.);
#1008=ORIENTED_EDGE('',*,*,#677,.F.);
#1009=ORIENTED_EDGE('',*,*,#687,.F.);
#1010=ORIENTED_EDGE('',*,*,#688,.F.);
#1011=ORIENTED_EDGE('',*,*,#692,.F.);
#1012=ORIENTED_EDGE('',*,*,#690,.F.);
#1013=ORIENTED_EDGE('',*,*,#578,.F.);
#1014=ORIENTED_EDGE('',*,*,#550,.T.);
#1015=ORIENTED_EDGE('',*,*,#553,.T.);
#1016=ORIENTED_EDGE('',*,*,#675,.T.);
#1017=ORIENTED_EDGE('',*,*,#704,.T.);
#1018=ORIENTED_EDGE('',*,*,#574,.F.);
#1019=ORIENTED_EDGE('',*,*,#705,.F.);
#1020=ORIENTED_EDGE('',*,*,#676,.T.);
#1021=ORIENTED_EDGE('',*,*,#705,.T.);
#1022=ORIENTED_EDGE('',*,*,#573,.F.);
#1023=ORIENTED_EDGE('',*,*,#640,.F.);
#1024=CYLINDRICAL_SURFACE('',#1133,1.45);
#1025=CYLINDRICAL_SURFACE('',#1136,2.09999999999999);
#1026=CYLINDRICAL_SURFACE('',#1140,2.10000000000001);
#1027=CYLINDRICAL_SURFACE('',#1144,2.10000000000001);
#1028=CYLINDRICAL_SURFACE('',#1148,2.09999999999999);
#1029=CYLINDRICAL_SURFACE('',#1159,2.3);
#1030=CYLINDRICAL_SURFACE('',#1163,2.3);
#1031=CYLINDRICAL_SURFACE('',#1167,2.73986051527904);
#1032=CYLINDRICAL_SURFACE('',#1175,12.7);
#1033=CYLINDRICAL_SURFACE('',#1178,6.35);
#1034=CYLINDRICAL_SURFACE('',#1181,6.35);
#1035=CYLINDRICAL_SURFACE('',#1184,19.0500000000001);
#1036=CYLINDRICAL_SURFACE('',#1187,19.0500000000001);
#1037=CYLINDRICAL_SURFACE('',#1194,4.);
#1038=CYLINDRICAL_SURFACE('',#1201,4.);
#1039=CYLINDRICAL_SURFACE('',#1214,17.803913967771);
#1040=CYLINDRICAL_SURFACE('',#1216,45.5308548620226);
#1041=CYLINDRICAL_SURFACE('',#1220,2.);
#1042=CYLINDRICAL_SURFACE('',#1222,2.);
#1043=CYLINDRICAL_SURFACE('',#1224,2.);
#1044=CYLINDRICAL_SURFACE('',#1226,2.);
#1045=CYLINDRICAL_SURFACE('',#1242,1.);
#1046=CYLINDRICAL_SURFACE('',#1244,2.99999999999999);
#1047=CYLINDRICAL_SURFACE('',#1247,6.35000000000015);
#1048=CYLINDRICAL_SURFACE('',#1249,45.5308548620226);
#1049=CYLINDRICAL_SURFACE('',#1251,19.0500000000001);
#1050=CYLINDRICAL_SURFACE('',#1259,45.5308548620226);
#1051=CYLINDRICAL_SURFACE('',#1261,52.0308548620225);
#1052=CYLINDRICAL_SURFACE('',#1262,12.85);
#1053=ADVANCED_FACE('',(#76),#1024,.F.);
#1054=ADVANCED_FACE('',(#77),#1025,.F.);
#1055=ADVANCED_FACE('',(#78),#50,.T.);
#1056=ADVANCED_FACE('',(#79),#1026,.F.);
#1057=ADVANCED_FACE('',(#80),#51,.T.);
#1058=ADVANCED_FACE('',(#81),#1027,.F.);
#1059=ADVANCED_FACE('',(#82),#52,.T.);
#1060=ADVANCED_FACE('',(#83),#1028,.F.);
#1061=ADVANCED_FACE('',(#84),#53,.T.);
#1062=ADVANCED_FACE('',(#85,#38,#39),#54,.F.);
#1063=ADVANCED_FACE('',(#86,#40),#55,.F.);
#1064=ADVANCED_FACE('',(#87),#56,.T.);
#1065=ADVANCED_FACE('',(#88,#41),#57,.T.);
#1066=ADVANCED_FACE('',(#89),#1029,.F.);
#1067=ADVANCED_FACE('',(#90),#58,.T.);
#1068=ADVANCED_FACE('',(#91),#1030,.F.);
#1069=ADVANCED_FACE('',(#92),#59,.T.);
#1070=ADVANCED_FACE('',(#93),#1031,.F.);
#1071=ADVANCED_FACE('',(#94),#33,.F.);
#1072=ADVANCED_FACE('',(#95),#34,.F.);
#1073=ADVANCED_FACE('',(#96),#35,.F.);
#1074=ADVANCED_FACE('',(#97),#36,.T.);
#1075=ADVANCED_FACE('',(#98),#37,.T.);
#1076=ADVANCED_FACE('',(#99),#1032,.F.);
#1077=ADVANCED_FACE('',(#100),#1033,.F.);
#1078=ADVANCED_FACE('',(#101),#1034,.F.);
#1079=ADVANCED_FACE('',(#102),#1035,.T.);
#1080=ADVANCED_FACE('',(#103),#1036,.T.);
#1081=ADVANCED_FACE('',(#104),#60,.T.);
#1082=ADVANCED_FACE('',(#105),#1037,.F.);
#1083=ADVANCED_FACE('',(#106,#42),#61,.T.);
#1084=ADVANCED_FACE('',(#107),#1038,.T.);
#1085=ADVANCED_FACE('',(#108),#62,.F.);
#1086=ADVANCED_FACE('',(#109,#43),#63,.T.);
#1087=ADVANCED_FACE('',(#110),#64,.F.);
#1088=ADVANCED_FACE('',(#111),#65,.F.);
#1089=ADVANCED_FACE('',(#112,#44,#45),#66,.F.);
#1090=ADVANCED_FACE('',(#113,#46),#67,.T.);
#1091=ADVANCED_FACE('',(#114),#1039,.T.);
#1092=ADVANCED_FACE('',(#115),#1040,.F.);
#1093=ADVANCED_FACE('',(#116,#47),#68,.F.);
#1094=ADVANCED_FACE('',(#117),#1041,.F.);
#1095=ADVANCED_FACE('',(#118),#69,.F.);
#1096=ADVANCED_FACE('',(#119),#1042,.F.);
#1097=ADVANCED_FACE('',(#120),#70,.F.);
#1098=ADVANCED_FACE('',(#121),#1043,.F.);
#1099=ADVANCED_FACE('',(#122),#71,.F.);
#1100=ADVANCED_FACE('',(#123),#1044,.T.);
#1101=ADVANCED_FACE('',(#124),#72,.F.);
#1102=ADVANCED_FACE('',(#125),#16,.T.);
#1103=ADVANCED_FACE('',(#126),#17,.T.);
#1104=ADVANCED_FACE('',(#127),#18,.T.);
#1105=ADVANCED_FACE('',(#128),#73,.T.);
#1106=ADVANCED_FACE('',(#129),#1045,.T.);
#1107=ADVANCED_FACE('',(#130),#1046,.F.);
#1108=ADVANCED_FACE('',(#131),#74,.T.);
#1109=ADVANCED_FACE('',(#132),#1047,.F.);
#1110=ADVANCED_FACE('',(#133),#1048,.F.);
#1111=ADVANCED_FACE('',(#134),#1049,.T.);
#1112=ADVANCED_FACE('',(#135),#19,.F.);
#1113=ADVANCED_FACE('',(#136),#20,.F.);
#1114=ADVANCED_FACE('',(#137),#15,.F.);
#1115=ADVANCED_FACE('',(#138),#1050,.F.);
#1116=ADVANCED_FACE('',(#139,#48,#49),#75,.T.);
#1117=ADVANCED_FACE('',(#140),#1051,.T.);
#1118=ADVANCED_FACE('',(#141),#1052,.T.);
#1119=CLOSED_SHELL('',(#1053,#1054,#1055,#1056,#1057,#1058,#1059,#1060,
#1061,#1062,#1063,#1064,#1065,#1066,#1067,#1068,#1069,#1070,#1071,#1072,
#1073,#1074,#1075,#1076,#1077,#1078,#1079,#1080,#1081,#1082,#1083,#1084,
#1085,#1086,#1087,#1088,#1089,#1090,#1091,#1092,#1093,#1094,#1095,#1096,
#1097,#1098,#1099,#1100,#1101,#1102,#1103,#1104,#1105,#1106,#1107,#1108,
#1109,#1110,#1111,#1112,#1113,#1114,#1115,#1116,#1117,#1118));
#1120=DERIVED_UNIT_ELEMENT(#1122,1.);
#1121=DERIVED_UNIT_ELEMENT(#2155,-3.);
#1122=(
MASS_UNIT()
NAMED_UNIT(*)
SI_UNIT(.KILO.,.GRAM.)
);
#1123=DERIVED_UNIT((#1120,#1121));
#1124=MEASURE_REPRESENTATION_ITEM('density measure',
POSITIVE_RATIO_MEASURE(7850.),#1123);
#1125=PROPERTY_DEFINITION_REPRESENTATION(#1130,#1127);
#1126=PROPERTY_DEFINITION_REPRESENTATION(#1131,#1128);
#1127=REPRESENTATION('material name',(#1129),#2152);
#1128=REPRESENTATION('density',(#1124),#2152);
#1129=DESCRIPTIVE_REPRESENTATION_ITEM('Steel','Steel');
#1130=PROPERTY_DEFINITION('material property','material name',#2162);
#1131=PROPERTY_DEFINITION('material property','density of part',#2162);
#1132=AXIS2_PLACEMENT_3D('',#1604,#1263,#1264);
#1133=AXIS2_PLACEMENT_3D('',#1605,#1265,#1266);
#1134=AXIS2_PLACEMENT_3D('',#1607,#1267,#1268);
#1135=AXIS2_PLACEMENT_3D('',#1610,#1270,#1271);
#1136=AXIS2_PLACEMENT_3D('',#1611,#1272,#1273);
#1137=AXIS2_PLACEMENT_3D('',#1613,#1274,#1275);
#1138=AXIS2_PLACEMENT_3D('',#1616,#1277,#1278);
#1139=AXIS2_PLACEMENT_3D('',#1617,#1279,#1280);
#1140=AXIS2_PLACEMENT_3D('',#1618,#1281,#1282);
#1141=AXIS2_PLACEMENT_3D('',#1620,#1283,#1284);
#1142=AXIS2_PLACEMENT_3D('',#1623,#1286,#1287);
#1143=AXIS2_PLACEMENT_3D('',#1624,#1288,#1289);
#1144=AXIS2_PLACEMENT_3D('',#1625,#1290,#1291);
#1145=AXIS2_PLACEMENT_3D('',#1627,#1292,#1293);
#1146=AXIS2_PLACEMENT_3D('',#1630,#1295,#1296);
#1147=AXIS2_PLACEMENT_3D('',#1631,#1297,#1298);
#1148=AXIS2_PLACEMENT_3D('',#1632,#1299,#1300);
#1149=AXIS2_PLACEMENT_3D('',#1634,#1301,#1302);
#1150=AXIS2_PLACEMENT_3D('',#1637,#1304,#1305);
#1151=AXIS2_PLACEMENT_3D('',#1638,#1306,#1307);
#1152=AXIS2_PLACEMENT_3D('',#1639,#1308,#1309);
#1153=AXIS2_PLACEMENT_3D('',#1648,#1314,#1315);
#1154=AXIS2_PLACEMENT_3D('',#1660,#1321,#1322);
#1155=AXIS2_PLACEMENT_3D('',#1664,#1324,#1325);
#1156=AXIS2_PLACEMENT_3D('',#1666,#1326,#1327);
#1157=AXIS2_PLACEMENT_3D('',#1668,#1329,#1330);
#1158=AXIS2_PLACEMENT_3D('',#1672,#1333,#1334);
#1159=AXIS2_PLACEMENT_3D('',#1684,#1341,#1342);
#1160=AXIS2_PLACEMENT_3D('',#1686,#1343,#1344);
#1161=AXIS2_PLACEMENT_3D('',#1689,#1346,#1347);
#1162=AXIS2_PLACEMENT_3D('',#1690,#1348,#1349);
#1163=AXIS2_PLACEMENT_3D('',#1691,#1350,#1351);
#1164=AXIS2_PLACEMENT_3D('',#1693,#1352,#1353);
#1165=AXIS2_PLACEMENT_3D('',#1696,#1355,#1356);
#1166=AXIS2_PLACEMENT_3D('',#1697,#1357,#1358);
#1167=AXIS2_PLACEMENT_3D('',#1698,#1359,#1360);
#1168=AXIS2_PLACEMENT_3D('',#1700,#1361,#1362);
#1169=AXIS2_PLACEMENT_3D('',#1703,#1364,#1365);
#1170=AXIS2_PLACEMENT_3D('',#1730,#1366,#1367);
#1171=AXIS2_PLACEMENT_3D('',#1821,#1368,#1369);
#1172=AXIS2_PLACEMENT_3D('',#1887,#1370,#1371);
#1173=AXIS2_PLACEMENT_3D('',#1901,#1372,#1373);
#1174=AXIS2_PLACEMENT_3D('',#1918,#1374,#1375);
#1175=AXIS2_PLACEMENT_3D('',#1919,#1376,#1377);
#1176=AXIS2_PLACEMENT_3D('',#1922,#1378,#1379);
#1177=AXIS2_PLACEMENT_3D('',#1926,#1381,#1382);
#1178=AXIS2_PLACEMENT_3D('',#1928,#1384,#1385);
#1179=AXIS2_PLACEMENT_3D('',#1931,#1386,#1387);
#1180=AXIS2_PLACEMENT_3D('',#1935,#1389,#1390);
#1181=AXIS2_PLACEMENT_3D('',#1937,#1392,#1393);
#1182=AXIS2_PLACEMENT_3D('',#1940,#1394,#1395);
#1183=AXIS2_PLACEMENT_3D('',#1944,#1397,#1398);
#1184=AXIS2_PLACEMENT_3D('',#1946,#1400,#1401);
#1185=AXIS2_PLACEMENT_3D('',#1947,#1402,#1403);
#1186=AXIS2_PLACEMENT_3D('',#1949,#1404,#1405);
#1187=AXIS2_PLACEMENT_3D('',#1951,#1407,#1408);
#1188=AXIS2_PLACEMENT_3D('',#1952,#1409,#1410);
#1189=AXIS2_PLACEMENT_3D('',#1957,#1413,#1414);
#1190=AXIS2_PLACEMENT_3D('',#1958,#1415,#1416);
#1191=AXIS2_PLACEMENT_3D('',#1963,#1420,#1421);
#1192=AXIS2_PLACEMENT_3D('',#1967,#1423,#1424);
#1193=AXIS2_PLACEMENT_3D('',#1983,#1427,#1428);
#1194=AXIS2_PLACEMENT_3D('',#1984,#1429,#1430);
#1195=AXIS2_PLACEMENT_3D('',#1991,#1432,#1433);
#1196=AXIS2_PLACEMENT_3D('',#1993,#1434,#1435);
#1197=AXIS2_PLACEMENT_3D('',#1997,#1437,#1438);
#1198=AXIS2_PLACEMENT_3D('',#2005,#1442,#1443);
#1199=AXIS2_PLACEMENT_3D('',#2009,#1445,#1446);
#1200=AXIS2_PLACEMENT_3D('',#2012,#1448,#1449);
#1201=AXIS2_PLACEMENT_3D('',#2013,#1450,#1451);
#1202=AXIS2_PLACEMENT_3D('',#2015,#1453,#1454);
#1203=AXIS2_PLACEMENT_3D('',#2019,#1457,#1458);
#1204=AXIS2_PLACEMENT_3D('',#2022,#1460,#1461);
#1205=AXIS2_PLACEMENT_3D('',#2027,#1463,#1464);
#1206=AXIS2_PLACEMENT_3D('',#2031,#1466,#1467);
#1207=AXIS2_PLACEMENT_3D('',#2034,#1469,#1470);
#1208=AXIS2_PLACEMENT_3D('',#2035,#1471,#1472);
#1209=AXIS2_PLACEMENT_3D('',#2037,#1474,#1475);
#1210=AXIS2_PLACEMENT_3D('',#2039,#1477,#1478);
#1211=AXIS2_PLACEMENT_3D('',#2040,#1479,#1480);
#1212=AXIS2_PLACEMENT_3D('',#2042,#1481,#1482);
#1213=AXIS2_PLACEMENT_3D('',#2043,#1483,#1484);
#1214=AXIS2_PLACEMENT_3D('',#2044,#1485,#1486);
#1215=AXIS2_PLACEMENT_3D('',#2047,#1488,#1489);
#1216=AXIS2_PLACEMENT_3D('',#2048,#1490,#1491);
#1217=AXIS2_PLACEMENT_3D('',#2050,#1492,#1493);
#1218=AXIS2_PLACEMENT_3D('',#2051,#1494,#1495);
#1219=AXIS2_PLACEMENT_3D('',#2053,#1497,#1498);
#1220=AXIS2_PLACEMENT_3D('',#2054,#1499,#1500);
#1221=AXIS2_PLACEMENT_3D('',#2057,#1503,#1504);
#1222=AXIS2_PLACEMENT_3D('',#2059,#1506,#1507);
#1223=AXIS2_PLACEMENT_3D('',#2062,#1510,#1511);
#1224=AXIS2_PLACEMENT_3D('',#2063,#1512,#1513);
#1225=AXIS2_PLACEMENT_3D('',#2065,#1515,#1516);
#1226=AXIS2_PLACEMENT_3D('',#2066,#1517,#1518);
#1227=AXIS2_PLACEMENT_3D('',#2068,#1520,#1521);
#1228=AXIS2_PLACEMENT_3D('',#2072,#1523,#1524);
#1229=AXIS2_PLACEMENT_3D('',#2073,#1525,#1526);
#1230=AXIS2_PLACEMENT_3D('',#2074,#1527,#1528);
#1231=AXIS2_PLACEMENT_3D('',#2088,#1529,#1530);
#1232=AXIS2_PLACEMENT_3D('',#2090,#1531,#1532);
#1233=AXIS2_PLACEMENT_3D('',#2091,#1533,#1534);
#1234=AXIS2_PLACEMENT_3D('',#2092,#1535,#1536);
#1235=AXIS2_PLACEMENT_3D('',#2095,#1537,#1538);
#1236=AXIS2_PLACEMENT_3D('',#2096,#1539,#1540);
#1237=AXIS2_PLACEMENT_3D('',#2097,#1541,#1542);
#1238=AXIS2_PLACEMENT_3D('',#2098,#1543,#1544);
#1239=AXIS2_PLACEMENT_3D('',#2099,#1545,#1546);
#1240=AXIS2_PLACEMENT_3D('',#2100,#1547,#1548);
#1241=AXIS2_PLACEMENT_3D('',#2101,#1549,#1550);
#1242=AXIS2_PLACEMENT_3D('',#2105,#1553,#1554);
#1243=AXIS2_PLACEMENT_3D('',#2107,#1555,#1556);
#1244=AXIS2_PLACEMENT_3D('',#2109,#1558,#1559);
#1245=AXIS2_PLACEMENT_3D('',#2111,#1560,#1561);
#1246=AXIS2_PLACEMENT_3D('',#2113,#1563,#1564);
#1247=AXIS2_PLACEMENT_3D('',#2115,#1566,#1567);
#1248=AXIS2_PLACEMENT_3D('',#2119,#1569,#1570);
#1249=AXIS2_PLACEMENT_3D('',#2121,#1572,#1573);
#1250=AXIS2_PLACEMENT_3D('',#2124,#1575,#1576);
#1251=AXIS2_PLACEMENT_3D('',#2125,#1577,#1578);
#1252=AXIS2_PLACEMENT_3D('',#2126,#1579,#1580);
#1253=AXIS2_PLACEMENT_3D('',#2127,#1581,#1582);
#1254=AXIS2_PLACEMENT_3D('',#2128,#1583,#1584);
#1255=AXIS2_PLACEMENT_3D('',#2129,#1585,#1586);
#1256=AXIS2_PLACEMENT_3D('',#2130,#1587,#1588);
#1257=AXIS2_PLACEMENT_3D('',#2132,#1589,#1590);
#1258=AXIS2_PLACEMENT_3D('',#2133,#1591,#1592);
#1259=AXIS2_PLACEMENT_3D('',#2143,#1593,#1594);
#1260=AXIS2_PLACEMENT_3D('',#2145,#1596,#1597);
#1261=AXIS2_PLACEMENT_3D('',#2147,#1599,#1600);
#1262=AXIS2_PLACEMENT_3D('',#2149,#1602,#1603);
#1263=DIRECTION('axis',(0.,0.,1.));
#1264=DIRECTION('refdir',(1.,0.,0.));
#1265=DIRECTION('center_axis',(-1.,0.,0.));
#1266=DIRECTION('ref_axis',(0.,-1.,0.));
#1267=DIRECTION('center_axis',(-1.,0.,0.));
#1268=DIRECTION('ref_axis',(0.,-1.,0.));
#1269=DIRECTION('',(-1.,0.,0.));
#1270=DIRECTION('center_axis',(1.,0.,0.));
#1271=DIRECTION('ref_axis',(0.,-1.,0.));
#1272=DIRECTION('center_axis',(0.,0.,1.));
#1273=DIRECTION('ref_axis',(1.,0.,0.));
#1274=DIRECTION('center_axis',(0.,-2.0044314507011E-14,1.));
#1275=DIRECTION('ref_axis',(1.,0.,0.));
#1276=DIRECTION('',(0.,0.,1.));
#1277=DIRECTION('center_axis',(0.,0.,1.));
#1278=DIRECTION('ref_axis',(1.,0.,0.));
#1279=DIRECTION('center_axis',(0.,0.,-1.));
#1280=DIRECTION('ref_axis',(1.,0.,0.));
#1281=DIRECTION('center_axis',(0.,0.,1.));
#1282=DIRECTION('ref_axis',(1.,0.,0.));
#1283=DIRECTION('center_axis',(0.,-2.0044314507011E-14,1.));
#1284=DIRECTION('ref_axis',(1.,0.,0.));
#1285=DIRECTION('',(0.,0.,1.));
#1286=DIRECTION('center_axis',(0.,0.,1.));
#1287=DIRECTION('ref_axis',(1.,0.,0.));
#1288=DIRECTION('center_axis',(0.,0.,-1.));
#1289=DIRECTION('ref_axis',(1.,0.,0.));
#1290=DIRECTION('center_axis',(0.,-1.,0.));
#1291=DIRECTION('ref_axis',(-1.,0.,0.));
#1292=DIRECTION('center_axis',(0.,-1.,-3.7720660981496E-14));
#1293=DIRECTION('ref_axis',(-1.,0.,0.));
#1294=DIRECTION('',(0.,-1.,0.));
#1295=DIRECTION('center_axis',(0.,-1.,0.));
#1296=DIRECTION('ref_axis',(-1.,0.,0.));
#1297=DIRECTION('center_axis',(0.,1.,0.));
#1298=DIRECTION('ref_axis',(-1.,0.,0.));
#1299=DIRECTION('center_axis',(0.,-1.,0.));
#1300=DIRECTION('ref_axis',(-1.,0.,0.));
#1301=DIRECTION('center_axis',(0.,-1.,-3.7720660981496E-14));
#1302=DIRECTION('ref_axis',(-1.,0.,0.));
#1303=DIRECTION('',(0.,-1.,0.));
#1304=DIRECTION('center_axis',(0.,-1.,0.));
#1305=DIRECTION('ref_axis',(-1.,0.,0.));
#1306=DIRECTION('center_axis',(0.,1.,0.));
#1307=DIRECTION('ref_axis',(-1.,0.,0.));
#1308=DIRECTION('center_axis',(0.,-1.,-3.7720660981496E-14));
#1309=DIRECTION('ref_axis',(0.,3.7720660981496E-14,-1.));
#1310=DIRECTION('',(0.,-3.7720660981496E-14,1.));
#1311=DIRECTION('',(1.,0.,0.));
#1312=DIRECTION('',(0.,3.7720660981496E-14,-1.));
#1313=DIRECTION('',(-1.,0.,0.));
#1314=DIRECTION('center_axis',(-1.,0.,0.));
#1315=DIRECTION('ref_axis',(0.,-1.,0.));
#1316=DIRECTION('',(0.,-1.,5.44406501227092E-17));
#1317=DIRECTION('',(0.,0.,-1.));
#1318=DIRECTION('',(0.,-1.,0.));
#1319=DIRECTION('',(0.,0.,1.));
#1320=DIRECTION('',(0.,-1.,5.44406501227092E-17));
#1321=DIRECTION('center_axis',(1.,0.,0.));
#1322=DIRECTION('ref_axis',(0.,-0.573576436351044,-0.819152044288993));
#1323=DIRECTION('',(0.,-0.342020143325668,0.939692620785909));
#1324=DIRECTION('center_axis',(-1.,0.,0.));
#1325=DIRECTION('ref_axis',(0.,0.713279811396852,0.700879383812701));
#1326=DIRECTION('center_axis',(-1.,0.,0.));
#1327=DIRECTION('ref_axis',(0.,0.942285458614975,0.334810565070408));
#1328=DIRECTION('',(0.,-1.,-3.76715823129133E-14));
#1329=DIRECTION('center_axis',(0.,2.89080714602141E-17,1.));
#1330=DIRECTION('ref_axis',(0.,1.,-2.89080714602141E-17));
#1331=DIRECTION('',(0.,1.,-5.44406501227092E-17));
#1332=DIRECTION('',(0.939692620785908,0.342020143325669,-9.8871427440911E-18));
#1333=DIRECTION('center_axis',(-1.,0.,0.));
#1334=DIRECTION('ref_axis',(0.,-1.,0.));
#1335=DIRECTION('',(0.,-1.,-3.76715823129133E-14));
#1336=DIRECTION('',(0.,3.77204984119828E-14,-1.));
#1337=DIRECTION('',(0.,1.,-5.44406501227092E-17));
#1338=DIRECTION('',(0.,0.,-1.));
#1339=DIRECTION('',(0.,1.,0.));
#1340=DIRECTION('',(0.,0.,1.));
#1341=DIRECTION('center_axis',(0.,0.,-1.));
#1342=DIRECTION('ref_axis',(-1.,0.,0.));
#1343=DIRECTION('center_axis',(0.,0.,-1.));
#1344=DIRECTION('ref_axis',(-1.,0.,0.));
#1345=DIRECTION('',(0.,0.,-1.));
#1346=DIRECTION('center_axis',(0.,0.,-1.));
#1347=DIRECTION('ref_axis',(-1.,0.,0.));
#1348=DIRECTION('center_axis',(0.,0.,1.));
#1349=DIRECTION('ref_axis',(-1.,0.,0.));
#1350=DIRECTION('center_axis',(0.,0.,-1.));
#1351=DIRECTION('ref_axis',(-1.,0.,0.));
#1352=DIRECTION('center_axis',(0.,0.,-1.));
#1353=DIRECTION('ref_axis',(-1.,0.,0.));
#1354=DIRECTION('',(0.,0.,-1.));
#1355=DIRECTION('center_axis',(0.,0.,-1.));
#1356=DIRECTION('ref_axis',(-1.,0.,0.));
#1357=DIRECTION('center_axis',(0.,0.,1.));
#1358=DIRECTION('ref_axis',(-1.,0.,0.));
#1359=DIRECTION('center_axis',(1.,0.,0.));
#1360=DIRECTION('ref_axis',(0.,-1.,0.));
#1361=DIRECTION('center_axis',(1.,0.,0.));
#1362=DIRECTION('ref_axis',(0.,-1.,0.));
#1363=DIRECTION('',(1.,0.,0.));
#1364=DIRECTION('center_axis',(-1.,0.,0.));
#1365=DIRECTION('ref_axis',(0.,-1.,0.));
#1366=DIRECTION('center_axis',(0.456156936189195,-0.883924377425823,0.102949232920206));
#1367=DIRECTION('ref_axis',(-0.331509360207497,-0.0614291739100812,0.941449945927844));
#1368=DIRECTION('center_axis',(0.428614730744189,-0.900676657259151,0.0712107552099338));
#1369=DIRECTION('ref_axis',(-0.23710013697846,-0.0360752434367666,0.970815173890362));
#1370=DIRECTION('center_axis',(-0.150420755878252,0.988622069448693,0.));
#1371=DIRECTION('ref_axis',(0.913669738844172,0.139016614120972,-0.381945008239095));
#1372=DIRECTION('center_axis',(0.,2.89080714602141E-17,1.));
#1373=DIRECTION('ref_axis',(-2.37324148753595E-17,-1.,2.89080714602141E-17));
#1374=DIRECTION('center_axis',(0.,0.16824671844436,-0.985744917173152));
#1375=DIRECTION('ref_axis',(0.,-0.985744917173152,-0.16824671844436));
#1376=DIRECTION('center_axis',(-1.,0.,0.));
#1377=DIRECTION('ref_axis',(0.,0.761659612302245,-0.647977341415264));
#1378=DIRECTION('center_axis',(-1.,0.,0.));
#1379=DIRECTION('ref_axis',(0.,0.761659612302245,-0.647977341415264));
#1380=DIRECTION('',(1.,0.,0.));
#1381=DIRECTION('center_axis',(1.,0.,0.));
#1382=DIRECTION('ref_axis',(0.,0.761659612302245,-0.647977341415264));
#1383=DIRECTION('',(-1.,0.,0.));
#1384=DIRECTION('center_axis',(-1.,0.,0.));
#1385=DIRECTION('ref_axis',(0.,0.713279811396852,0.700879383812701));
#1386=DIRECTION('center_axis',(-1.,0.,0.));
#1387=DIRECTION('ref_axis',(0.,0.713279811396852,0.700879383812701));
#1388=DIRECTION('',(-1.,0.,0.));
#1389=DIRECTION('center_axis',(-1.,0.,0.));
#1390=DIRECTION('ref_axis',(0.,0.713279811396852,0.700879383812701));
#1391=DIRECTION('',(-1.,0.,0.));
#1392=DIRECTION('center_axis',(-1.,0.,0.));
#1393=DIRECTION('ref_axis',(0.,0.713279811396852,0.700879383812701));
#1394=DIRECTION('center_axis',(1.,0.,0.));
#1395=DIRECTION('ref_axis',(0.,0.713279811396852,0.700879383812701));
#1396=DIRECTION('',(-1.,0.,0.));
#1397=DIRECTION('center_axis',(1.,0.,0.));
#1398=DIRECTION('ref_axis',(0.,0.713279811396852,0.700879383812701));
#1399=DIRECTION('',(-1.,0.,0.));
#1400=DIRECTION('center_axis',(-1.,0.,0.));
#1401=DIRECTION('ref_axis',(0.,-0.713279811396847,-0.700879383812706));
#1402=DIRECTION('center_axis',(1.,0.,0.));
#1403=DIRECTION('ref_axis',(0.,-0.713279811396847,-0.700879383812706));
#1404=DIRECTION('center_axis',(-1.,0.,0.));
#1405=DIRECTION('ref_axis',(0.,-0.713279811396847,-0.700879383812706));
#1406=DIRECTION('',(-1.,0.,0.));
#1407=DIRECTION('center_axis',(-1.,0.,0.));
#1408=DIRECTION('ref_axis',(0.,-0.713279811396847,-0.700879383812706));
#1409=DIRECTION('center_axis',(-1.,0.,0.));
#1410=DIRECTION('ref_axis',(0.,-0.713279811396847,-0.700879383812706));
#1411=DIRECTION('',(-1.,0.,0.));
#1412=DIRECTION('',(-1.,0.,0.));
#1413=DIRECTION('center_axis',(-1.,0.,0.));
#1414=DIRECTION('ref_axis',(0.,-0.713279811396847,-0.700879383812706));
#1415=DIRECTION('center_axis',(0.,2.89080714602141E-17,1.));
#1416=DIRECTION('ref_axis',(0.,1.,-2.89080714602141E-17));
#1417=DIRECTION('',(-0.364117439092463,0.931353042915922,-2.69236203193013E-17));
#1418=DIRECTION('',(-1.,0.,0.));
#1419=DIRECTION('',(-0.939692620785908,-0.342020143325669,9.88714274409109E-18));
#1420=DIRECTION('center_axis',(0.,2.89080714602141E-17,1.));
#1421=DIRECTION('ref_axis',(0.382683432365095,-0.923879532511285,2.67075755464654E-17));
#1422=DIRECTION('',(-0.707106781186548,0.707106781186548,2.66919761300956E-14));
#1423=DIRECTION('center_axis',(0.,-2.89080714602141E-17,-1.));
#1424=DIRECTION('ref_axis',(0.,1.,-2.89080714602141E-17));
#1425=DIRECTION('',(0.707106781186547,0.707106781186547,-1.10358238079902E-14));
#1426=DIRECTION('',(-0.707106781186548,0.707106781186548,2.66919761300956E-14));
#1427=DIRECTION('center_axis',(-4.66503266167324E-16,3.6584791604409E-14,
-1.));
#1428=DIRECTION('ref_axis',(-8.62072585021432E-15,-1.,-3.6584791604409E-14));
#1429=DIRECTION('center_axis',(1.,0.,0.));
#1430=DIRECTION('ref_axis',(0.,-0.573576436351044,-0.819152044288993));
#1431=DIRECTION('',(1.,0.,0.));
#1432=DIRECTION('center_axis',(0.,0.939692620785909,0.342020143325668));
#1433=DIRECTION('ref_axis',(0.,0.342020143325668,-0.939692620785909));
#1434=DIRECTION('center_axis',(0.,-0.939692620785909,-0.342020143325668));
#1435=DIRECTION('ref_axis',(-0.910613224681071,-0.141343131641679,0.388337062580517));
#1436=DIRECTION('',(0.752639441871677,-0.225197311383548,0.618724527948191));
#1437=DIRECTION('center_axis',(0.,-0.939692620785909,-0.342020143325668));
#1438=DIRECTION('ref_axis',(1.,0.,0.));
#1439=DIRECTION('',(0.,-0.342020143325668,0.939692620785909));
#1440=DIRECTION('',(-1.,0.,0.));
#1441=DIRECTION('',(-0.752639441871678,0.225197311383547,-0.61872452794819));
#1442=DIRECTION('center_axis',(0.,0.939692620785909,0.342020143325668));
#1443=DIRECTION('ref_axis',(-0.936119501418396,0.120282352329132,-0.330473046983175));
#1444=DIRECTION('',(1.,8.43144749586583E-33,-2.31652116082087E-32));
#1445=DIRECTION('center_axis',(0.,0.939692620785909,0.342020143325668));
#1446=DIRECTION('ref_axis',(0.707106781186549,0.241844762647974,-0.664463024388673));
#1447=DIRECTION('',(-3.88717870024369E-16,-0.342020143325668,0.939692620785909));
#1448=DIRECTION('center_axis',(0.,0.939692620785909,0.342020143325668));
#1449=DIRECTION('ref_axis',(0.413259670226774,-0.311448065619668,0.855696527622863));
#1450=DIRECTION('center_axis',(0.,0.939692620785909,0.342020143325668));
#1451=DIRECTION('ref_axis',(-0.910613224681071,-0.141343131641679,0.388337062580517));
#1452=DIRECTION('',(0.,0.939692620785909,0.342020143325667));
#1453=DIRECTION('center_axis',(0.658432889928116,0.257417849781502,-0.70724972963924));
#1454=DIRECTION('ref_axis',(-0.752639441871677,0.225197311383547,-0.618724527948191));
#1455=DIRECTION('',(-0.752639441871677,0.225197311383547,-0.618724527948191));
#1456=DIRECTION('',(0.,-0.939692620785909,-0.342020143325667));
#1457=DIRECTION('center_axis',(0.,-0.939692620785909,-0.342020143325667));
#1458=DIRECTION('ref_axis',(0.,-0.342020143325667,0.939692620785909));
#1459=DIRECTION('',(0.,-0.342020143325667,0.939692620785909));
#1460=DIRECTION('center_axis',(0.,0.939692620785909,0.342020143325667));
#1461=DIRECTION('ref_axis',(1.,0.,0.));
#1462=DIRECTION('',(0.752639441871678,-0.225197311383547,0.61872452794819));
#1463=DIRECTION('center_axis',(0.,-0.939692620785909,-0.342020143325667));
#1464=DIRECTION('ref_axis',(0.413259670226774,-0.311448065619668,0.855696527622863));
#1465=DIRECTION('',(3.88717870024369E-16,0.342020143325667,-0.939692620785909));
#1466=DIRECTION('center_axis',(0.,-0.939692620785909,-0.342020143325667));
#1467=DIRECTION('ref_axis',(0.707106781186549,0.241844762647974,-0.664463024388674));
#1468=DIRECTION('',(-1.,-8.43144749586581E-33,2.31652116082087E-32));
#1469=DIRECTION('center_axis',(0.,-0.939692620785909,-0.342020143325667));
#1470=DIRECTION('ref_axis',(-0.936119501418396,0.120282352329131,-0.330473046983175));
#1471=DIRECTION('center_axis',(0.342020143325669,-0.939692620785908,0.));
#1472=DIRECTION('ref_axis',(-0.939692620785908,-0.342020143325669,0.));
#1473=DIRECTION('',(-0.939692620785908,-0.342020143325669,0.));
#1474=DIRECTION('center_axis',(-0.342020143325669,0.939692620785908,0.));
#1475=DIRECTION('ref_axis',(0.939692620785908,0.342020143325669,0.));
#1476=DIRECTION('',(0.939692620785908,0.342020143325669,0.));
#1477=DIRECTION('center_axis',(0.,0.,-1.));
#1478=DIRECTION('ref_axis',(-1.,0.,0.));
#1479=DIRECTION('center_axis',(-1.,0.,0.));
#1480=DIRECTION('ref_axis',(0.,-1.,0.));
#1481=DIRECTION('center_axis',(1.,0.,0.));
#1482=DIRECTION('ref_axis',(0.,0.942285458614975,0.334810565070408));
#1483=DIRECTION('center_axis',(1.,0.,0.));
#1484=DIRECTION('ref_axis',(0.,-0.456581823797934,-0.889681425105275));
#1485=DIRECTION('center_axis',(-1.,0.,0.));
#1486=DIRECTION('ref_axis',(0.,-0.456581823797934,-0.889681425105275));
#1487=DIRECTION('',(-1.,0.,0.));
#1488=DIRECTION('center_axis',(-1.,0.,0.));
#1489=DIRECTION('ref_axis',(0.,-0.456581823797934,-0.889681425105275));
#1490=DIRECTION('center_axis',(-1.,0.,0.));
#1491=DIRECTION('ref_axis',(0.,0.942285458614975,0.334810565070408));
#1492=DIRECTION('center_axis',(-1.,0.,0.));
#1493=DIRECTION('ref_axis',(0.,0.942285458614975,0.334810565070408));
#1494=DIRECTION('center_axis',(-1.,0.,0.));
#1495=DIRECTION('ref_axis',(0.,0.942285458614975,0.334810565070408));
#1496=DIRECTION('',(-1.,0.,0.));
#1497=DIRECTION('center_axis',(-1.,0.,0.));
#1498=DIRECTION('ref_axis',(0.,-1.,0.));
#1499=DIRECTION('center_axis',(-4.63693926051068E-16,0.939692620785909,
0.342020143325667));
#1500=DIRECTION('ref_axis',(-0.936119501418396,0.120282352329131,-0.330473046983175));
#1501=DIRECTION('',(-4.63693926051068E-16,0.939692620785909,0.342020143325667));
#1502=DIRECTION('',(4.63693926051068E-16,-0.939692620785909,-0.342020143325667));
#1503=DIRECTION('center_axis',(-2.46519032881566E-32,0.342020143325667,
-0.939692620785909));
#1504=DIRECTION('ref_axis',(-1.,-2.33633432291439E-16,-8.50356150835315E-17));
#1505=DIRECTION('',(3.49676543189026E-16,-0.939692620785909,-0.342020143325667));
#1506=DIRECTION('center_axis',(-3.49676543189026E-16,0.939692620785909,
0.342020143325667));
#1507=DIRECTION('ref_axis',(0.413259670226774,-0.311448065619668,0.855696527622863));
#1508=DIRECTION('',(-3.49676543189026E-16,0.939692620785909,0.342020143325667));
#1509=DIRECTION('',(3.49676543189026E-16,-0.939692620785909,-0.342020143325667));
#1510=DIRECTION('center_axis',(-0.658432889928115,-0.257417849781502,0.707249729639241));
#1511=DIRECTION('ref_axis',(0.752639441871678,-0.225197311383547,0.61872452794819));
#1512=DIRECTION('center_axis',(-3.49676543189026E-16,0.939692620785909,
0.342020143325667));
#1513=DIRECTION('ref_axis',(0.707106781186549,0.241844762647974,-0.664463024388674));
#1514=DIRECTION('',(-3.49676543189026E-16,0.939692620785909,0.342020143325667));
#1515=DIRECTION('center_axis',(1.,1.9563912567767E-16,4.8487173544865E-16));
#1516=DIRECTION('ref_axis',(3.88717870024369E-16,0.342020143325667,-0.939692620785909));
#1517=DIRECTION('center_axis',(0.,-0.939692620785909,-0.342020143325668));
#1518=DIRECTION('ref_axis',(1.,0.,0.));
#1519=DIRECTION('',(0.,0.939692620785909,0.342020143325667));
#1520=DIRECTION('center_axis',(-1.,0.,0.));
#1521=DIRECTION('ref_axis',(0.,-1.,0.));
#1522=DIRECTION('',(0.,-1.,-2.0044314507011E-14));
#1523=DIRECTION('center_axis',(-1.,0.,0.));
#1524=DIRECTION('ref_axis',(0.,0.942285458614975,0.334810565070408));
#1525=DIRECTION('center_axis',(-1.,0.,0.));
#1526=DIRECTION('ref_axis',(0.,0.713279811396852,0.700879383812701));
#1527=DIRECTION('center_axis',(0.707106781186548,-0.707106781186548,-2.66724202168494E-14));
#1528=DIRECTION('ref_axis',(-3.76716913531914E-14,0.,-1.));
#1529=DIRECTION('center_axis',(0.707106781186548,-0.707106781186548,-2.66724202168494E-14));
#1530=DIRECTION('ref_axis',(0.707003086376203,0.707003086376204,-0.0171251776354086));
#1531=DIRECTION('center_axis',(0.236746820974168,0.236746820974203,-0.942285458614975));
#1532=DIRECTION('ref_axis',(-0.666296437600134,-0.666296437600116,-0.334810565070408));
#1533=DIRECTION('center_axis',(-0.707106781186548,0.707106781186548,2.66724202168494E-14));
#1534=DIRECTION('ref_axis',(0.707003086376204,0.707003086376204,-0.0171251776354086));
#1535=DIRECTION('center_axis',(0.707106781186548,-0.707106781186548,-2.66724202168494E-14));
#1536=DIRECTION('ref_axis',(-3.74417729023279E-14,0.,-1.));
#1537=DIRECTION('center_axis',(0.495596565087783,0.495596565087809,-0.713279811396871));
#1538=DIRECTION('ref_axis',(-0.504364991522207,-0.504364991522171,-0.700879383812681));
#1539=DIRECTION('center_axis',(-0.707106781186548,0.707106781186548,2.66724202168494E-14));
#1540=DIRECTION('ref_axis',(0.59946880061902,0.599468800619,0.530353009012687));
#1541=DIRECTION('center_axis',(0.707106781186548,-0.707106781186548,-2.66724202168494E-14));
#1542=DIRECTION('ref_axis',(0.59946880061902,0.599468800619,0.530353009012687));
#1543=DIRECTION('center_axis',(-0.707106781186548,0.707106781186548,2.66724202168494E-14));
#1544=DIRECTION('ref_axis',(3.80448078989659E-14,0.,1.));
#1545=DIRECTION('center_axis',(0.707106781186548,-0.707106781186548,-2.66724202168494E-14));
#1546=DIRECTION('ref_axis',(-0.533238267084452,-0.533238267084427,-0.656744928441452));
#1547=DIRECTION('center_axis',(-0.707106781186548,0.707106781186548,2.66724202168494E-14));
#1548=DIRECTION('ref_axis',(-0.533238267084452,-0.533238267084427,-0.656744928441452));
#1549=DIRECTION('center_axis',(-0.707106781186548,0.707106781186548,2.66724202168494E-14));
#1550=DIRECTION('ref_axis',(-0.707106781186548,-0.707106781186548,1.10766542955822E-14));
#1551=DIRECTION('',(-1.30702754307384E-30,-3.77204984119828E-14,1.));
#1552=DIRECTION('',(-0.707106781186547,-0.707106781186547,-2.6594928017331E-14));
#1553=DIRECTION('center_axis',(-3.15544362088405E-30,3.77204984119828E-14,
-1.));
#1554=DIRECTION('ref_axis',(1.20788499812831E-46,1.,3.77204984119828E-14));
#1555=DIRECTION('center_axis',(0.,-2.0044314507011E-14,1.));
#1556=DIRECTION('ref_axis',(0.,1.,2.0044314507011E-14));
#1557=DIRECTION('',(-5.38667920286299E-30,3.77204984119828E-14,-1.));
#1558=DIRECTION('center_axis',(0.,-3.77204984119828E-14,1.));
#1559=DIRECTION('ref_axis',(0.382683432365095,-0.923879532511285,-3.48491964389553E-14));
#1560=DIRECTION('center_axis',(0.,2.0044314507011E-14,-1.));
#1561=DIRECTION('ref_axis',(0.382683432365095,-0.923879532511285,-1.85185319162465E-14));
#1562=DIRECTION('',(0.,-3.77204984119828E-14,1.));
#1563=DIRECTION('center_axis',(0.707106781186548,0.707106781186548,2.66724202168494E-14));
#1564=DIRECTION('ref_axis',(-3.78653234506086E-29,3.77204984119828E-14,
-1.));
#1565=DIRECTION('',(-0.707106781186548,0.707106781186548,2.66919761300956E-14));
#1566=DIRECTION('center_axis',(-0.707106781186548,0.707106781186548,2.66919761300956E-14));
#1567=DIRECTION('ref_axis',(0.504364991522198,0.504364991522172,0.700879383812688));
#1568=DIRECTION('',(-0.707106781186548,0.707106781186548,2.66919761300956E-14));
#1569=DIRECTION('center_axis',(0.707106781186548,-0.707106781186548,-2.66724202168494E-14));
#1570=DIRECTION('ref_axis',(0.504364991522198,0.504364991522172,0.700879383812688));
#1571=DIRECTION('',(-0.707106781186548,0.707106781186548,2.66919761300956E-14));
#1572=DIRECTION('center_axis',(-0.707106781186548,0.707106781186548,2.66919761300956E-14));
#1573=DIRECTION('ref_axis',(0.666296437600134,0.666296437600121,0.334810565070397));
#1574=DIRECTION('',(-0.707106781186548,0.707106781186548,2.66919761300956E-14));
#1575=DIRECTION('center_axis',(0.707106781186548,-0.707106781186548,-2.66724202168494E-14));
#1576=DIRECTION('ref_axis',(0.666296437600134,0.666296437600121,0.334810565070397));
#1577=DIRECTION('center_axis',(-0.707106781186548,0.707106781186548,2.66919761300956E-14));
#1578=DIRECTION('ref_axis',(-0.504364991522191,-0.504364991522165,-0.700879383812698));
#1579=DIRECTION('center_axis',(-0.707106781186548,0.707106781186548,2.66724202168494E-14));
#1580=DIRECTION('ref_axis',(-0.504364991522191,-0.504364991522165,-0.700879383812698));
#1581=DIRECTION('center_axis',(0.,3.75008666095611E-14,-1.));
#1582=DIRECTION('ref_axis',(-1.,0.,0.));
#1583=DIRECTION('center_axis',(-2.71165454697951E-16,3.75969113492454E-14,
-1.));
#1584=DIRECTION('ref_axis',(-1.05445866488138E-14,-1.,-3.75969113492454E-14));
#1585=DIRECTION('center_axis',(-5.12953321350703E-16,3.6062488473963E-14,
-1.));
#1586=DIRECTION('ref_axis',(6.72318221509014E-15,-1.,-3.6062488473963E-14));
#1587=DIRECTION('center_axis',(0.,3.75008666095611E-14,-1.));
#1588=DIRECTION('ref_axis',(-1.,0.,0.));
#1589=DIRECTION('center_axis',(1.,0.,0.));
#1590=DIRECTION('ref_axis',(0.,0.942285458614975,0.334810565070407));
#1591=DIRECTION('center_axis',(6.34867852567754E-15,5.69278943053426E-14,
-1.));
#1592=DIRECTION('ref_axis',(6.092300283142E-15,-1.,-5.69278943053426E-14));
#1593=DIRECTION('center_axis',(-1.,0.,0.));
#1594=DIRECTION('ref_axis',(0.,0.942285458614975,0.334810565070408));
#1595=DIRECTION('',(-1.,0.,0.));
#1596=DIRECTION('center_axis',(0.,2.0044314507011E-14,-1.));
#1597=DIRECTION('ref_axis',(0.,-1.,-2.0044314507011E-14));
#1598=DIRECTION('',(-1.,0.,0.));
#1599=DIRECTION('center_axis',(-1.,0.,0.));
#1600=DIRECTION('ref_axis',(0.,0.942285458614975,0.334810565070408));
#1601=DIRECTION('',(-1.,0.,0.));
#1602=DIRECTION('center_axis',(-1.,0.,0.));
#1603=DIRECTION('ref_axis',(0.,0.713279811396852,0.700879383812701));
#1604=CARTESIAN_POINT('',(0.,0.,0.));
#1605=CARTESIAN_POINT('Origin',(-72.2625,-74.7394625938542,0.003612746546095));
#1606=CARTESIAN_POINT('',(-104.0125,-73.2894625938542,0.00361274654609482));
#1607=CARTESIAN_POINT('Origin',(-104.0125,-74.7394625938542,0.003612746546095));
#1608=CARTESIAN_POINT('',(-110.0125,-73.2894625938542,0.00361274654609518));
#1609=CARTESIAN_POINT('',(-72.2625,-73.2894625938542,0.00361274654609482));
#1610=CARTESIAN_POINT('Origin',(-110.0125,-74.7394625938542,0.003612746546095));
#1611=CARTESIAN_POINT('Origin',(-106.417343014284,-33.7113696655124,-19.));
#1612=CARTESIAN_POINT('',(-108.517343014284,-33.7113696655124,-17.9999999999999));
#1613=CARTESIAN_POINT('Origin',(-106.417343014284,-33.7113696655124,-17.9999999999999));
#1614=CARTESIAN_POINT('',(-108.517343014284,-33.7113696655124,-4.00000000000001));
#1615=CARTESIAN_POINT('',(-108.517343014284,-33.7113696655124,-19.));
#1616=CARTESIAN_POINT('Origin',(-106.417343014284,-33.7113696655124,-4.00000000000001));
#1617=CARTESIAN_POINT('Origin',(-106.417343014284,-33.7113696655124,-4.00000000000001));
#1618=CARTESIAN_POINT('Origin',(-106.417343014284,-47.6342244757565,-19.));
#1619=CARTESIAN_POINT('',(-108.517343014284,-47.6342244757565,-17.9999999999999));
#1620=CARTESIAN_POINT('Origin',(-106.417343014284,-47.6342244757565,-17.9999999999999));
#1621=CARTESIAN_POINT('',(-108.517343014284,-47.6342244757565,-4.00000000000001));
#1622=CARTESIAN_POINT('',(-108.517343014284,-47.6342244757565,-19.));
#1623=CARTESIAN_POINT('Origin',(-106.417343014284,-47.6342244757565,-4.00000000000001));
#1624=CARTESIAN_POINT('Origin',(-106.417343014284,-47.6342244757565,-4.00000000000001));
#1625=CARTESIAN_POINT('Origin',(-107.146202110227,37.5212394364815,13.8413028573652));
#1626=CARTESIAN_POINT('',(-105.046202110227,35.5212394364809,13.8413028573652));
#1627=CARTESIAN_POINT('Origin',(-107.146202110227,35.5212394364809,13.8413028573652));
#1628=CARTESIAN_POINT('',(-105.046202110227,22.5212394364815,13.8413028573652));
#1629=CARTESIAN_POINT('',(-105.046202110227,37.5212394364815,13.8413028573652));
#1630=CARTESIAN_POINT('Origin',(-107.146202110227,22.5212394364815,13.8413028573652));
#1631=CARTESIAN_POINT('Origin',(-107.146202110227,22.5212394364815,13.8413028573652));
#1632=CARTESIAN_POINT('Origin',(-107.146202110227,37.5212394364815,-13.3532972796494));
#1633=CARTESIAN_POINT('',(-105.046202110227,35.5212394364809,-13.3532972796494));
#1634=CARTESIAN_POINT('Origin',(-107.146202110227,35.5212394364809,-13.3532972796494));
#1635=CARTESIAN_POINT('',(-105.046202110227,22.5212394364815,-13.3532972796494));
#1636=CARTESIAN_POINT('',(-105.046202110227,37.5212394364815,-13.3532972796494));
#1637=CARTESIAN_POINT('Origin',(-107.146202110227,22.5212394364815,-13.3532972796494));
#1638=CARTESIAN_POINT('Origin',(-107.146202110227,22.5212394364815,-13.3532972796494));
#1639=CARTESIAN_POINT('Origin',(-110.0125,35.5212394364809,18.));
#1640=CARTESIAN_POINT('',(-104.0125,35.5212394364822,-17.9999999999943));
#1641=CARTESIAN_POINT('',(-104.0125,35.5212394364809,18.));
#1642=CARTESIAN_POINT('',(-104.0125,35.5212394364812,9.0000000000012));
#1643=CARTESIAN_POINT('',(-110.0125,35.5212394364822,-17.9999999999943));
#1644=CARTESIAN_POINT('',(-91.1374999999999,35.5212394364822,-17.999999999997));
#1645=CARTESIAN_POINT('',(-110.0125,35.5212394364809,18.));
#1646=CARTESIAN_POINT('',(-110.0125,35.5212394364812,9.0000000000012));
#1647=CARTESIAN_POINT('',(-91.1374999999999,35.5212394364809,18.));
#1648=CARTESIAN_POINT('Origin',(-104.0125,-27.8436908519804,2.22044604925031E-15));
#1649=CARTESIAN_POINT('',(-104.0125,23.648345062048,18.));
#1650=CARTESIAN_POINT('',(-104.0125,44.7294,18.));
#1651=CARTESIAN_POINT('',(-104.0125,23.648345062048,16.));
#1652=CARTESIAN_POINT('',(-104.0125,23.6483450620481,8.99999999999999));
#1653=CARTESIAN_POINT('',(-104.0125,-30.7435549379518,16.));
#1654=CARTESIAN_POINT('',(-104.0125,-13.3525895118774,16.));
#1655=CARTESIAN_POINT('',(-104.0125,-30.7435549379518,18.));
#1656=CARTESIAN_POINT('',(-104.0125,-30.7435549379518,8.99999999999999));
#1657=CARTESIAN_POINT('',(-104.0125,-107.373690422467,18.));
#1658=CARTESIAN_POINT('',(-104.0125,44.7294,18.));
#1659=CARTESIAN_POINT('',(-104.0125,-111.132460905611,20.6319194266973));
#1660=CARTESIAN_POINT('Origin',(-104.0125,-107.373690422467,22.));
#1661=CARTESIAN_POINT('',(-104.0125,-110.174520575306,18.));
#1662=CARTESIAN_POINT('',(-104.0125,-108.547655700948,13.5302254931966));
#1663=CARTESIAN_POINT('',(-104.0125,-109.333939066278,16.1249794123121));
#1664=CARTESIAN_POINT('Origin',(-104.0125,-121.44230720948,11.8226636511574));
#1665=CARTESIAN_POINT('',(-104.0125,-109.085396553908,-17.9999999999999));
#1666=CARTESIAN_POINT('Origin',(-104.0125,-158.361857002068,-1.29550050513803));
#1667=CARTESIAN_POINT('',(-104.0125,44.729385240537,-17.9999999999939));
#1668=CARTESIAN_POINT('Origin',(-72.2625,-118.416781703961,18.));
#1669=CARTESIAN_POINT('',(-110.0125,21.4645236564509,18.));
#1670=CARTESIAN_POINT('',(-110.0125,44.7294,18.));
#1671=CARTESIAN_POINT('',(-115.823948046178,19.3493295496577,18.));
#1672=CARTESIAN_POINT('Origin',(-110.0125,-27.8436908519804,2.22044604925031E-15));
#1673=CARTESIAN_POINT('',(-110.0125,-102.931879888185,-17.9999999999995));
#1674=CARTESIAN_POINT('',(-110.0125,44.729385240537,-17.9999999999939));
#1675=CARTESIAN_POINT('',(-110.0125,-102.931879888187,18.));
#1676=CARTESIAN_POINT('',(-110.0125,-102.931879888186,8.99999999999872));
#1677=CARTESIAN_POINT('',(-110.0125,-32.9273763435492,18.));
#1678=CARTESIAN_POINT('',(-110.0125,44.7294,18.));
#1679=CARTESIAN_POINT('',(-110.0125,-32.9273763435492,16.));
#1680=CARTESIAN_POINT('',(-110.0125,-32.9273763435492,8.99999999999999));
#1681=CARTESIAN_POINT('',(-110.0125,21.4645236564509,16.));
#1682=CARTESIAN_POINT('',(-110.0125,-13.3525895118774,16.));
#1683=CARTESIAN_POINT('',(-110.0125,21.4645236564509,8.99999999999999));
#1684=CARTESIAN_POINT('Origin',(-106.706142600672,17.7997650224865,18.));
#1685=CARTESIAN_POINT('',(-104.406142600672,17.7997650224865,16.));
#1686=CARTESIAN_POINT('Origin',(-106.706142600672,17.7997650224865,16.));
#1687=CARTESIAN_POINT('',(-104.406142600672,17.7997650224865,2.99999999999998));
#1688=CARTESIAN_POINT('',(-104.406142600672,17.7997650224865,18.));
#1689=CARTESIAN_POINT('Origin',(-106.706142600672,17.7997650224865,2.99999999999998));
#1690=CARTESIAN_POINT('Origin',(-106.706142600672,17.7997650224865,2.99999999999998));
#1691=CARTESIAN_POINT('Origin',(-106.706142600672,-26.0574381717746,18.));
#1692=CARTESIAN_POINT('',(-104.406142600672,-26.0574381717746,16.));
#1693=CARTESIAN_POINT('Origin',(-106.706142600672,-26.0574381717746,16.));
#1694=CARTESIAN_POINT('',(-104.406142600672,-26.0574381717746,2.99999999999998));
#1695=CARTESIAN_POINT('',(-104.406142600672,-26.0574381717746,18.));
#1696=CARTESIAN_POINT('Origin',(-106.706142600672,-26.0574381717746,2.99999999999998));
#1697=CARTESIAN_POINT('Origin',(-106.706142600672,-26.0574381717746,2.99999999999998));
#1698=CARTESIAN_POINT('Origin',(-100.4819,-117.75839998206,-2.00791094101392));
#1699=CARTESIAN_POINT('',(-100.4819,-115.01853946678,-2.00791094101392));
#1700=CARTESIAN_POINT('Origin',(-100.4819,-117.75839998206,-2.00791094101392));
#1701=CARTESIAN_POINT('',(-81.7875,-115.01853946678,-2.00791094101392));
#1702=CARTESIAN_POINT('',(-100.4819,-115.01853946678,-2.00791094101392));
#1703=CARTESIAN_POINT('Origin',(-81.7875,-117.75839998206,-2.00791094101392));
#1704=CARTESIAN_POINT('Ctrl Pts',(-108.640631559713,-118.694174586229,19.171001081443));
#1705=CARTESIAN_POINT('Ctrl Pts',(-108.644075724556,-118.68908997389,19.1696452923972));
#1706=CARTESIAN_POINT('Ctrl Pts',(-108.647521386952,-118.68400854523,19.1682881525213));
#1707=CARTESIAN_POINT('Ctrl Pts',(-109.846988743853,-116.905553836506,18.6976374595994));
#1708=CARTESIAN_POINT('Ctrl Pts',(-110.8396462759,-114.983252873683,18.4140146548911));
#1709=CARTESIAN_POINT('Ctrl Pts',(-111.714848876285,-113.015921182339,18.2342002162886));
#1710=CARTESIAN_POINT('Ctrl Pts',(-108.640631559713,-118.694174586229,19.171001081443));
#1711=CARTESIAN_POINT('Ctrl Pts',(-108.644168766828,-118.689177421093,19.1695268440477));
#1712=CARTESIAN_POINT('Ctrl Pts',(-108.647660476154,-118.684223837102,19.1680545592967));
#1713=CARTESIAN_POINT('Ctrl Pts',(-109.876676113539,-116.941055588275,18.6584994240548));
#1714=CARTESIAN_POINT('Ctrl Pts',(-110.917982736181,-115.038486401322,18.3622499645521));
#1715=CARTESIAN_POINT('Ctrl Pts',(-111.839052804062,-113.085641348812,18.1859155283342));
#1716=CARTESIAN_POINT('Ctrl Pts',(-108.640631559713,-118.694174586229,19.171001081443));
#1717=CARTESIAN_POINT('Ctrl Pts',(-108.644230337573,-118.689317478023,19.1694185465771));
#1718=CARTESIAN_POINT('Ctrl Pts',(-108.647851910094,-118.684400441016,19.1678366027162));
#1719=CARTESIAN_POINT('Ctrl Pts',(-109.904875851331,-116.977377602437,18.6188823346095));
#1720=CARTESIAN_POINT('Ctrl Pts',(-110.986029160538,-115.092600181361,18.2983568719819));
#1721=CARTESIAN_POINT('Ctrl Pts',(-111.95173724948,-113.153194991304,18.1051910802902));
#1722=CARTESIAN_POINT('Ctrl Pts',(-108.640631559713,-118.694174586229,19.171001081443));
#1723=CARTESIAN_POINT('Ctrl Pts',(-108.644319269196,-118.689398276355,19.1693063451358));
#1724=CARTESIAN_POINT('Ctrl Pts',(-108.648006906756,-118.684626789671,19.1676099202909));
#1725=CARTESIAN_POINT('Ctrl Pts',(-109.933736308642,-117.012318296108,18.5792965541236));
#1726=CARTESIAN_POINT('Ctrl Pts',(-111.045849451205,-115.141773262548,18.2247680482531));
#1727=CARTESIAN_POINT('Ctrl Pts',(-112.041772406006,-113.211909858211,18.));
#1728=CARTESIAN_POINT('',(-111.71538551128,-113.016021519366,18.2356998750049));
#1729=CARTESIAN_POINT('',(-112.041772406006,-113.211909858211,18.));
#1730=CARTESIAN_POINT('Origin',(-111.383339516078,-112.954492008429,17.2927502703608));
#1731=CARTESIAN_POINT('',(-108.640631559713,-118.694174586229,19.171001081443));
#1732=CARTESIAN_POINT('Ctrl Pts',(-112.041772406006,-113.211909858211,18.));
#1733=CARTESIAN_POINT('Ctrl Pts',(-111.045849451205,-115.141773262548,18.2247680482531));
#1734=CARTESIAN_POINT('Ctrl Pts',(-109.933736308642,-117.012318296108,18.5792965541236));
#1735=CARTESIAN_POINT('Ctrl Pts',(-108.648006906756,-118.684626789671,19.1676099202909));
#1736=CARTESIAN_POINT('Ctrl Pts',(-108.644319269196,-118.689398276355,19.1693063451358));
#1737=CARTESIAN_POINT('Ctrl Pts',(-108.640631559713,-118.694174586229,19.171001081443));
#1738=CARTESIAN_POINT('Ctrl Pts',(-108.640631559713,-118.694174586229,19.1710010814431));
#1739=CARTESIAN_POINT('Ctrl Pts',(-108.644075724556,-118.68908997389,19.1696452923973));
#1740=CARTESIAN_POINT('Ctrl Pts',(-108.647520619962,-118.684008246267,19.168287325979));
#1741=CARTESIAN_POINT('Ctrl Pts',(-108.650957379754,-118.678914916394,19.1669406571779));
#1742=CARTESIAN_POINT('Ctrl Pts',(-108.727536972032,-118.565422805058,19.1369335126743));
#1743=CARTESIAN_POINT('Ctrl Pts',(-108.803657407876,-118.451000896628,19.1074576316582));
#1744=CARTESIAN_POINT('Ctrl Pts',(-108.879198637195,-118.335823217794,19.0786201436029));
#1745=CARTESIAN_POINT('Ctrl Pts',(-108.956530647621,-118.217915135801,19.0490990337792));
#1746=CARTESIAN_POINT('Ctrl Pts',(-109.033255280666,-118.099214851218,19.0202467077948));
#1747=CARTESIAN_POINT('Ctrl Pts',(-109.109259896232,-117.979873824522,18.9921381596317));
#1748=CARTESIAN_POINT('Ctrl Pts',(-109.186895940474,-117.857971159014,18.9634262653275));
#1749=CARTESIAN_POINT('Ctrl Pts',(-109.263780352129,-117.735399781464,18.9354901240465));
#1750=CARTESIAN_POINT('Ctrl Pts',(-109.339815600796,-117.612287445891,18.9083726242915));
#1751=CARTESIAN_POINT('Ctrl Pts',(-109.417291850303,-117.48684191641,18.880741200526));
#1752=CARTESIAN_POINT('Ctrl Pts',(-109.493886120856,-117.360834575438,18.8539594023532));
#1753=CARTESIAN_POINT('Ctrl Pts',(-109.569523742784,-117.23436849516,18.8280394833708));
#1754=CARTESIAN_POINT('Ctrl Pts',(-109.646438518754,-117.105767013721,18.8016819021712));
#1755=CARTESIAN_POINT('Ctrl Pts',(-109.722363812024,-116.97669103386,18.7762151913173));
#1756=CARTESIAN_POINT('Ctrl Pts',(-109.797254757738,-116.847218322703,18.7516236976605));
#1757=CARTESIAN_POINT('Ctrl Pts',(-109.873886796016,-116.714735581796,18.7264604918118));
#1758=CARTESIAN_POINT('Ctrl Pts',(-109.949435601105,-116.581837367789,18.7022133248127));
#1759=CARTESIAN_POINT('Ctrl Pts',(-110.023891860794,-116.448576838372,18.6788411951228));
#1760=CARTESIAN_POINT('Ctrl Pts',(-110.099351813524,-116.313519916461,18.6551540020116));
#1761=CARTESIAN_POINT('Ctrl Pts',(-110.173689461206,-116.178090742153,18.6323652159618));
#1762=CARTESIAN_POINT('Ctrl Pts',(-110.24693695888,-116.04231550189,18.6104131759568));
#1763=CARTESIAN_POINT('Ctrl Pts',(-110.321131321087,-115.904785105977,18.5881773636899));
#1764=CARTESIAN_POINT('Ctrl Pts',(-110.394207120677,-115.766899556841,18.5667996955101));
#1765=CARTESIAN_POINT('Ctrl Pts',(-110.466241563085,-115.628657773272,18.5462025035621));
#1766=CARTESIAN_POINT('Ctrl Pts',(-110.539140782343,-115.488756390626,18.5253580413615));
#1767=CARTESIAN_POINT('Ctrl Pts',(-110.610973490818,-115.348490101896,18.5053125310667));
#1768=CARTESIAN_POINT('Ctrl Pts',(-110.681864592385,-115.207830133511,18.48597736077));
#1769=CARTESIAN_POINT('Ctrl Pts',(-110.753760097521,-115.0651772581,18.4663682447502));
#1770=CARTESIAN_POINT('Ctrl Pts',(-110.824687127667,-114.922119427055,18.4474893461555));
#1771=CARTESIAN_POINT('Ctrl Pts',(-110.894821848724,-114.778599165477,18.4292457822481));
#1772=CARTESIAN_POINT('Ctrl Pts',(-110.965304382844,-114.634367156263,18.4109117446102));
#1773=CARTESIAN_POINT('Ctrl Pts',(-111.03498679967,-114.489668051954,18.3932189347842));
#1774=CARTESIAN_POINT('Ctrl Pts',(-111.104093234128,-114.344416858266,18.3760747646236));
#1775=CARTESIAN_POINT('Ctrl Pts',(-111.173195329836,-114.199174783967,18.3589316708353));
#1776=CARTESIAN_POINT('Ctrl Pts',(-111.241721598377,-114.053380618422,18.3423366838331));
#1777=CARTESIAN_POINT('Ctrl Pts',(-111.309940129757,-113.906923860069,18.3262075688691));
#1778=CARTESIAN_POINT('Ctrl Pts',(-111.327478879898,-113.869270330461,18.3220608288026));
#1779=CARTESIAN_POINT('Ctrl Pts',(-111.344997512038,-113.831572876024,18.3179449561327));
#1780=CARTESIAN_POINT('Ctrl Pts',(-111.362501043239,-113.793829354414,18.3138587245414));
#1781=CARTESIAN_POINT('Ctrl Pts',(-111.449203907343,-113.606868712739,18.2936177812551));
#1782=CARTESIAN_POINT('Ctrl Pts',(-111.534728963711,-113.419370367556,18.2743893132971));
#1783=CARTESIAN_POINT('Ctrl Pts',(-111.619162435525,-113.231433160372,18.2561522875024));
#1784=CARTESIAN_POINT('Ctrl Pts',(-111.651393191923,-113.159691963276,18.2491906747298));
#1785=CARTESIAN_POINT('Ctrl Pts',(-111.683465364542,-113.087886561301,18.2423735468196));
#1786=CARTESIAN_POINT('Ctrl Pts',(-111.71538551128,-113.016021519366,18.2356998750049));
#1787=CARTESIAN_POINT('Ctrl Pts',(-111.714632199669,-113.016356196405,18.234248130904));
#1788=CARTESIAN_POINT('Ctrl Pts',(-111.940578440293,-112.508469632126,18.1878225689699));
#1789=CARTESIAN_POINT('Ctrl Pts',(-112.158197522976,-111.996695492109,18.1488234871258));
#1790=CARTESIAN_POINT('Ctrl Pts',(-112.368018564559,-111.481730003864,18.116717255077));
#1791=CARTESIAN_POINT('Ctrl Pts',(-111.838832901765,-113.086076815481,18.1859634017835));
#1792=CARTESIAN_POINT('Ctrl Pts',(-112.076804823189,-112.581872527282,18.1405254835534));
#1793=CARTESIAN_POINT('Ctrl Pts',(-112.306416447385,-112.073330505496,18.1035355451856));
#1794=CARTESIAN_POINT('Ctrl Pts',(-112.528158250431,-111.561260207834,18.0746621805657));
#1795=CARTESIAN_POINT('Ctrl Pts',(-111.951514161042,-113.153631036166,18.1052400183353));
#1796=CARTESIAN_POINT('Ctrl Pts',(-112.200791444605,-112.653098438739,18.055398713877));
#1797=CARTESIAN_POINT('Ctrl Pts',(-112.442039978122,-112.147861517137,18.0145542752175));
#1798=CARTESIAN_POINT('Ctrl Pts',(-112.675764407788,-111.638800380031,17.9823334372727));
#1799=CARTESIAN_POINT('Ctrl Pts',(-112.04154692202,-113.21234678763,18.0000508909923));
#1800=CARTESIAN_POINT('Ctrl Pts',(-112.298660021398,-112.71413437266,17.9420191226563));
#1801=CARTESIAN_POINT('Ctrl Pts',(-112.547823120965,-112.210751129859,17.893270644872));
#1802=CARTESIAN_POINT('Ctrl Pts',(-112.789403214904,-111.703090915843,17.8531384574705));
#1803=CARTESIAN_POINT('',(-112.623196255964,-111.612935653205,18.0001264359844));
#1804=CARTESIAN_POINT('Ctrl Pts',(-112.041772406006,-113.211909858211,18.));
#1805=CARTESIAN_POINT('Ctrl Pts',(-112.14513075335,-112.947536057412,18.));
#1806=CARTESIAN_POINT('Ctrl Pts',(-112.244880247887,-112.682320656129,17.9999999999139));
#1807=CARTESIAN_POINT('Ctrl Pts',(-112.438395510191,-112.149120339143,17.9999999999139));
#1808=CARTESIAN_POINT('Ctrl Pts',(-112.532089827432,-111.881338297606,18.));
#1809=CARTESIAN_POINT('Ctrl Pts',(-112.622982619335,-111.612874500427,18.));
#1810=CARTESIAN_POINT('',(-112.367857362929,-111.482196113924,18.1167393044651));
#1811=CARTESIAN_POINT('Ctrl Pts',(-111.715385969917,-113.016020486791,18.2356997791158));
#1812=CARTESIAN_POINT('Ctrl Pts',(-111.809623575864,-112.80385385982,18.2159971518372));
#1813=CARTESIAN_POINT('Ctrl Pts',(-111.902444692759,-112.591003513895,18.197588462543));
#1814=CARTESIAN_POINT('Ctrl Pts',(-111.993866071884,-112.377540422489,18.1804926420164));
#1815=CARTESIAN_POINT('Ctrl Pts',(-112.086529465413,-112.161177306638,18.1631645644888));
#1816=CARTESIAN_POINT('Ctrl Pts',(-112.177754810098,-111.944184614489,18.1471847644443));
#1817=CARTESIAN_POINT('Ctrl Pts',(-112.267603086366,-111.726605596834,18.1325683939847));
#1818=CARTESIAN_POINT('Ctrl Pts',(-112.301211850352,-111.645217704307,18.1271009752928));
#1819=CARTESIAN_POINT('Ctrl Pts',(-112.334628365691,-111.563747472953,18.1218243245293));
#1820=CARTESIAN_POINT('Ctrl Pts',(-112.367857362922,-111.482196113915,18.116739304437));
#1821=CARTESIAN_POINT('Origin',(-112.130757225945,-111.446120870479,17.1459241305462));
#1822=CARTESIAN_POINT('Ctrl Pts',(-112.365915521859,-111.486306600305,18.1170609565767));
#1823=CARTESIAN_POINT('Ctrl Pts',(-112.884492801684,-110.213791769017,18.0376097404257));
#1824=CARTESIAN_POINT('Ctrl Pts',(-113.355781550336,-108.921991370575,17.9999443719488));
#1825=CARTESIAN_POINT('Ctrl Pts',(-113.783398843418,-107.618163308049,17.9999999791865));
#1826=CARTESIAN_POINT('Ctrl Pts',(-112.456368620454,-111.531241904445,18.0932987296193));
#1827=CARTESIAN_POINT('Ctrl Pts',(-112.991567598224,-110.262763869746,18.0182928742799));
#1828=CARTESIAN_POINT('Ctrl Pts',(-113.478990955611,-108.973766798207,17.9886786551415));
#1829=CARTESIAN_POINT('Ctrl Pts',(-113.921226575507,-107.672035791786,18.0000921945233));
#1830=CARTESIAN_POINT('Ctrl Pts',(-112.542947473453,-111.575583779029,18.0537375382873));
#1831=CARTESIAN_POINT('Ctrl Pts',(-113.094890669297,-110.311257883476,17.9781663142424));
#1832=CARTESIAN_POINT('Ctrl Pts',(-113.599516961733,-109.025308534943,17.9506755320313));
#1833=CARTESIAN_POINT('Ctrl Pts',(-114.058985710884,-107.725878745404,17.9668055161434));
#1834=CARTESIAN_POINT('Ctrl Pts',(-112.62151806275,-111.61721490723,18.000267060574));
#1835=CARTESIAN_POINT('Ctrl Pts',(-113.18833038686,-110.356344781473,17.9196942618431));
#1836=CARTESIAN_POINT('Ctrl Pts',(-113.708324419573,-109.072660032248,17.8889711207338));
#1837=CARTESIAN_POINT('Ctrl Pts',(-114.183491029859,-107.774538747853,17.9033284917381));
#1838=CARTESIAN_POINT('',(-113.782317452096,-107.622621220152,18.0000000000018));
#1839=CARTESIAN_POINT('Ctrl Pts',(-112.623404745992,-111.613012543904,18.));
#1840=CARTESIAN_POINT('Ctrl Pts',(-112.845406438313,-110.957773184566,18.));
#1841=CARTESIAN_POINT('Ctrl Pts',(-113.051095062603,-110.295498470997,17.9999999998081));
#1842=CARTESIAN_POINT('Ctrl Pts',(-113.433554776638,-108.970465408198,17.9999999998081));
#1843=CARTESIAN_POINT('Ctrl Pts',(-113.611283265952,-108.305001300324,18.));
#1844=CARTESIAN_POINT('Ctrl Pts',(-113.779735023062,-107.632933902068,18.));
#1845=CARTESIAN_POINT('Ctrl Pts',(-113.781026728488,-107.627777813138,18.));
#1846=CARTESIAN_POINT('Ctrl Pts',(-113.782317881291,-107.62262132762,18.));
#1847=CARTESIAN_POINT('Ctrl Pts',(-112.368371150463,-111.482273968593,18.1188233261115));
#1848=CARTESIAN_POINT('Ctrl Pts',(-112.470405317181,-111.231665864135,18.1030405418696));
#1849=CARTESIAN_POINT('Ctrl Pts',(-112.570698740454,-110.980247094707,18.0888955520957));
#1850=CARTESIAN_POINT('Ctrl Pts',(-112.669197279876,-110.728138653698,18.0763476951575));
#1851=CARTESIAN_POINT('Ctrl Pts',(-112.769342738817,-110.471814898282,18.0635900350016));
#1852=CARTESIAN_POINT('Ctrl Pts',(-112.867632284476,-110.214778110938,18.0524816475289));
#1853=CARTESIAN_POINT('Ctrl Pts',(-112.964047911651,-109.957118884606,18.0429726159801));
#1854=CARTESIAN_POINT('Ctrl Pts',(-113.055041159871,-109.713950317175,18.0339983688232));
#1855=CARTESIAN_POINT('Ctrl Pts',(-113.14436548277,-109.47022692959,18.0264475329824));
#1856=CARTESIAN_POINT('Ctrl Pts',(-113.232041834257,-109.225997087025,18.0202920397215));
#1857=CARTESIAN_POINT('Ctrl Pts',(-113.317233345602,-108.988688975423,18.0143109996226));
#1858=CARTESIAN_POINT('Ctrl Pts',(-113.400869051939,-108.750902491153,18.0096465710137));
#1859=CARTESIAN_POINT('Ctrl Pts',(-113.483001846016,-108.512659340025,18.006299724842));
#1860=CARTESIAN_POINT('Ctrl Pts',(-113.562176686989,-108.282996343465,18.0030734129117));
#1861=CARTESIAN_POINT('Ctrl Pts',(-113.639955092327,-108.052908784717,18.0010710154755));
#1862=CARTESIAN_POINT('Ctrl Pts',(-113.716414240036,-107.822397746845,18.0003272529779));
#1863=CARTESIAN_POINT('Ctrl Pts',(-113.738490724194,-107.755840985118,18.0001125022059));
#1864=CARTESIAN_POINT('Ctrl Pts',(-113.760457410584,-107.689248807981,18.0000029278823));
#1865=CARTESIAN_POINT('Ctrl Pts',(-113.782316610337,-107.62262097587,18.));
#1866=CARTESIAN_POINT('Ctrl Pts',(-113.316257910829,-111.626497087663,18.));
#1867=CARTESIAN_POINT('Ctrl Pts',(-113.524364751038,-110.258740265546,18.));
#1868=CARTESIAN_POINT('Ctrl Pts',(-113.687420453975,-108.832422884686,18.));
#1869=CARTESIAN_POINT('Ctrl Pts',(-113.802436085166,-107.373690422461,18.));
#1870=CARTESIAN_POINT('Ctrl Pts',(-112.42827088123,-111.491388147325,18.));
#1871=CARTESIAN_POINT('Ctrl Pts',(-112.587808565939,-110.139558626302,17.9991618069359));
#1872=CARTESIAN_POINT('Ctrl Pts',(-112.703848991333,-108.731032765355,18.0012654572407));
#1873=CARTESIAN_POINT('Ctrl Pts',(-112.770891223461,-107.29235694532,18.));
#1874=CARTESIAN_POINT('Ctrl Pts',(-110.879761795262,-111.255779501325,18.5510014308526));
#1875=CARTESIAN_POINT('Ctrl Pts',(-110.956658174655,-109.931939300613,18.6087670435772));
#1876=CARTESIAN_POINT('Ctrl Pts',(-110.98960252493,-108.554586147562,18.6715675581969));
#1877=CARTESIAN_POINT('Ctrl Pts',(-110.976864725364,-107.150904625999,18.7402038422185));
#1878=CARTESIAN_POINT('Ctrl Pts',(-109.915950615403,-111.109133770187,19.8496380184829));
#1879=CARTESIAN_POINT('Ctrl Pts',(-109.997025947865,-109.811232477119,20.0228606746004));
#1880=CARTESIAN_POINT('Ctrl Pts',(-110.048627176795,-108.459390195663,20.2056837137485));
#1881=CARTESIAN_POINT('Ctrl Pts',(-110.06798103401,-107.079242526095,20.3970606307969));
#1882=CARTESIAN_POINT('Ctrl Pts',(-109.661578955415,-111.070430631192,20.4722199671295));
#1883=CARTESIAN_POINT('Ctrl Pts',(-109.765632375519,-109.782672386324,20.6920142517097));
#1884=CARTESIAN_POINT('Ctrl Pts',(-109.847160226988,-108.439778724746,20.9212190366841));
#1885=CARTESIAN_POINT('Ctrl Pts',(-109.904668042583,-107.066365903906,21.1556328248254));
#1886=CARTESIAN_POINT('',(-109.661578955478,-111.070430631192,20.4722199670548));
#1887=CARTESIAN_POINT('Origin',(-113.316257910828,-111.626497087672,22.));
#1888=CARTESIAN_POINT('',(-113.802436085166,-107.373690422467,18.));
#1889=CARTESIAN_POINT('Ctrl Pts',(-109.661578955451,-111.070430631203,20.4722199670377));
#1890=CARTESIAN_POINT('Ctrl Pts',(-109.863036972272,-110.897306284759,20.0533142876851));
#1891=CARTESIAN_POINT('Ctrl Pts',(-110.134313739298,-110.663849194184,19.6904647038209));
#1892=CARTESIAN_POINT('Ctrl Pts',(-110.732049717059,-110.141587859213,19.0845989706211));
#1893=CARTESIAN_POINT('Ctrl Pts',(-111.06389094428,-109.84990344471,18.8376574881847));
#1894=CARTESIAN_POINT('Ctrl Pts',(-111.781363934919,-109.218649329954,18.4297285894924));
#1895=CARTESIAN_POINT('Ctrl Pts',(-112.172862320012,-108.872024035134,18.2729456981288));
#1896=CARTESIAN_POINT('Ctrl Pts',(-112.972165939752,-108.150261336367,18.0573045004641));
#1897=CARTESIAN_POINT('Ctrl Pts',(-113.388447262301,-107.766805316514,18.0006536214359));
#1898=CARTESIAN_POINT('Ctrl Pts',(-113.797727676129,-107.378162567085,18.0000018751764));
#1899=CARTESIAN_POINT('Ctrl Pts',(-113.800081976878,-107.375926595858,18.));
#1900=CARTESIAN_POINT('Ctrl Pts',(-113.802436085166,-107.373690422467,18.));
#1901=CARTESIAN_POINT('Origin',(-106.0069,-102.119281890309,18.));
#1902=CARTESIAN_POINT('Ctrl Pts',(-109.661567563572,-111.06892723203,20.4727944878663));
#1903=CARTESIAN_POINT('Ctrl Pts',(-109.426573603343,-113.977430481411,19.9763147097577));
#1904=CARTESIAN_POINT('Ctrl Pts',(-109.07543646479,-116.599434930971,19.5287338495954));
#1905=CARTESIAN_POINT('Ctrl Pts',(-108.64025709042,-118.695183919935,19.1709823089428));
#1906=CARTESIAN_POINT('Ctrl Pts',(-110.133055824825,-111.140651034116,19.3182857123251));
#1907=CARTESIAN_POINT('Ctrl Pts',(-109.997032794615,-114.091749643107,19.0197026260155));
#1908=CARTESIAN_POINT('Ctrl Pts',(-109.662859016987,-116.766728485736,18.7705219887378));
#1909=CARTESIAN_POINT('Ctrl Pts',(-109.18819403671,-118.909434613435,18.5828915311024));
#1910=CARTESIAN_POINT('Ctrl Pts',(-111.169158615742,-111.298264746909,18.4163460210849));
#1911=CARTESIAN_POINT('Ctrl Pts',(-110.955429123871,-114.298960237676,18.3252597373569));
#1912=CARTESIAN_POINT('Ctrl Pts',(-110.5125071101,-117.01650158993,18.2440547222593));
#1913=CARTESIAN_POINT('Ctrl Pts',(-109.910958642823,-119.192045340399,18.1855142704552));
#1914=CARTESIAN_POINT('Ctrl Pts',(-112.368038790786,-111.480640305954,18.1167528027281));
#1915=CARTESIAN_POINT('Ctrl Pts',(-112.012364733605,-114.531055370687,18.0902868219011));
#1916=CARTESIAN_POINT('Ctrl Pts',(-111.427321093147,-117.286912527492,18.0686142311852));
#1917=CARTESIAN_POINT('Ctrl Pts',(-110.675640919913,-119.491046474128,18.0519197623882));
#1918=CARTESIAN_POINT('Origin',(-106.0069,-102.119281890309,22.));
#1919=CARTESIAN_POINT('Origin',(-72.2625,-131.110657916292,17.6056566268944));
#1920=CARTESIAN_POINT('',(-100.4819,-118.416781703961,18.));
#1921=CARTESIAN_POINT('',(-100.4819,-121.437580840054,9.37634439092055));
#1922=CARTESIAN_POINT('Origin',(-100.4819,-131.110657916292,17.6056566268944));
#1923=CARTESIAN_POINT('',(-81.7875,-121.437580840054,9.37634439092055));
#1924=CARTESIAN_POINT('',(-72.2625,-121.437580840054,9.37634439092055));
#1925=CARTESIAN_POINT('',(-81.7875,-118.416781703961,18.));
#1926=CARTESIAN_POINT('Origin',(-81.7875,-131.110657916292,17.6056566268944));
#1927=CARTESIAN_POINT('',(-72.2625,-118.416781703961,18.));
#1928=CARTESIAN_POINT('Origin',(-72.2625,-121.44230720948,11.8226636511574));
#1929=CARTESIAN_POINT('',(-81.7875,-116.91298040711,16.273247738368));
#1930=CARTESIAN_POINT('',(-81.7875,-115.458794547275,13.9487107393545));
#1931=CARTESIAN_POINT('Origin',(-81.7875,-121.44230720948,11.8226636511574));
#1932=CARTESIAN_POINT('',(-72.2625,-115.458794547275,13.9487107393545));
#1933=CARTESIAN_POINT('',(-72.2625,-115.458794547275,13.9487107393545));
#1934=CARTESIAN_POINT('',(-72.2625,-116.91298040711,16.273247738368));
#1935=CARTESIAN_POINT('Origin',(-72.2625,-121.44230720948,11.8226636511574));
#1936=CARTESIAN_POINT('',(-72.2625,-116.91298040711,16.273247738368));
#1937=CARTESIAN_POINT('Origin',(-72.2625,-121.44230720948,11.8226636511574));
#1938=CARTESIAN_POINT('',(-100.4819,-115.458794547275,13.9487107393545));
#1939=CARTESIAN_POINT('',(-100.4819,-116.91298040711,16.273247738368));
#1940=CARTESIAN_POINT('Origin',(-100.4819,-121.44230720948,11.8226636511574));
#1941=CARTESIAN_POINT('',(-110.0125,-116.91298040711,16.273247738368));
#1942=CARTESIAN_POINT('',(-72.2625,-116.91298040711,16.273247738368));
#1943=CARTESIAN_POINT('',(-110.0125,-115.458794547275,13.9487107393545));
#1944=CARTESIAN_POINT('Origin',(-110.0125,-121.44230720948,11.8226636511574));
#1945=CARTESIAN_POINT('',(-72.2625,-115.458794547275,13.9487107393545));
#1946=CARTESIAN_POINT('Origin',(-72.2625,-103.325,29.6250000000001));
#1947=CARTESIAN_POINT('Origin',(-81.7875,-103.325,29.6250000000001));
#1948=CARTESIAN_POINT('',(-72.2625,-118.416781703961,18.));
#1949=CARTESIAN_POINT('Origin',(-72.2625,-103.325,29.6250000000001));
#1950=CARTESIAN_POINT('',(-72.2625,-118.416781703961,18.));
#1951=CARTESIAN_POINT('Origin',(-72.2625,-103.325,29.6250000000001));
#1952=CARTESIAN_POINT('Origin',(-100.4819,-103.325,29.6250000000001));
#1953=CARTESIAN_POINT('',(-110.0069,-118.416781703961,18.));
#1954=CARTESIAN_POINT('',(-72.2625,-118.416781703961,18.));
#1955=CARTESIAN_POINT('',(-110.0125,-118.416781703961,18.));
#1956=CARTESIAN_POINT('',(-72.2625,-118.416781703961,18.));
#1957=CARTESIAN_POINT('Origin',(-110.0125,-103.325,29.6250000000001));
#1958=CARTESIAN_POINT('Origin',(-72.2625,-118.416781703961,18.));
#1959=CARTESIAN_POINT('',(-103.087753100945,-136.1148313631,18.));
#1960=CARTESIAN_POINT('',(-72.2625,-107.373690422467,18.));
#1961=CARTESIAN_POINT('',(-88.2083381993502,-24.9913104649885,18.));
#1962=CARTESIAN_POINT('',(-115.13382034356,-105.053200231746,18.0000000000002));
#1963=CARTESIAN_POINT('Origin',(-113.0125,-102.931879888187,18.0000000000006));
#1964=CARTESIAN_POINT('',(-122.775777400417,-97.4112431748888,18.0000000000005));
#1965=CARTESIAN_POINT('',(-110.0125,-110.174520575306,18.));
#1966=CARTESIAN_POINT('',(-124.18999096279,-97.4112431748888,18.0000000000005));
#1967=CARTESIAN_POINT('Origin',(-123.482884181604,-98.1183499560755,18.0000000000008));
#1968=CARTESIAN_POINT('',(-128.40329805614,-101.624550268238,18.0000000000006));
#1969=CARTESIAN_POINT('',(-129.311042917986,-102.532295130084,18.0000000000006));
#1970=CARTESIAN_POINT('',(-128.603936136799,-103.239401911271,18.0000000000006));
#1971=CARTESIAN_POINT('Ctrl Pts',(-128.603936136799,-103.23940191127,18.));
#1972=CARTESIAN_POINT('Ctrl Pts',(-128.684502212412,-103.158835835657,18.));
#1973=CARTESIAN_POINT('Ctrl Pts',(-128.756520187568,-103.042615433967,18.));
#1974=CARTESIAN_POINT('Ctrl Pts',(-128.838356960864,-102.814084551339,18.));
#1975=CARTESIAN_POINT('Ctrl Pts',(-128.855806593036,-102.660507602947,18.));
#1976=CARTESIAN_POINT('Ctrl Pts',(-128.83587206829,-102.382179671886,18.));
#1977=CARTESIAN_POINT('Ctrl Pts',(-128.786304545321,-102.208843655241,18.));
#1978=CARTESIAN_POINT('Ctrl Pts',(-128.647889548469,-101.916136985042,18.));
#1979=CARTESIAN_POINT('Ctrl Pts',(-128.526014374888,-101.747266586986,18.));
#1980=CARTESIAN_POINT('Ctrl Pts',(-128.403298056139,-101.624550268238,18.));
#1981=CARTESIAN_POINT('',(-115.840658736382,-116.002679311688,18.0000000000001));
#1982=CARTESIAN_POINT('',(-115.840658736382,-116.002679311688,18.0000000000001));
#1983=CARTESIAN_POINT('Origin',(-110.0125,-110.174520575306,18.0000000000003));
#1984=CARTESIAN_POINT('Origin',(-72.2625,-107.373690422467,22.));
#1985=CARTESIAN_POINT('',(-109.580467245082,-111.132460905611,20.6319194266973));
#1986=CARTESIAN_POINT('Ctrl Pts',(-109.661578955451,-111.070430631203,20.4722199670377));
#1987=CARTESIAN_POINT('Ctrl Pts',(-109.635673070033,-111.092693033828,20.5260878780935));
#1988=CARTESIAN_POINT('Ctrl Pts',(-109.60856473144,-111.11335156984,20.5794169581664));
#1989=CARTESIAN_POINT('Ctrl Pts',(-109.580467245082,-111.132460905611,20.6319194266973));
#1990=CARTESIAN_POINT('',(-72.2625,-111.132460905611,20.6319194266973));
#1991=CARTESIAN_POINT('Origin',(-72.2625,-122.336756871967,51.415469595147));
#1992=CARTESIAN_POINT('',(-108.640631559713,-111.547483267626,21.7721839949032));
#1993=CARTESIAN_POINT('Origin',(-106.0069,-110.5178118685,18.9431850763462));
#1994=CARTESIAN_POINT('',(-75.5793657798561,-121.439747412122,48.9509563591861));
#1995=CARTESIAN_POINT('',(-72.3316357677526,-122.41150098513,51.6208273582993));
#1996=CARTESIAN_POINT('',(-72.2625,-120.924911712559,47.5364568999075));
#1997=CARTESIAN_POINT('Origin',(-74.2625000000001,-120.924911712559,47.5364568999075));
#1998=CARTESIAN_POINT('',(-72.2625,-110.174520575306,18.));
#1999=CARTESIAN_POINT('',(-72.2625,-110.174520575306,18.));
#2000=CARTESIAN_POINT('',(-72.2625,-110.174520575306,18.));
#2001=CARTESIAN_POINT('',(-78.7543657798561,-119.046947728088,42.3767932580255));
#2002=CARTESIAN_POINT('',(-97.5487717745049,-113.423471912736,26.9264204364957));
#2003=CARTESIAN_POINT('',(-85.9329111427222,-116.899054559824,36.4755052788194));
#2004=CARTESIAN_POINT('',(-96.2319059946486,-112.224595926522,23.6325357356454));
#2005=CARTESIAN_POINT('Origin',(-96.2319059946486,-112.908636213173,25.5119209772173));
#2006=CARTESIAN_POINT('',(-77.4374999999999,-112.224595926522,23.6325357356454));
#2007=CARTESIAN_POINT('',(-73.85,-112.224595926522,23.6325357356454));
#2008=CARTESIAN_POINT('',(-75.4375,-112.908636213173,25.5119209772173));
#2009=CARTESIAN_POINT('Origin',(-77.4374999999999,-112.908636213173,25.5119209772173));
#2010=CARTESIAN_POINT('',(-75.4375,-118.532112028525,40.9622937987472));
#2011=CARTESIAN_POINT('',(-75.4375,-121.188072146005,48.2594842484935));
#2012=CARTESIAN_POINT('Origin',(-77.4375000000001,-118.532112028525,40.9622937987472));
#2013=CARTESIAN_POINT('Origin',(-106.0069,-115.78460943727,17.0262275314084));
#2014=CARTESIAN_POINT('',(-108.640631559713,-116.814280836396,19.8552264499654));
#2015=CARTESIAN_POINT('Origin',(-72.2625,-129.710286836574,49.0286503383508));
#2016=CARTESIAN_POINT('',(-75.5793657798561,-128.71784714462,46.301944694536));
#2017=CARTESIAN_POINT('',(-80.4442379115877,-127.262228340527,42.3026648989562));
#2018=CARTESIAN_POINT('',(-75.5793657798561,-129.166929671895,46.1384920218786));
#2019=CARTESIAN_POINT('Origin',(-72.2625,-118.416781703961,18.));
#2020=CARTESIAN_POINT('',(-72.2625,-128.203011445057,44.8874452352574));
#2021=CARTESIAN_POINT('',(-72.2625,-118.416781703961,18.));
#2022=CARTESIAN_POINT('Origin',(-74.2625000000001,-128.203011445057,44.8874452352574));
#2023=CARTESIAN_POINT('',(-97.5487717745049,-120.701571645234,24.2774087718456));
#2024=CARTESIAN_POINT('',(-78.7543657798561,-126.325047460586,39.7277815933754));
#2025=CARTESIAN_POINT('',(-94.0455132865574,-121.749781915221,27.1573428194762));
#2026=CARTESIAN_POINT('',(-75.4375,-125.810211761023,38.3132821340971));
#2027=CARTESIAN_POINT('Origin',(-77.4375000000001,-125.810211761023,38.3132821340971));
#2028=CARTESIAN_POINT('',(-75.4375,-120.186735945671,22.8629093125671));
#2029=CARTESIAN_POINT('',(-75.4375,-122.867134428251,30.2272436185951));
#2030=CARTESIAN_POINT('',(-77.4374999999999,-119.50269565902,20.9835240709953));
#2031=CARTESIAN_POINT('Origin',(-77.4374999999999,-120.186735945671,22.8629093125671));
#2032=CARTESIAN_POINT('',(-96.2319059946486,-119.50269565902,20.9835240709953));
#2033=CARTESIAN_POINT('',(-73.85,-119.50269565902,20.9835240709953));
#2034=CARTESIAN_POINT('Origin',(-96.2319059946486,-120.186735945671,22.8629093125671));
#2035=CARTESIAN_POINT('Origin',(-72.2625,-19.1875,18.));
#2036=CARTESIAN_POINT('',(-110.0125,-32.9273763435492,16.));
#2037=CARTESIAN_POINT('Origin',(-110.0125,21.4645236564509,18.));
#2038=CARTESIAN_POINT('',(-72.2625,35.2044,16.));
#2039=CARTESIAN_POINT('Origin',(1.77635683940025E-14,1.13851182822543,16.));
#2040=CARTESIAN_POINT('Origin',(-100.4819,-119.255987368857,-2.02564463032276));
#2041=CARTESIAN_POINT('',(-100.4819,-116.006002140045,-18.));
#2042=CARTESIAN_POINT('Origin',(-100.4819,-158.361857002068,-1.29550050513803));
#2043=CARTESIAN_POINT('Origin',(-100.4819,-107.877058629899,-2.16018844870179));
#2044=CARTESIAN_POINT('Origin',(-72.2625,-107.877058629899,-2.16018844870179));
#2045=CARTESIAN_POINT('',(-81.7875,-116.006002140045,-18.));
#2046=CARTESIAN_POINT('',(-72.2625,-116.006002140045,-18.));
#2047=CARTESIAN_POINT('Origin',(-81.7875,-107.877058629899,-2.16018844870179));
#2048=CARTESIAN_POINT('Origin',(-72.2625,-158.361857002068,-1.29550050513803));
#2049=CARTESIAN_POINT('',(-72.2625,-116.006002140045,-18.));
#2050=CARTESIAN_POINT('Origin',(-72.2625,-158.361857002068,-1.29550050513803));
#2051=CARTESIAN_POINT('Origin',(-81.7875,-158.361857002068,-1.29550050513803));
#2052=CARTESIAN_POINT('',(-72.2625,-116.006002140045,-18.));
#2053=CARTESIAN_POINT('Origin',(-81.7875,-119.255987368857,-2.02564463032276));
#2054=CARTESIAN_POINT('Origin',(-96.2319059946486,-120.186735945671,22.8629093125671));
#2055=CARTESIAN_POINT('',(-96.2319059946486,-119.50269565902,20.9835240709953));
#2056=CARTESIAN_POINT('',(-97.5487717745049,-120.701571645234,24.2774087718456));
#2057=CARTESIAN_POINT('Origin',(-75.4375,-119.50269565902,20.9835240709953));
#2058=CARTESIAN_POINT('',(-77.4374999999999,-119.50269565902,20.9835240709953));
#2059=CARTESIAN_POINT('Origin',(-77.4375000000001,-125.810211761023,38.3132821340971));
#2060=CARTESIAN_POINT('',(-78.7543657798561,-126.325047460586,39.7277815933754));
#2061=CARTESIAN_POINT('',(-75.4375,-125.810211761023,38.3132821340971));
#2062=CARTESIAN_POINT('Origin',(-101.555575175461,-119.50269565902,20.9835240709953));
#2063=CARTESIAN_POINT('Origin',(-77.4374999999999,-120.186735945671,22.8629093125671));
#2064=CARTESIAN_POINT('',(-75.4375,-120.186735945671,22.8629093125671));
#2065=CARTESIAN_POINT('Origin',(-75.4375,-127.317487152541,42.4544872371902));
#2066=CARTESIAN_POINT('Origin',(-74.2625000000001,-128.652093972332,44.7239925626003));
#2067=CARTESIAN_POINT('',(-72.2625,-128.652093972332,44.7239925626003));
#2068=CARTESIAN_POINT('Origin',(-72.2625,-112.373891922003,0.));
#2069=CARTESIAN_POINT('',(-72.2625,-109.085396553908,-17.9999999999999));
#2070=CARTESIAN_POINT('',(-72.2625,35.2044,-17.999999999997));
#2071=CARTESIAN_POINT('',(-72.2625,-109.333939066278,16.1249794123121));
#2072=CARTESIAN_POINT('Origin',(-72.2625,-158.361857002068,-1.29550050513803));
#2073=CARTESIAN_POINT('Origin',(-72.2625,-121.44230720948,11.8226636511574));
#2074=CARTESIAN_POINT('Origin',(-156.849369755098,-131.484835529569,-1.29550050513702));
#2075=CARTESIAN_POINT('',(-126.847518960223,-100.068771172321,-17.9999999999994));
#2076=CARTESIAN_POINT('',(-126.899257559209,-101.53472333368,-17.9999999999994));
#2077=CARTESIAN_POINT('Ctrl Pts',(-126.847518960223,-100.068771172321,-17.9999999999997));
#2078=CARTESIAN_POINT('Ctrl Pts',(-126.943156029017,-100.164408241114,-17.9999999999997));
#2079=CARTESIAN_POINT('Ctrl Pts',(-127.034602809823,-100.298495001055,-17.9999999999997));
#2080=CARTESIAN_POINT('Ctrl Pts',(-127.139941404917,-100.542753023904,-17.9999999999997));
#2081=CARTESIAN_POINT('Ctrl Pts',(-127.174299700416,-100.695848447878,-17.9999999999997));
#2082=CARTESIAN_POINT('Ctrl Pts',(-127.179877450522,-100.951730848472,-17.9999999999997));
#2083=CARTESIAN_POINT('Ctrl Pts',(-127.154308788161,-101.099767327549,-17.9999999999997));
#2084=CARTESIAN_POINT('Ctrl Pts',(-127.0636843869,-101.328254690708,-17.9999999999997));
#2085=CARTESIAN_POINT('Ctrl Pts',(-126.984543830982,-101.449437061907,-17.9999999999997));
#2086=CARTESIAN_POINT('Ctrl Pts',(-126.89925755921,-101.53472333368,-17.9999999999997));
#2087=CARTESIAN_POINT('',(-126.512323359644,-101.147789134115,13.948710739355));
#2088=CARTESIAN_POINT('Origin',(-156.849369755098,-131.484835529569,-1.29550050513702));
#2089=CARTESIAN_POINT('',(-126.55313370323,-99.7743859153289,14.2835213044254));
#2090=CARTESIAN_POINT('Origin',(-125.846026922044,-100.481492696515,14.2835213044254));
#2091=CARTESIAN_POINT('Origin',(-157.556476536285,-130.777728748383,-1.29550050513699));
#2092=CARTESIAN_POINT('Origin',(-130.743305738405,-105.378771512876,11.8226636511579));
#2093=CARTESIAN_POINT('',(-127.540588042239,-102.17605381671,16.2732477383686));
#2094=CARTESIAN_POINT('',(-127.743329831903,-100.964582044002,16.9741271221813));
#2095=CARTESIAN_POINT('Origin',(-127.036223050717,-101.671688825188,16.9741271221813));
#2096=CARTESIAN_POINT('Origin',(-131.450412519592,-104.67166473169,11.8226636511579));
#2097=CARTESIAN_POINT('Origin',(-130.743305738405,-105.378771512876,11.8226636511579));
#2098=CARTESIAN_POINT('Origin',(-117.932434953741,-92.5679007282133,29.6250000000006));
#2099=CARTESIAN_POINT('Origin',(-118.639541734928,-91.8607939470266,29.6250000000006));
#2100=CARTESIAN_POINT('Origin',(-117.932434953741,-92.5679007282133,29.6250000000006));
#2101=CARTESIAN_POINT('Origin',(-126.396963549795,-99.6182157618926,5.54340631399314E-13));
#2102=CARTESIAN_POINT('',(-124.18999096279,-97.4112431748875,-17.9999999999993));
#2103=CARTESIAN_POINT('',(-124.18999096279,-97.4112431748885,9.00000000000055));
#2104=CARTESIAN_POINT('',(-13.9492819469397,12.8294658409631,-17.9999999999952));
#2105=CARTESIAN_POINT('Origin',(-123.482884181604,-98.118349956075,9.00000000000053));
#2106=CARTESIAN_POINT('',(-122.775777400417,-97.4112431748875,-17.9999999999993));
#2107=CARTESIAN_POINT('Origin',(-123.482884181604,-98.118349956074,-17.9999999999994));
#2108=CARTESIAN_POINT('',(-122.775777400417,-97.4112431748885,9.00000000000055));
#2109=CARTESIAN_POINT('Origin',(-113.0125,-102.931879888186,8.99999999999872));
#2110=CARTESIAN_POINT('',(-115.13382034356,-105.053200231745,-17.9999999999996));
#2111=CARTESIAN_POINT('Origin',(-113.0125,-102.931879888185,-17.9999999999996));
#2112=CARTESIAN_POINT('',(-115.13382034356,-105.053200231746,8.99999999999865));
#2113=CARTESIAN_POINT('Origin',(-110.0125,-110.174520575306,18.));
#2114=CARTESIAN_POINT('',(-110.0125,-110.174520575305,-17.9999999999998));
#2115=CARTESIAN_POINT('Origin',(-117.980028337988,-118.142048913294,11.8226636511574));
#2116=CARTESIAN_POINT('',(-113.749045959227,-113.911066534533,13.9487107393545));
#2117=CARTESIAN_POINT('',(-113.749045959227,-113.911066534533,13.9487107393545));
#2118=CARTESIAN_POINT('',(-114.777310641822,-114.939331217128,16.2732477383681));
#2119=CARTESIAN_POINT('Origin',(-117.980028337988,-118.142048913294,11.8226636511574));
#2120=CARTESIAN_POINT('',(-114.777310641822,-114.939331217128,16.2732477383681));
#2121=CARTESIAN_POINT('Origin',(-144.086092354681,-144.248112929987,-1.2955005051375));
#2122=CARTESIAN_POINT('',(-114.135980158792,-114.298000734097,-17.9999999999999));
#2123=CARTESIAN_POINT('',(-114.135980158792,-114.298000734097,-17.9999999999999));
#2124=CARTESIAN_POINT('Origin',(-144.086092354681,-144.248112929987,-1.2955005051375));
#2125=CARTESIAN_POINT('Origin',(-105.169157553324,-105.33117812863,29.6250000000001));
#2126=CARTESIAN_POINT('Origin',(-105.169157553324,-105.33117812863,29.6250000000001));
#2127=CARTESIAN_POINT('Origin',(-110.0125,-110.174520575306,11.8226636511577));
#2128=CARTESIAN_POINT('Origin',(-110.0125,-110.174520575306,16.2732477383683));
#2129=CARTESIAN_POINT('Origin',(-110.0125,-110.174520575306,13.9487107393547));
#2130=CARTESIAN_POINT('Origin',(-110.0125,-110.174520575305,-1.29550050513623));
#2131=CARTESIAN_POINT('',(-110.0125,-116.006002140045,-18.));
#2132=CARTESIAN_POINT('Origin',(-110.0125,-158.361857002068,-1.29550050513803));
#2133=CARTESIAN_POINT('Origin',(-110.0125,-110.174520575305,-17.9999999999997));
#2134=CARTESIAN_POINT('Ctrl Pts',(-110.012499999998,-118.416781703961,18.));
#2135=CARTESIAN_POINT('Ctrl Pts',(-113.426556344108,-118.41678170396,17.9999999999996));
#2136=CARTESIAN_POINT('Ctrl Pts',(-115.840658736383,-116.002679311689,18.0000000000014));
#2137=CARTESIAN_POINT('Ctrl Pts',(-110.012499999998,-117.716863240071,17.0913534049388));
#2138=CARTESIAN_POINT('Ctrl Pts',(-113.13664062381,-117.716863240071,17.0913534049384));
#2139=CARTESIAN_POINT('Ctrl Pts',(-115.34574164429,-115.507762219594,17.0913534049401));
#2140=CARTESIAN_POINT('Ctrl Pts',(-110.012499999998,-116.912980407109,16.2732477383668));
#2141=CARTESIAN_POINT('Ctrl Pts',(-112.803661451839,-116.912980407109,16.2732477383664));
#2142=CARTESIAN_POINT('Ctrl Pts',(-114.777310641823,-114.939331217127,16.2732477383679));
#2143=CARTESIAN_POINT('Origin',(-72.2625,-158.361857002068,-1.29550050513803));
#2144=CARTESIAN_POINT('',(-72.2625,-116.006002140045,-18.));
#2145=CARTESIAN_POINT('Origin',(-72.2625,-109.085396553908,-17.9999999999999));
#2146=CARTESIAN_POINT('',(-72.2625,-109.085396553908,-17.9999999999999));
#2147=CARTESIAN_POINT('Origin',(-72.2625,-158.361857002068,-1.29550050513803));
#2148=CARTESIAN_POINT('',(-72.2625,-109.333939066278,16.1249794123121));
#2149=CARTESIAN_POINT('Origin',(-72.2625,-121.44230720948,11.8226636511574));
#2150=UNCERTAINTY_MEASURE_WITH_UNIT(LENGTH_MEASURE(0.01),#2154,
'DISTANCE_ACCURACY_VALUE',
'Maximum model space distance between geometric entities at asserted c
onnectivities');
#2151=UNCERTAINTY_MEASURE_WITH_UNIT(LENGTH_MEASURE(0.01),#2154,
'DISTANCE_ACCURACY_VALUE',
'Maximum model space distance between geometric entities at asserted c
onnectivities');
#2152=(
GEOMETRIC_REPRESENTATION_CONTEXT(3)
GLOBAL_UNCERTAINTY_ASSIGNED_CONTEXT((#2150))
GLOBAL_UNIT_ASSIGNED_CONTEXT((#2154,#2156,#2157))
REPRESENTATION_CONTEXT('','3D')
);
#2153=(
GEOMETRIC_REPRESENTATION_CONTEXT(3)
GLOBAL_UNCERTAINTY_ASSIGNED_CONTEXT((#2151))
GLOBAL_UNIT_ASSIGNED_CONTEXT((#2154,#2156,#2157))
REPRESENTATION_CONTEXT('','3D')
);
#2154=(
LENGTH_UNIT()
NAMED_UNIT(*)
SI_UNIT(.MILLI.,.METRE.)
);
#2155=(
LENGTH_UNIT()
NAMED_UNIT(*)
SI_UNIT($,.METRE.)
);
#2156=(
NAMED_UNIT(*)
PLANE_ANGLE_UNIT()
SI_UNIT($,.RADIAN.)
);
#2157=(
NAMED_UNIT(*)
SI_UNIT($,.STERADIAN.)
SOLID_ANGLE_UNIT()
);
#2158=SHAPE_DEFINITION_REPRESENTATION(#2159,#2160);
#2159=PRODUCT_DEFINITION_SHAPE('',$,#2162);
#2160=SHAPE_REPRESENTATION('',(#1132),#2152);
#2161=PRODUCT_DEFINITION_CONTEXT('part definition',#2166,'design');
#2162=PRODUCT_DEFINITION('Component133','Component133',#2163,#2161);
#2163=PRODUCT_DEFINITION_FORMATION('',$,#2168);
#2164=PRODUCT_RELATED_PRODUCT_CATEGORY('Component133','Component133',(#2168));
#2165=APPLICATION_PROTOCOL_DEFINITION('international standard',
'automotive_design',2009,#2166);
#2166=APPLICATION_CONTEXT(
'Core Data for Automotive Mechanical Design Process');
#2167=PRODUCT_CONTEXT('part definition',#2166,'mechanical');
#2168=PRODUCT('Component133','Component133',$,(#2167));
#2169=PRESENTATION_STYLE_ASSIGNMENT((#2171));
#2170=PRESENTATION_STYLE_ASSIGNMENT((#2172));
#2171=SURFACE_STYLE_USAGE(.BOTH.,#2173);
#2172=SURFACE_STYLE_USAGE(.BOTH.,#2174);
#2173=SURFACE_SIDE_STYLE('',(#2175));
#2174=SURFACE_SIDE_STYLE('',(#2176));
#2175=SURFACE_STYLE_FILL_AREA(#2177);
#2176=SURFACE_STYLE_FILL_AREA(#2178);
#2177=FILL_AREA_STYLE('Steel - Satin',(#2179));
#2178=FILL_AREA_STYLE('Opaque(63,63,63)',(#2180));
#2179=FILL_AREA_STYLE_COLOUR('Steel - Satin',#2181);
#2180=FILL_AREA_STYLE_COLOUR('Opaque(63,63,63)',#2182);
#2181=COLOUR_RGB('Steel - Satin',0.627450980392157,0.627450980392157,0.627450980392157);
#2182=COLOUR_RGB('Opaque(63,63,63)',0.247058823529412,0.247058823529412,
0.247058823529412);
ENDSEC;
END-ISO-10303-21;
