ISO-10303-21;
HEADER;
/* Generated by software containing ST-Developer
 * from STEP Tools, Inc. (www.steptools.com) 
 */

FILE_DESCRIPTION(
/* description */ (''),
/* implementation_level */ '2;1');

FILE_NAME(
/* name */ 'Small_Weapon_Pulley.step',
/* time_stamp */ '2026-09-06T19:44:46+03:00',
/* author */ (''),
/* organization */ (''),
/* preprocessor_version */ 'ST-DEVELOPER v20.1',
/* originating_system */ 'Autodesk Translation Framework v15.8.0.0',
/* authorisation */ '');

FILE_SCHEMA (('AUTOMOTIVE_DESIGN { 1 0 10303 214 3 1 1 }'));
ENDSEC;

DATA;
#10=MECHANICAL_DESIGN_GEOMETRIC_PRESENTATION_REPRESENTATION('',(#26,#27,
#28),#4953);
#11=SHAPE_REPRESENTATION_RELATIONSHIP('SRR','None',#4960,#12);
#12=ADVANCED_BREP_SHAPE_REPRESENTATION('',(#29,#30,#31),#4952);
#13=ELLIPSE('',#2882,2.90753944714554,1.13030000004459);
#14=ELLIPSE('',#2884,2.90753944705301,1.13030000000452);
#15=ELLIPSE('',#2885,2.90753944699934,1.13029999998219);
#16=ELLIPSE('',#2887,2.90753944702484,1.13029999999282);
#17=B_SPLINE_CURVE_WITH_KNOTS('',3,(#4068,#4069,#4070,#4071,#4072,#4073,
#4074,#4075,#4076,#4077,#4078,#4079,#4080,#4081,#4082,#4083,#4084,#4085),
 .UNSPECIFIED.,.F.,.F.,(4,2,2,2,2,2,2,2,4),(0.,0.0433657160732045,0.0867314321464091,
0.130010300864435,0.173289169582461,0.216568038300487,0.259846907018514,
0.303212623091718,0.346578339164923),.UNSPECIFIED.);
#18=B_SPLINE_CURVE_WITH_KNOTS('',3,(#4086,#4087,#4088,#4089,#4090,#4091,
#4092,#4093,#4094,#4095,#4096,#4097,#4098,#4099,#4100,#4101,#4102,#4103),
 .UNSPECIFIED.,.F.,.F.,(4,2,2,2,2,2,2,2,4),(0.346578339164923,0.389944055238127,
0.433309771311332,0.476588640029358,0.519867508747384,0.56314637746541,
0.606425246183436,0.649790962256641,0.693156678329845),.UNSPECIFIED.);
#19=B_SPLINE_CURVE_WITH_KNOTS('',3,(#4354,#4355,#4356,#4357,#4358,#4359,
#4360,#4361,#4362,#4363),.UNSPECIFIED.,.F.,.F.,(4,2,2,2,4),(0.188856336449833,
0.194202449923448,0.202761525809127,0.220267781428306,0.268191512692815),
 .UNSPECIFIED.);
#20=B_SPLINE_CURVE_WITH_KNOTS('',3,(#4367,#4368,#4369,#4370,#4371,#4372,
#4373,#4374,#4375,#4376),.UNSPECIFIED.,.F.,.F.,(4,2,2,2,4),(-0.237111470764635,
-0.235890027008297,-0.215765124739956,-0.195640222471616,-0.176295984120025),
 .UNSPECIFIED.);
#21=B_SPLINE_CURVE_WITH_KNOTS('',3,(#4380,#4381,#4382,#4383,#4384,#4385,
#4386,#4387,#4388,#4389),.UNSPECIFIED.,.F.,.F.,(4,2,2,2,4),(-0.293095969565882,
-0.273751731214289,-0.253626828945949,-0.233501926677609,-0.232280482921272),
 .UNSPECIFIED.);
#22=B_SPLINE_CURVE_WITH_KNOTS('',3,(#4393,#4394,#4395,#4396,#4397,#4398,
#4399,#4400,#4401,#4402,#4403,#4404,#4405,#4406,#4407,#4408,#4409,#4410),
 .UNSPECIFIED.,.F.,.F.,(4,2,2,2,2,2,2,2,4),(0.188856336449861,0.194202449923477,
0.202761525809157,0.220267781428338,0.268191512692855,0.316115243957373,
0.333621499576554,0.342180575462233,0.347526688935849),.UNSPECIFIED.);
#23=B_SPLINE_CURVE_WITH_KNOTS('',3,(#4414,#4415,#4416,#4417,#4418,#4419,
#4420,#4421,#4422,#4423),.UNSPECIFIED.,.F.,.F.,(4,2,2,2,4),(-0.0806474862026638,
-0.0794260424463264,-0.0593011401779866,-0.0391762379096469,-0.0198319995580541),
 .UNSPECIFIED.);
#24=B_SPLINE_CURVE_WITH_KNOTS('',3,(#4427,#4428,#4429,#4430,#4431,#4432,
#4433,#4434,#4435,#4436),.UNSPECIFIED.,.F.,.F.,(4,2,2,2,4),(-0.136631985003912,
-0.117287746652322,-0.0971628443839815,-0.0770379421156412,-0.0758164983593028),
 .UNSPECIFIED.);
#25=B_SPLINE_CURVE_WITH_KNOTS('',3,(#4439,#4440,#4441,#4442,#4443,#4444,
#4445,#4446,#4447,#4448),.UNSPECIFIED.,.F.,.F.,(4,2,2,2,4),(0.268191512692815,
0.316115243957324,0.333621499576503,0.342180575462182,0.347526688935797),
 .UNSPECIFIED.);
#26=STYLED_ITEM('',(#4970),#29);
#27=STYLED_ITEM('',(#4970),#30);
#28=STYLED_ITEM('',(#4971),#31);
#29=MANIFOLD_SOLID_BREP('Body1',#2742);
#30=MANIFOLD_SOLID_BREP('Body2',#2743);
#31=MANIFOLD_SOLID_BREP('Body3',#2744);
#32=FACE_BOUND('',#235,.T.);
#33=FACE_BOUND('',#237,.T.);
#34=FACE_BOUND('',#243,.T.);
#35=FACE_BOUND('',#245,.T.);
#36=FACE_BOUND('',#247,.T.);
#37=FACE_BOUND('',#249,.T.);
#38=FACE_BOUND('',#251,.T.);
#39=FACE_BOUND('',#277,.T.);
#40=FACE_BOUND('',#383,.T.);
#41=PLANE('',#2768);
#42=PLANE('',#2769);
#43=PLANE('',#2782);
#44=PLANE('',#2783);
#45=PLANE('',#2787);
#46=PLANE('',#2879);
#47=PLANE('',#2920);
#48=PLANE('',#2921);
#49=PLANE('',#2929);
#50=PLANE('',#3006);
#51=PLANE('',#3011);
#52=PLANE('',#3015);
#53=PLANE('',#3019);
#54=PLANE('',#3022);
#55=PLANE('',#3026);
#56=PLANE('',#3029);
#57=PLANE('',#3033);
#58=PLANE('',#3036);
#59=PLANE('',#3040);
#60=PLANE('',#3044);
#61=PLANE('',#3048);
#62=PLANE('',#3051);
#63=PLANE('',#3055);
#64=PLANE('',#3058);
#65=PLANE('',#3062);
#66=PLANE('',#3063);
#67=PLANE('',#3067);
#68=PLANE('',#3070);
#69=PLANE('',#3073);
#70=PLANE('',#3077);
#71=PLANE('',#3080);
#72=PLANE('',#3084);
#73=PLANE('',#3087);
#74=PLANE('',#3091);
#75=PLANE('',#3093);
#76=PLANE('',#3097);
#77=PLANE('',#3100);
#78=PLANE('',#3104);
#79=PLANE('',#3106);
#80=PLANE('',#3108);
#81=CONICAL_SURFACE('',#2761,8.,1.10714871779409);
#82=CONICAL_SURFACE('',#2766,8.99999999999999,1.10714871779409);
#83=CONICAL_SURFACE('',#2770,8.,1.10714871779409);
#84=CONICAL_SURFACE('',#2777,8.99999999999999,1.10714871779409);
#85=FACE_OUTER_BOUND('',#230,.T.);
#86=FACE_OUTER_BOUND('',#231,.T.);
#87=FACE_OUTER_BOUND('',#232,.T.);
#88=FACE_OUTER_BOUND('',#233,.T.);
#89=FACE_OUTER_BOUND('',#234,.T.);
#90=FACE_OUTER_BOUND('',#236,.T.);
#91=FACE_OUTER_BOUND('',#238,.T.);
#92=FACE_OUTER_BOUND('',#239,.T.);
#93=FACE_OUTER_BOUND('',#240,.T.);
#94=FACE_OUTER_BOUND('',#241,.T.);
#95=FACE_OUTER_BOUND('',#242,.T.);
#96=FACE_OUTER_BOUND('',#244,.T.);
#97=FACE_OUTER_BOUND('',#246,.T.);
#98=FACE_OUTER_BOUND('',#248,.T.);
#99=FACE_OUTER_BOUND('',#250,.T.);
#100=FACE_OUTER_BOUND('',#252,.T.);
#101=FACE_OUTER_BOUND('',#253,.T.);
#102=FACE_OUTER_BOUND('',#254,.T.);
#103=FACE_OUTER_BOUND('',#255,.T.);
#104=FACE_OUTER_BOUND('',#256,.T.);
#105=FACE_OUTER_BOUND('',#257,.T.);
#106=FACE_OUTER_BOUND('',#258,.T.);
#107=FACE_OUTER_BOUND('',#259,.T.);
#108=FACE_OUTER_BOUND('',#260,.T.);
#109=FACE_OUTER_BOUND('',#261,.T.);
#110=FACE_OUTER_BOUND('',#262,.T.);
#111=FACE_OUTER_BOUND('',#263,.T.);
#112=FACE_OUTER_BOUND('',#264,.T.);
#113=FACE_OUTER_BOUND('',#265,.T.);
#114=FACE_OUTER_BOUND('',#266,.T.);
#115=FACE_OUTER_BOUND('',#267,.T.);
#116=FACE_OUTER_BOUND('',#268,.T.);
#117=FACE_OUTER_BOUND('',#269,.T.);
#118=FACE_OUTER_BOUND('',#270,.T.);
#119=FACE_OUTER_BOUND('',#271,.T.);
#120=FACE_OUTER_BOUND('',#272,.T.);
#121=FACE_OUTER_BOUND('',#273,.T.);
#122=FACE_OUTER_BOUND('',#274,.T.);
#123=FACE_OUTER_BOUND('',#275,.T.);
#124=FACE_OUTER_BOUND('',#276,.T.);
#125=FACE_OUTER_BOUND('',#278,.T.);
#126=FACE_OUTER_BOUND('',#279,.T.);
#127=FACE_OUTER_BOUND('',#280,.T.);
#128=FACE_OUTER_BOUND('',#281,.T.);
#129=FACE_OUTER_BOUND('',#282,.T.);
#130=FACE_OUTER_BOUND('',#283,.T.);
#131=FACE_OUTER_BOUND('',#284,.T.);
#132=FACE_OUTER_BOUND('',#285,.T.);
#133=FACE_OUTER_BOUND('',#286,.T.);
#134=FACE_OUTER_BOUND('',#287,.T.);
#135=FACE_OUTER_BOUND('',#288,.T.);
#136=FACE_OUTER_BOUND('',#289,.T.);
#137=FACE_OUTER_BOUND('',#290,.T.);
#138=FACE_OUTER_BOUND('',#291,.T.);
#139=FACE_OUTER_BOUND('',#292,.T.);
#140=FACE_OUTER_BOUND('',#293,.T.);
#141=FACE_OUTER_BOUND('',#294,.T.);
#142=FACE_OUTER_BOUND('',#295,.T.);
#143=FACE_OUTER_BOUND('',#296,.T.);
#144=FACE_OUTER_BOUND('',#297,.T.);
#145=FACE_OUTER_BOUND('',#298,.T.);
#146=FACE_OUTER_BOUND('',#299,.T.);
#147=FACE_OUTER_BOUND('',#300,.T.);
#148=FACE_OUTER_BOUND('',#301,.T.);
#149=FACE_OUTER_BOUND('',#302,.T.);
#150=FACE_OUTER_BOUND('',#303,.T.);
#151=FACE_OUTER_BOUND('',#304,.T.);
#152=FACE_OUTER_BOUND('',#305,.T.);
#153=FACE_OUTER_BOUND('',#306,.T.);
#154=FACE_OUTER_BOUND('',#307,.T.);
#155=FACE_OUTER_BOUND('',#308,.T.);
#156=FACE_OUTER_BOUND('',#309,.T.);
#157=FACE_OUTER_BOUND('',#310,.T.);
#158=FACE_OUTER_BOUND('',#311,.T.);
#159=FACE_OUTER_BOUND('',#312,.T.);
#160=FACE_OUTER_BOUND('',#313,.T.);
#161=FACE_OUTER_BOUND('',#314,.T.);
#162=FACE_OUTER_BOUND('',#315,.T.);
#163=FACE_OUTER_BOUND('',#316,.T.);
#164=FACE_OUTER_BOUND('',#317,.T.);
#165=FACE_OUTER_BOUND('',#318,.T.);
#166=FACE_OUTER_BOUND('',#319,.T.);
#167=FACE_OUTER_BOUND('',#320,.T.);
#168=FACE_OUTER_BOUND('',#321,.T.);
#169=FACE_OUTER_BOUND('',#322,.T.);
#170=FACE_OUTER_BOUND('',#323,.T.);
#171=FACE_OUTER_BOUND('',#324,.T.);
#172=FACE_OUTER_BOUND('',#325,.T.);
#173=FACE_OUTER_BOUND('',#326,.T.);
#174=FACE_OUTER_BOUND('',#327,.T.);
#175=FACE_OUTER_BOUND('',#328,.T.);
#176=FACE_OUTER_BOUND('',#329,.T.);
#177=FACE_OUTER_BOUND('',#330,.T.);
#178=FACE_OUTER_BOUND('',#331,.T.);
#179=FACE_OUTER_BOUND('',#332,.T.);
#180=FACE_OUTER_BOUND('',#333,.T.);
#181=FACE_OUTER_BOUND('',#334,.T.);
#182=FACE_OUTER_BOUND('',#335,.T.);
#183=FACE_OUTER_BOUND('',#336,.T.);
#184=FACE_OUTER_BOUND('',#337,.T.);
#185=FACE_OUTER_BOUND('',#338,.T.);
#186=FACE_OUTER_BOUND('',#339,.T.);
#187=FACE_OUTER_BOUND('',#340,.T.);
#188=FACE_OUTER_BOUND('',#341,.T.);
#189=FACE_OUTER_BOUND('',#342,.T.);
#190=FACE_OUTER_BOUND('',#343,.T.);
#191=FACE_OUTER_BOUND('',#344,.T.);
#192=FACE_OUTER_BOUND('',#345,.T.);
#193=FACE_OUTER_BOUND('',#346,.T.);
#194=FACE_OUTER_BOUND('',#347,.T.);
#195=FACE_OUTER_BOUND('',#348,.T.);
#196=FACE_OUTER_BOUND('',#349,.T.);
#197=FACE_OUTER_BOUND('',#350,.T.);
#198=FACE_OUTER_BOUND('',#351,.T.);
#199=FACE_OUTER_BOUND('',#352,.T.);
#200=FACE_OUTER_BOUND('',#353,.T.);
#201=FACE_OUTER_BOUND('',#354,.T.);
#202=FACE_OUTER_BOUND('',#355,.T.);
#203=FACE_OUTER_BOUND('',#356,.T.);
#204=FACE_OUTER_BOUND('',#357,.T.);
#205=FACE_OUTER_BOUND('',#358,.T.);
#206=FACE_OUTER_BOUND('',#359,.T.);
#207=FACE_OUTER_BOUND('',#360,.T.);
#208=FACE_OUTER_BOUND('',#361,.T.);
#209=FACE_OUTER_BOUND('',#362,.T.);
#210=FACE_OUTER_BOUND('',#363,.T.);
#211=FACE_OUTER_BOUND('',#364,.T.);
#212=FACE_OUTER_BOUND('',#365,.T.);
#213=FACE_OUTER_BOUND('',#366,.T.);
#214=FACE_OUTER_BOUND('',#367,.T.);
#215=FACE_OUTER_BOUND('',#368,.T.);
#216=FACE_OUTER_BOUND('',#369,.T.);
#217=FACE_OUTER_BOUND('',#370,.T.);
#218=FACE_OUTER_BOUND('',#371,.T.);
#219=FACE_OUTER_BOUND('',#372,.T.);
#220=FACE_OUTER_BOUND('',#373,.T.);
#221=FACE_OUTER_BOUND('',#374,.T.);
#222=FACE_OUTER_BOUND('',#375,.T.);
#223=FACE_OUTER_BOUND('',#376,.T.);
#224=FACE_OUTER_BOUND('',#377,.T.);
#225=FACE_OUTER_BOUND('',#378,.T.);
#226=FACE_OUTER_BOUND('',#379,.T.);
#227=FACE_OUTER_BOUND('',#380,.T.);
#228=FACE_OUTER_BOUND('',#381,.T.);
#229=FACE_OUTER_BOUND('',#382,.T.);
#230=EDGE_LOOP('',(#1670,#1671,#1672,#1673));
#231=EDGE_LOOP('',(#1674,#1675,#1676,#1677));
#232=EDGE_LOOP('',(#1678,#1679,#1680,#1681));
#233=EDGE_LOOP('',(#1682,#1683,#1684,#1685));
#234=EDGE_LOOP('',(#1686));
#235=EDGE_LOOP('',(#1687));
#236=EDGE_LOOP('',(#1688));
#237=EDGE_LOOP('',(#1689));
#238=EDGE_LOOP('',(#1690,#1691,#1692,#1693,#1694));
#239=EDGE_LOOP('',(#1695,#1696,#1697,#1698));
#240=EDGE_LOOP('',(#1699,#1700,#1701,#1702,#1703));
#241=EDGE_LOOP('',(#1704,#1705,#1706,#1707,#1708,#1709));
#242=EDGE_LOOP('',(#1710));
#243=EDGE_LOOP('',(#1711));
#244=EDGE_LOOP('',(#1712));
#245=EDGE_LOOP('',(#1713));
#246=EDGE_LOOP('',(#1714,#1715,#1716,#1717));
#247=EDGE_LOOP('',(#1718,#1719));
#248=EDGE_LOOP('',(#1720,#1721,#1722,#1723,#1724,#1725,#1726,#1727,#1728,
#1729,#1730,#1731,#1732,#1733,#1734,#1735,#1736,#1737,#1738,#1739,#1740,
#1741,#1742,#1743,#1744,#1745,#1746,#1747,#1748,#1749,#1750,#1751,#1752,
#1753,#1754,#1755,#1756,#1757,#1758,#1759,#1760,#1761,#1762,#1763,#1764,
#1765,#1766,#1767,#1768,#1769,#1770,#1771,#1772,#1773,#1774,#1775,#1776,
#1777,#1778,#1779,#1780,#1781,#1782,#1783,#1784,#1785,#1786,#1787,#1788,
#1789,#1790,#1791,#1792,#1793,#1794,#1795,#1796,#1797,#1798,#1799,#1800,
#1801,#1802,#1803,#1804,#1805,#1806,#1807,#1808,#1809,#1810,#1811,#1812,
#1813,#1814,#1815,#1816,#1817,#1818,#1819,#1820,#1821,#1822,#1823,#1824,
#1825,#1826,#1827,#1828,#1829,#1830,#1831,#1832,#1833,#1834,#1835,#1836,
#1837,#1838,#1839));
#249=EDGE_LOOP('',(#1840));
#250=EDGE_LOOP('',(#1841));
#251=EDGE_LOOP('',(#1842));
#252=EDGE_LOOP('',(#1843,#1844,#1845,#1846,#1847,#1848,#1849,#1850,#1851,
#1852,#1853,#1854,#1855,#1856,#1857,#1858,#1859));
#253=EDGE_LOOP('',(#1860,#1861,#1862,#1863));
#254=EDGE_LOOP('',(#1864,#1865,#1866,#1867));
#255=EDGE_LOOP('',(#1868,#1869,#1870,#1871));
#256=EDGE_LOOP('',(#1872,#1873,#1874,#1875));
#257=EDGE_LOOP('',(#1876,#1877,#1878,#1879));
#258=EDGE_LOOP('',(#1880,#1881,#1882,#1883));
#259=EDGE_LOOP('',(#1884,#1885,#1886,#1887));
#260=EDGE_LOOP('',(#1888,#1889,#1890,#1891));
#261=EDGE_LOOP('',(#1892,#1893,#1894,#1895));
#262=EDGE_LOOP('',(#1896,#1897,#1898,#1899));
#263=EDGE_LOOP('',(#1900,#1901,#1902,#1903));
#264=EDGE_LOOP('',(#1904,#1905,#1906,#1907));
#265=EDGE_LOOP('',(#1908,#1909,#1910,#1911));
#266=EDGE_LOOP('',(#1912,#1913,#1914,#1915));
#267=EDGE_LOOP('',(#1916,#1917,#1918,#1919));
#268=EDGE_LOOP('',(#1920,#1921,#1922,#1923));
#269=EDGE_LOOP('',(#1924,#1925,#1926,#1927));
#270=EDGE_LOOP('',(#1928,#1929,#1930,#1931));
#271=EDGE_LOOP('',(#1932,#1933,#1934,#1935));
#272=EDGE_LOOP('',(#1936,#1937,#1938,#1939));
#273=EDGE_LOOP('',(#1940,#1941,#1942,#1943));
#274=EDGE_LOOP('',(#1944,#1945,#1946,#1947));
#275=EDGE_LOOP('',(#1948,#1949,#1950,#1951));
#276=EDGE_LOOP('',(#1952,#1953,#1954,#1955,#1956,#1957,#1958,#1959,#1960,
#1961,#1962,#1963,#1964,#1965,#1966,#1967,#1968,#1969,#1970,#1971,#1972,
#1973,#1974,#1975,#1976,#1977,#1978,#1979,#1980,#1981,#1982,#1983,#1984,
#1985,#1986,#1987,#1988,#1989,#1990,#1991,#1992,#1993,#1994,#1995,#1996,
#1997,#1998,#1999,#2000,#2001,#2002,#2003,#2004,#2005,#2006,#2007,#2008,
#2009,#2010,#2011,#2012,#2013,#2014,#2015,#2016,#2017,#2018,#2019,#2020,
#2021,#2022,#2023,#2024,#2025,#2026,#2027,#2028,#2029,#2030,#2031,#2032,
#2033,#2034,#2035,#2036,#2037,#2038,#2039,#2040,#2041,#2042,#2043,#2044,
#2045,#2046,#2047,#2048,#2049,#2050,#2051,#2052,#2053,#2054,#2055,#2056,
#2057,#2058,#2059,#2060,#2061,#2062,#2063,#2064,#2065,#2066,#2067,#2068,
#2069,#2070,#2071));
#277=EDGE_LOOP('',(#2072));
#278=EDGE_LOOP('',(#2073,#2074,#2075,#2076));
#279=EDGE_LOOP('',(#2077,#2078,#2079,#2080));
#280=EDGE_LOOP('',(#2081,#2082,#2083,#2084));
#281=EDGE_LOOP('',(#2085,#2086,#2087,#2088));
#282=EDGE_LOOP('',(#2089,#2090,#2091,#2092));
#283=EDGE_LOOP('',(#2093,#2094,#2095,#2096));
#284=EDGE_LOOP('',(#2097,#2098,#2099,#2100));
#285=EDGE_LOOP('',(#2101,#2102,#2103,#2104));
#286=EDGE_LOOP('',(#2105,#2106,#2107,#2108));
#287=EDGE_LOOP('',(#2109,#2110,#2111,#2112));
#288=EDGE_LOOP('',(#2113,#2114,#2115,#2116));
#289=EDGE_LOOP('',(#2117,#2118,#2119,#2120));
#290=EDGE_LOOP('',(#2121,#2122,#2123,#2124));
#291=EDGE_LOOP('',(#2125,#2126,#2127,#2128));
#292=EDGE_LOOP('',(#2129,#2130,#2131,#2132));
#293=EDGE_LOOP('',(#2133,#2134,#2135,#2136));
#294=EDGE_LOOP('',(#2137,#2138,#2139,#2140));
#295=EDGE_LOOP('',(#2141,#2142,#2143,#2144));
#296=EDGE_LOOP('',(#2145,#2146,#2147,#2148));
#297=EDGE_LOOP('',(#2149,#2150,#2151,#2152));
#298=EDGE_LOOP('',(#2153,#2154,#2155,#2156));
#299=EDGE_LOOP('',(#2157,#2158,#2159,#2160));
#300=EDGE_LOOP('',(#2161,#2162,#2163,#2164));
#301=EDGE_LOOP('',(#2165,#2166,#2167,#2168));
#302=EDGE_LOOP('',(#2169,#2170,#2171,#2172));
#303=EDGE_LOOP('',(#2173,#2174,#2175,#2176));
#304=EDGE_LOOP('',(#2177,#2178,#2179,#2180));
#305=EDGE_LOOP('',(#2181,#2182,#2183,#2184));
#306=EDGE_LOOP('',(#2185,#2186,#2187,#2188));
#307=EDGE_LOOP('',(#2189,#2190,#2191,#2192));
#308=EDGE_LOOP('',(#2193,#2194,#2195,#2196));
#309=EDGE_LOOP('',(#2197,#2198,#2199,#2200));
#310=EDGE_LOOP('',(#2201,#2202,#2203,#2204));
#311=EDGE_LOOP('',(#2205,#2206,#2207,#2208));
#312=EDGE_LOOP('',(#2209,#2210,#2211,#2212));
#313=EDGE_LOOP('',(#2213,#2214,#2215,#2216));
#314=EDGE_LOOP('',(#2217,#2218,#2219,#2220));
#315=EDGE_LOOP('',(#2221,#2222,#2223,#2224));
#316=EDGE_LOOP('',(#2225,#2226,#2227,#2228));
#317=EDGE_LOOP('',(#2229,#2230,#2231,#2232));
#318=EDGE_LOOP('',(#2233,#2234,#2235,#2236));
#319=EDGE_LOOP('',(#2237,#2238,#2239,#2240));
#320=EDGE_LOOP('',(#2241,#2242,#2243,#2244));
#321=EDGE_LOOP('',(#2245,#2246,#2247,#2248));
#322=EDGE_LOOP('',(#2249,#2250,#2251,#2252));
#323=EDGE_LOOP('',(#2253,#2254,#2255,#2256));
#324=EDGE_LOOP('',(#2257,#2258,#2259,#2260));
#325=EDGE_LOOP('',(#2261,#2262,#2263,#2264));
#326=EDGE_LOOP('',(#2265,#2266,#2267,#2268));
#327=EDGE_LOOP('',(#2269,#2270,#2271,#2272));
#328=EDGE_LOOP('',(#2273,#2274,#2275,#2276));
#329=EDGE_LOOP('',(#2277,#2278,#2279,#2280));
#330=EDGE_LOOP('',(#2281,#2282,#2283,#2284));
#331=EDGE_LOOP('',(#2285,#2286,#2287,#2288));
#332=EDGE_LOOP('',(#2289,#2290,#2291,#2292));
#333=EDGE_LOOP('',(#2293,#2294,#2295,#2296));
#334=EDGE_LOOP('',(#2297,#2298,#2299,#2300));
#335=EDGE_LOOP('',(#2301,#2302,#2303,#2304));
#336=EDGE_LOOP('',(#2305,#2306,#2307,#2308));
#337=EDGE_LOOP('',(#2309,#2310,#2311,#2312));
#338=EDGE_LOOP('',(#2313,#2314,#2315,#2316,#2317,#2318));
#339=EDGE_LOOP('',(#2319,#2320,#2321,#2322));
#340=EDGE_LOOP('',(#2323,#2324,#2325,#2326,#2327,#2328,#2329));
#341=EDGE_LOOP('',(#2330,#2331,#2332,#2333));
#342=EDGE_LOOP('',(#2334,#2335,#2336,#2337));
#343=EDGE_LOOP('',(#2338,#2339,#2340,#2341));
#344=EDGE_LOOP('',(#2342,#2343,#2344,#2345));
#345=EDGE_LOOP('',(#2346,#2347,#2348,#2349));
#346=EDGE_LOOP('',(#2350,#2351,#2352,#2353));
#347=EDGE_LOOP('',(#2354,#2355,#2356,#2357));
#348=EDGE_LOOP('',(#2358,#2359,#2360,#2361));
#349=EDGE_LOOP('',(#2362,#2363,#2364,#2365));
#350=EDGE_LOOP('',(#2366,#2367,#2368,#2369));
#351=EDGE_LOOP('',(#2370,#2371,#2372,#2373));
#352=EDGE_LOOP('',(#2374,#2375,#2376,#2377));
#353=EDGE_LOOP('',(#2378,#2379,#2380,#2381));
#354=EDGE_LOOP('',(#2382,#2383,#2384,#2385));
#355=EDGE_LOOP('',(#2386,#2387,#2388,#2389));
#356=EDGE_LOOP('',(#2390,#2391,#2392,#2393));
#357=EDGE_LOOP('',(#2394,#2395,#2396,#2397));
#358=EDGE_LOOP('',(#2398,#2399,#2400,#2401));
#359=EDGE_LOOP('',(#2402,#2403,#2404,#2405));
#360=EDGE_LOOP('',(#2406,#2407,#2408,#2409));
#361=EDGE_LOOP('',(#2410,#2411,#2412,#2413));
#362=EDGE_LOOP('',(#2414,#2415,#2416,#2417));
#363=EDGE_LOOP('',(#2418,#2419,#2420,#2421));
#364=EDGE_LOOP('',(#2422,#2423,#2424,#2425));
#365=EDGE_LOOP('',(#2426,#2427,#2428,#2429));
#366=EDGE_LOOP('',(#2430,#2431,#2432,#2433));
#367=EDGE_LOOP('',(#2434,#2435,#2436,#2437));
#368=EDGE_LOOP('',(#2438,#2439,#2440,#2441));
#369=EDGE_LOOP('',(#2442,#2443,#2444,#2445));
#370=EDGE_LOOP('',(#2446,#2447,#2448,#2449));
#371=EDGE_LOOP('',(#2450,#2451,#2452,#2453));
#372=EDGE_LOOP('',(#2454,#2455,#2456,#2457));
#373=EDGE_LOOP('',(#2458,#2459,#2460,#2461));
#374=EDGE_LOOP('',(#2462,#2463,#2464,#2465));
#375=EDGE_LOOP('',(#2466,#2467,#2468,#2469));
#376=EDGE_LOOP('',(#2470,#2471,#2472,#2473));
#377=EDGE_LOOP('',(#2474,#2475,#2476,#2477));
#378=EDGE_LOOP('',(#2478,#2479,#2480,#2481));
#379=EDGE_LOOP('',(#2482,#2483,#2484,#2485));
#380=EDGE_LOOP('',(#2486,#2487,#2488,#2489));
#381=EDGE_LOOP('',(#2490,#2491,#2492,#2493));
#382=EDGE_LOOP('',(#2494));
#383=EDGE_LOOP('',(#2495));
#384=LINE('',#4016,#582);
#385=LINE('',#4022,#583);
#386=LINE('',#4026,#584);
#387=LINE('',#4030,#585);
#388=LINE('',#4039,#586);
#389=LINE('',#4046,#587);
#390=LINE('',#4052,#588);
#391=LINE('',#4057,#589);
#392=LINE('',#4064,#590);
#393=LINE('',#4111,#591);
#394=LINE('',#4119,#592);
#395=LINE('',#4127,#593);
#396=LINE('',#4135,#594);
#397=LINE('',#4143,#595);
#398=LINE('',#4151,#596);
#399=LINE('',#4159,#597);
#400=LINE('',#4167,#598);
#401=LINE('',#4175,#599);
#402=LINE('',#4183,#600);
#403=LINE('',#4191,#601);
#404=LINE('',#4199,#602);
#405=LINE('',#4207,#603);
#406=LINE('',#4215,#604);
#407=LINE('',#4223,#605);
#408=LINE('',#4231,#606);
#409=LINE('',#4239,#607);
#410=LINE('',#4247,#608);
#411=LINE('',#4255,#609);
#412=LINE('',#4263,#610);
#413=LINE('',#4271,#611);
#414=LINE('',#4279,#612);
#415=LINE('',#4287,#613);
#416=LINE('',#4295,#614);
#417=LINE('',#4303,#615);
#418=LINE('',#4311,#616);
#419=LINE('',#4319,#617);
#420=LINE('',#4327,#618);
#421=LINE('',#4335,#619);
#422=LINE('',#4343,#620);
#423=LINE('',#4352,#621);
#424=LINE('',#4453,#622);
#425=LINE('',#4456,#623);
#426=LINE('',#4461,#624);
#427=LINE('',#4462,#625);
#428=LINE('',#4467,#626);
#429=LINE('',#4468,#627);
#430=LINE('',#4473,#628);
#431=LINE('',#4474,#629);
#432=LINE('',#4479,#630);
#433=LINE('',#4480,#631);
#434=LINE('',#4485,#632);
#435=LINE('',#4486,#633);
#436=LINE('',#4491,#634);
#437=LINE('',#4492,#635);
#438=LINE('',#4497,#636);
#439=LINE('',#4498,#637);
#440=LINE('',#4503,#638);
#441=LINE('',#4504,#639);
#442=LINE('',#4509,#640);
#443=LINE('',#4510,#641);
#444=LINE('',#4515,#642);
#445=LINE('',#4516,#643);
#446=LINE('',#4521,#644);
#447=LINE('',#4522,#645);
#448=LINE('',#4527,#646);
#449=LINE('',#4528,#647);
#450=LINE('',#4533,#648);
#451=LINE('',#4534,#649);
#452=LINE('',#4536,#650);
#453=LINE('',#4537,#651);
#454=LINE('',#4539,#652);
#455=LINE('',#4540,#653);
#456=LINE('',#4543,#654);
#457=LINE('',#4545,#655);
#458=LINE('',#4546,#656);
#459=LINE('',#4549,#657);
#460=LINE('',#4551,#658);
#461=LINE('',#4552,#659);
#462=LINE('',#4556,#660);
#463=LINE('',#4558,#661);
#464=LINE('',#4571,#662);
#465=LINE('',#4576,#663);
#466=LINE('',#4584,#664);
#467=LINE('',#4589,#665);
#468=LINE('',#4597,#666);
#469=LINE('',#4602,#667);
#470=LINE('',#4609,#668);
#471=LINE('',#4615,#669);
#472=LINE('',#4622,#670);
#473=LINE('',#4628,#671);
#474=LINE('',#4635,#672);
#475=LINE('',#4641,#673);
#476=LINE('',#4648,#674);
#477=LINE('',#4658,#675);
#478=LINE('',#4664,#676);
#479=LINE('',#4671,#677);
#480=LINE('',#4677,#678);
#481=LINE('',#4684,#679);
#482=LINE('',#4690,#680);
#483=LINE('',#4698,#681);
#484=LINE('',#4703,#682);
#485=LINE('',#4711,#683);
#486=LINE('',#4716,#684);
#487=LINE('',#4724,#685);
#488=LINE('',#4729,#686);
#489=LINE('',#4737,#687);
#490=LINE('',#4745,#688);
#491=LINE('',#4753,#689);
#492=LINE('',#4756,#690);
#493=LINE('',#4757,#691);
#494=LINE('',#4759,#692);
#495=LINE('',#4761,#693);
#496=LINE('',#4763,#694);
#497=LINE('',#4766,#695);
#498=LINE('',#4767,#696);
#499=LINE('',#4769,#697);
#500=LINE('',#4771,#698);
#501=LINE('',#4774,#699);
#502=LINE('',#4775,#700);
#503=LINE('',#4777,#701);
#504=LINE('',#4779,#702);
#505=LINE('',#4782,#703);
#506=LINE('',#4783,#704);
#507=LINE('',#4785,#705);
#508=LINE('',#4787,#706);
#509=LINE('',#4790,#707);
#510=LINE('',#4792,#708);
#511=LINE('',#4795,#709);
#512=LINE('',#4796,#710);
#513=LINE('',#4798,#711);
#514=LINE('',#4800,#712);
#515=LINE('',#4803,#713);
#516=LINE('',#4805,#714);
#517=LINE('',#4808,#715);
#518=LINE('',#4809,#716);
#519=LINE('',#4811,#717);
#520=LINE('',#4813,#718);
#521=LINE('',#4816,#719);
#522=LINE('',#4818,#720);
#523=LINE('',#4821,#721);
#524=LINE('',#4822,#722);
#525=LINE('',#4824,#723);
#526=LINE('',#4826,#724);
#527=LINE('',#4829,#725);
#528=LINE('',#4831,#726);
#529=LINE('',#4833,#727);
#530=LINE('',#4836,#728);
#531=LINE('',#4837,#729);
#532=LINE('',#4839,#730);
#533=LINE('',#4842,#731);
#534=LINE('',#4844,#732);
#535=LINE('',#4846,#733);
#536=LINE('',#4849,#734);
#537=LINE('',#4850,#735);
#538=LINE('',#4852,#736);
#539=LINE('',#4855,#737);
#540=LINE('',#4857,#738);
#541=LINE('',#4859,#739);
#542=LINE('',#4862,#740);
#543=LINE('',#4863,#741);
#544=LINE('',#4865,#742);
#545=LINE('',#4868,#743);
#546=LINE('',#4871,#744);
#547=LINE('',#4873,#745);
#548=LINE('',#4876,#746);
#549=LINE('',#4877,#747);
#550=LINE('',#4879,#748);
#551=LINE('',#4882,#749);
#552=LINE('',#4884,#750);
#553=LINE('',#4886,#751);
#554=LINE('',#4889,#752);
#555=LINE('',#4890,#753);
#556=LINE('',#4892,#754);
#557=LINE('',#4895,#755);
#558=LINE('',#4897,#756);
#559=LINE('',#4899,#757);
#560=LINE('',#4902,#758);
#561=LINE('',#4903,#759);
#562=LINE('',#4905,#760);
#563=LINE('',#4908,#761);
#564=LINE('',#4910,#762);
#565=LINE('',#4912,#763);
#566=LINE('',#4915,#764);
#567=LINE('',#4916,#765);
#568=LINE('',#4918,#766);
#569=LINE('',#4921,#767);
#570=LINE('',#4923,#768);
#571=LINE('',#4926,#769);
#572=LINE('',#4927,#770);
#573=LINE('',#4929,#771);
#574=LINE('',#4931,#772);
#575=LINE('',#4934,#773);
#576=LINE('',#4936,#774);
#577=LINE('',#4939,#775);
#578=LINE('',#4940,#776);
#579=LINE('',#4942,#777);
#580=LINE('',#4944,#778);
#581=LINE('',#4947,#779);
#582=VECTOR('',#3115,4.99999999999999);
#583=VECTOR('',#3122,8.);
#584=VECTOR('',#3127,8.99999999999999);
#585=VECTOR('',#3132,8.99999999999999);
#586=VECTOR('',#3143,8.);
#587=VECTOR('',#3152,4.99999999999999);
#588=VECTOR('',#3159,8.99999999999999);
#589=VECTOR('',#3166,8.99999999999999);
#590=VECTOR('',#3175,2.42);
#591=VECTOR('',#3184,1000.);
#592=VECTOR('',#3191,1000.);
#593=VECTOR('',#3198,1000.);
#594=VECTOR('',#3205,1000.);
#595=VECTOR('',#3212,1000.);
#596=VECTOR('',#3219,1000.);
#597=VECTOR('',#3226,1000.);
#598=VECTOR('',#3233,1000.);
#599=VECTOR('',#3240,1000.);
#600=VECTOR('',#3247,1000.);
#601=VECTOR('',#3254,1000.);
#602=VECTOR('',#3261,1000.);
#603=VECTOR('',#3268,1000.);
#604=VECTOR('',#3275,1000.);
#605=VECTOR('',#3282,1000.);
#606=VECTOR('',#3289,1000.);
#607=VECTOR('',#3296,1000.);
#608=VECTOR('',#3303,1000.);
#609=VECTOR('',#3310,1000.);
#610=VECTOR('',#3317,1000.);
#611=VECTOR('',#3324,1000.);
#612=VECTOR('',#3331,1000.);
#613=VECTOR('',#3338,1000.);
#614=VECTOR('',#3345,1000.);
#615=VECTOR('',#3352,1000.);
#616=VECTOR('',#3359,1000.);
#617=VECTOR('',#3366,1000.);
#618=VECTOR('',#3373,1000.);
#619=VECTOR('',#3380,1000.);
#620=VECTOR('',#3387,1000.);
#621=VECTOR('',#3398,1.13029999999999);
#622=VECTOR('',#3415,4.99999999999999);
#623=VECTOR('',#3420,4.99999999999999);
#624=VECTOR('',#3425,1000.);
#625=VECTOR('',#3426,1000.);
#626=VECTOR('',#3431,1000.);
#627=VECTOR('',#3432,1000.);
#628=VECTOR('',#3437,1000.);
#629=VECTOR('',#3438,1000.);
#630=VECTOR('',#3443,1000.);
#631=VECTOR('',#3444,1000.);
#632=VECTOR('',#3449,1000.);
#633=VECTOR('',#3450,1000.);
#634=VECTOR('',#3455,1000.);
#635=VECTOR('',#3456,1000.);
#636=VECTOR('',#3461,1000.);
#637=VECTOR('',#3462,1000.);
#638=VECTOR('',#3467,1000.);
#639=VECTOR('',#3468,1000.);
#640=VECTOR('',#3473,1000.);
#641=VECTOR('',#3474,1000.);
#642=VECTOR('',#3479,1000.);
#643=VECTOR('',#3480,1000.);
#644=VECTOR('',#3485,1000.);
#645=VECTOR('',#3486,1000.);
#646=VECTOR('',#3491,1000.);
#647=VECTOR('',#3492,1000.);
#648=VECTOR('',#3497,1000.);
#649=VECTOR('',#3498,1000.);
#650=VECTOR('',#3501,1000.);
#651=VECTOR('',#3502,1000.);
#652=VECTOR('',#3505,1000.);
#653=VECTOR('',#3506,1000.);
#654=VECTOR('',#3509,1000.);
#655=VECTOR('',#3510,1000.);
#656=VECTOR('',#3511,1000.);
#657=VECTOR('',#3514,1000.);
#658=VECTOR('',#3515,1000.);
#659=VECTOR('',#3516,1000.);
#660=VECTOR('',#3521,1000.);
#661=VECTOR('',#3522,1000.);
#662=VECTOR('',#3539,1000.);
#663=VECTOR('',#3544,1000.);
#664=VECTOR('',#3551,1000.);
#665=VECTOR('',#3556,1000.);
#666=VECTOR('',#3563,1000.);
#667=VECTOR('',#3568,1000.);
#668=VECTOR('',#3575,1000.);
#669=VECTOR('',#3580,1000.);
#670=VECTOR('',#3587,1000.);
#671=VECTOR('',#3592,1000.);
#672=VECTOR('',#3599,1000.);
#673=VECTOR('',#3604,1000.);
#674=VECTOR('',#3611,1000.);
#675=VECTOR('',#3622,1000.);
#676=VECTOR('',#3627,1000.);
#677=VECTOR('',#3634,1000.);
#678=VECTOR('',#3639,1000.);
#679=VECTOR('',#3646,1000.);
#680=VECTOR('',#3651,1000.);
#681=VECTOR('',#3658,1000.);
#682=VECTOR('',#3663,1000.);
#683=VECTOR('',#3670,1000.);
#684=VECTOR('',#3675,1000.);
#685=VECTOR('',#3682,1000.);
#686=VECTOR('',#3687,1000.);
#687=VECTOR('',#3694,1000.);
#688=VECTOR('',#3701,1000.);
#689=VECTOR('',#3708,1000.);
#690=VECTOR('',#3713,10.);
#691=VECTOR('',#3714,1000.);
#692=VECTOR('',#3717,10.);
#693=VECTOR('',#3720,10.);
#694=VECTOR('',#3723,10.);
#695=VECTOR('',#3728,10.);
#696=VECTOR('',#3729,10.);
#697=VECTOR('',#3732,10.);
#698=VECTOR('',#3735,10.);
#699=VECTOR('',#3740,10.);
#700=VECTOR('',#3741,10.);
#701=VECTOR('',#3744,10.);
#702=VECTOR('',#3747,10.);
#703=VECTOR('',#3752,10.);
#704=VECTOR('',#3753,10.);
#705=VECTOR('',#3756,10.);
#706=VECTOR('',#3759,10.);
#707=VECTOR('',#3764,10.);
#708=VECTOR('',#3767,10.);
#709=VECTOR('',#3772,10.);
#710=VECTOR('',#3773,10.);
#711=VECTOR('',#3776,10.);
#712=VECTOR('',#3779,10.);
#713=VECTOR('',#3784,10.);
#714=VECTOR('',#3787,10.);
#715=VECTOR('',#3792,10.);
#716=VECTOR('',#3793,10.);
#717=VECTOR('',#3796,10.);
#718=VECTOR('',#3799,10.);
#719=VECTOR('',#3804,10.);
#720=VECTOR('',#3807,10.);
#721=VECTOR('',#3812,10.);
#722=VECTOR('',#3813,10.);
#723=VECTOR('',#3816,10.);
#724=VECTOR('',#3819,10.);
#725=VECTOR('',#3824,10.);
#726=VECTOR('',#3827,10.);
#727=VECTOR('',#3830,10.);
#728=VECTOR('',#3835,10.);
#729=VECTOR('',#3836,10.);
#730=VECTOR('',#3839,10.);
#731=VECTOR('',#3844,10.);
#732=VECTOR('',#3847,10.);
#733=VECTOR('',#3850,10.);
#734=VECTOR('',#3855,10.);
#735=VECTOR('',#3856,10.);
#736=VECTOR('',#3859,10.);
#737=VECTOR('',#3864,10.);
#738=VECTOR('',#3867,10.);
#739=VECTOR('',#3870,10.);
#740=VECTOR('',#3875,10.);
#741=VECTOR('',#3876,10.);
#742=VECTOR('',#3879,10.);
#743=VECTOR('',#3884,10.);
#744=VECTOR('',#3889,10.);
#745=VECTOR('',#3892,10.);
#746=VECTOR('',#3897,10.);
#747=VECTOR('',#3898,10.);
#748=VECTOR('',#3901,10.);
#749=VECTOR('',#3906,10.);
#750=VECTOR('',#3909,10.);
#751=VECTOR('',#3912,10.);
#752=VECTOR('',#3917,10.);
#753=VECTOR('',#3918,10.);
#754=VECTOR('',#3921,10.);
#755=VECTOR('',#3926,10.);
#756=VECTOR('',#3929,10.);
#757=VECTOR('',#3932,10.);
#758=VECTOR('',#3937,10.);
#759=VECTOR('',#3938,10.);
#760=VECTOR('',#3941,10.);
#761=VECTOR('',#3946,10.);
#762=VECTOR('',#3949,10.);
#763=VECTOR('',#3952,10.);
#764=VECTOR('',#3957,10.);
#765=VECTOR('',#3958,10.);
#766=VECTOR('',#3961,10.);
#767=VECTOR('',#3966,10.);
#768=VECTOR('',#3969,10.);
#769=VECTOR('',#3974,10.);
#770=VECTOR('',#3975,10.);
#771=VECTOR('',#3978,10.);
#772=VECTOR('',#3981,10.);
#773=VECTOR('',#3986,10.);
#774=VECTOR('',#3989,10.);
#775=VECTOR('',#3994,10.);
#776=VECTOR('',#3995,10.);
#777=VECTOR('',#3998,10.);
#778=VECTOR('',#4001,10.);
#779=VECTOR('',#4006,10.);
#780=CIRCLE('',#2759,4.99999999999999);
#781=CIRCLE('',#2760,4.99999999999999);
#782=CIRCLE('',#2762,8.);
#783=CIRCLE('',#2763,8.99999999999999);
#784=CIRCLE('',#2765,8.99999999999999);
#785=CIRCLE('',#2767,8.);
#786=CIRCLE('',#2771,8.99999999999999);
#787=CIRCLE('',#2772,8.);
#788=CIRCLE('',#2773,8.99999999999999);
#789=CIRCLE('',#2775,4.99999999999999);
#790=CIRCLE('',#2776,4.99999999999999);
#791=CIRCLE('',#2778,8.);
#792=CIRCLE('',#2779,8.99999999999999);
#793=CIRCLE('',#2780,8.99999999999999);
#794=CIRCLE('',#2785,2.42);
#795=CIRCLE('',#2786,2.42);
#796=CIRCLE('',#2788,5.63128793152544);
#797=CIRCLE('',#2789,0.508);
#798=CIRCLE('',#2790,0.253999999999999);
#799=CIRCLE('',#2791,6.77428793152544);
#800=CIRCLE('',#2792,0.254);
#801=CIRCLE('',#2793,0.508);
#802=CIRCLE('',#2794,5.63128793152544);
#803=CIRCLE('',#2795,0.508);
#804=CIRCLE('',#2796,0.254);
#805=CIRCLE('',#2797,6.77428793152544);
#806=CIRCLE('',#2798,0.254);
#807=CIRCLE('',#2799,0.508);
#808=CIRCLE('',#2800,5.63128793152544);
#809=CIRCLE('',#2801,0.508);
#810=CIRCLE('',#2802,0.253999999999999);
#811=CIRCLE('',#2803,6.77428793152544);
#812=CIRCLE('',#2804,0.254);
#813=CIRCLE('',#2805,0.508);
#814=CIRCLE('',#2806,5.63128793152544);
#815=CIRCLE('',#2807,0.508);
#816=CIRCLE('',#2808,0.254);
#817=CIRCLE('',#2809,6.77428793152544);
#818=CIRCLE('',#2810,0.254);
#819=CIRCLE('',#2811,0.508);
#820=CIRCLE('',#2812,5.63128793152544);
#821=CIRCLE('',#2813,0.508);
#822=CIRCLE('',#2814,0.253999999999999);
#823=CIRCLE('',#2815,6.77428793152544);
#824=CIRCLE('',#2816,0.254);
#825=CIRCLE('',#2817,0.508);
#826=CIRCLE('',#2818,5.63128793152544);
#827=CIRCLE('',#2819,0.508);
#828=CIRCLE('',#2820,0.253999999999999);
#829=CIRCLE('',#2821,6.77428793152544);
#830=CIRCLE('',#2822,0.254);
#831=CIRCLE('',#2823,0.508);
#832=CIRCLE('',#2824,5.63128793152544);
#833=CIRCLE('',#2825,0.508);
#834=CIRCLE('',#2826,0.254);
#835=CIRCLE('',#2827,6.77428793152544);
#836=CIRCLE('',#2828,0.254);
#837=CIRCLE('',#2829,0.508);
#838=CIRCLE('',#2830,5.63128793152544);
#839=CIRCLE('',#2831,0.508);
#840=CIRCLE('',#2832,0.253999999999999);
#841=CIRCLE('',#2833,6.77428793152544);
#842=CIRCLE('',#2834,0.254);
#843=CIRCLE('',#2835,0.508);
#844=CIRCLE('',#2836,5.63128793152544);
#845=CIRCLE('',#2837,0.508);
#846=CIRCLE('',#2838,0.254);
#847=CIRCLE('',#2839,6.77428793152544);
#848=CIRCLE('',#2840,0.254);
#849=CIRCLE('',#2841,0.508);
#850=CIRCLE('',#2842,5.63128793152544);
#851=CIRCLE('',#2843,0.508);
#852=CIRCLE('',#2844,0.254);
#853=CIRCLE('',#2845,6.77428793152544);
#854=CIRCLE('',#2846,0.254);
#855=CIRCLE('',#2847,0.508);
#856=CIRCLE('',#2848,5.63128793152544);
#857=CIRCLE('',#2849,0.508);
#858=CIRCLE('',#2850,0.253999999999999);
#859=CIRCLE('',#2851,6.77428793152544);
#860=CIRCLE('',#2852,0.254);
#861=CIRCLE('',#2853,0.508);
#862=CIRCLE('',#2854,5.63128793152544);
#863=CIRCLE('',#2855,0.508);
#864=CIRCLE('',#2856,0.254);
#865=CIRCLE('',#2857,6.77428793152544);
#866=CIRCLE('',#2858,0.254);
#867=CIRCLE('',#2859,0.508);
#868=CIRCLE('',#2860,5.63128793152544);
#869=CIRCLE('',#2861,0.508);
#870=CIRCLE('',#2862,0.253999999999999);
#871=CIRCLE('',#2863,6.77428793152544);
#872=CIRCLE('',#2864,0.254);
#873=CIRCLE('',#2865,0.508);
#874=CIRCLE('',#2866,5.63128793152544);
#875=CIRCLE('',#2867,0.508);
#876=CIRCLE('',#2868,0.253999999999999);
#877=CIRCLE('',#2869,6.77428793152544);
#878=CIRCLE('',#2870,0.254);
#879=CIRCLE('',#2871,0.508);
#880=CIRCLE('',#2872,5.63128793152544);
#881=CIRCLE('',#2873,0.508);
#882=CIRCLE('',#2874,0.253999999999999);
#883=CIRCLE('',#2875,6.77428793152544);
#884=CIRCLE('',#2876,0.254);
#885=CIRCLE('',#2877,0.508);
#886=CIRCLE('',#2878,4.99999999999999);
#887=CIRCLE('',#2880,4.99999999999999);
#888=CIRCLE('',#2883,1.10849621615139);
#889=CIRCLE('',#2886,1.10849621615139);
#890=CIRCLE('',#2889,4.99999999999999);
#891=CIRCLE('',#2890,4.99999999999999);
#892=CIRCLE('',#2893,0.253999999999999);
#893=CIRCLE('',#2895,0.253999999999999);
#894=CIRCLE('',#2897,0.253999999999999);
#895=CIRCLE('',#2899,0.254);
#896=CIRCLE('',#2901,0.254);
#897=CIRCLE('',#2903,0.254);
#898=CIRCLE('',#2905,0.254);
#899=CIRCLE('',#2907,0.508);
#900=CIRCLE('',#2909,0.508);
#901=CIRCLE('',#2911,0.508);
#902=CIRCLE('',#2913,0.508);
#903=CIRCLE('',#2915,0.508);
#904=CIRCLE('',#2917,0.508);
#905=CIRCLE('',#2924,5.63128793152544);
#906=CIRCLE('',#2926,0.508);
#907=CIRCLE('',#2928,0.508);
#908=CIRCLE('',#2930,5.63128793152544);
#909=CIRCLE('',#2931,0.508);
#910=CIRCLE('',#2932,0.254);
#911=CIRCLE('',#2933,6.77428793152544);
#912=CIRCLE('',#2934,0.508);
#913=CIRCLE('',#2935,5.63128793152544);
#914=CIRCLE('',#2936,0.508);
#915=CIRCLE('',#2937,0.254);
#916=CIRCLE('',#2938,6.77428793152544);
#917=CIRCLE('',#2939,0.508);
#918=CIRCLE('',#2940,5.63128793152544);
#919=CIRCLE('',#2941,0.508);
#920=CIRCLE('',#2942,0.254);
#921=CIRCLE('',#2943,6.77428793152544);
#922=CIRCLE('',#2944,0.508);
#923=CIRCLE('',#2945,5.63128793152544);
#924=CIRCLE('',#2946,0.508);
#925=CIRCLE('',#2947,6.77428793152544);
#926=CIRCLE('',#2948,0.254);
#927=CIRCLE('',#2949,0.508);
#928=CIRCLE('',#2950,5.63128793152544);
#929=CIRCLE('',#2951,0.508);
#930=CIRCLE('',#2952,6.77428793152544);
#931=CIRCLE('',#2953,0.253999999999999);
#932=CIRCLE('',#2954,0.508);
#933=CIRCLE('',#2955,5.63128793152544);
#934=CIRCLE('',#2956,0.508);
#935=CIRCLE('',#2957,6.77428793152544);
#936=CIRCLE('',#2958,0.254);
#937=CIRCLE('',#2959,0.508);
#938=CIRCLE('',#2960,5.63128793152544);
#939=CIRCLE('',#2961,0.508);
#940=CIRCLE('',#2962,6.77428793152544);
#941=CIRCLE('',#2963,0.254);
#942=CIRCLE('',#2964,0.254);
#943=CIRCLE('',#2965,6.77428793152544);
#944=CIRCLE('',#2966,0.253999999999999);
#945=CIRCLE('',#2967,5.63128793152544);
#946=CIRCLE('',#2968,0.508);
#947=CIRCLE('',#2969,0.254);
#948=CIRCLE('',#2970,6.77428793152544);
#949=CIRCLE('',#2971,0.254);
#950=CIRCLE('',#2972,5.63128793152544);
#951=CIRCLE('',#2973,0.508);
#952=CIRCLE('',#2974,0.254);
#953=CIRCLE('',#2975,6.77428793152544);
#954=CIRCLE('',#2976,0.253999999999999);
#955=CIRCLE('',#2977,5.63128793152544);
#956=CIRCLE('',#2978,0.508);
#957=CIRCLE('',#2979,0.254);
#958=CIRCLE('',#2980,6.77428793152544);
#959=CIRCLE('',#2981,0.253999999999999);
#960=CIRCLE('',#2982,0.508);
#961=CIRCLE('',#2983,5.63128793152544);
#962=CIRCLE('',#2984,0.254);
#963=CIRCLE('',#2985,6.77428793152544);
#964=CIRCLE('',#2986,0.254);
#965=CIRCLE('',#2987,0.508);
#966=CIRCLE('',#2988,5.63128793152544);
#967=CIRCLE('',#2989,0.254);
#968=CIRCLE('',#2990,6.77428793152544);
#969=CIRCLE('',#2991,0.253999999999999);
#970=CIRCLE('',#2992,0.508);
#971=CIRCLE('',#2993,5.63128793152544);
#972=CIRCLE('',#2994,0.254);
#973=CIRCLE('',#2995,6.77428793152544);
#974=CIRCLE('',#2996,0.254);
#975=CIRCLE('',#2997,0.508);
#976=CIRCLE('',#2998,5.63128793152544);
#977=CIRCLE('',#2999,0.508);
#978=CIRCLE('',#3000,0.254);
#979=CIRCLE('',#3001,6.77428793152544);
#980=CIRCLE('',#3002,0.253999999999999);
#981=CIRCLE('',#3003,0.508);
#982=VERTEX_POINT('',#4013);
#983=VERTEX_POINT('',#4015);
#984=VERTEX_POINT('',#4019);
#985=VERTEX_POINT('',#4021);
#986=VERTEX_POINT('',#4025);
#987=VERTEX_POINT('',#4029);
#988=VERTEX_POINT('',#4035);
#989=VERTEX_POINT('',#4036);
#990=VERTEX_POINT('',#4038);
#991=VERTEX_POINT('',#4043);
#992=VERTEX_POINT('',#4045);
#993=VERTEX_POINT('',#4049);
#994=VERTEX_POINT('',#4051);
#995=VERTEX_POINT('',#4053);
#996=VERTEX_POINT('',#4061);
#997=VERTEX_POINT('',#4063);
#998=VERTEX_POINT('',#4066);
#999=VERTEX_POINT('',#4067);
#1000=VERTEX_POINT('',#4105);
#1001=VERTEX_POINT('',#4106);
#1002=VERTEX_POINT('',#4108);
#1003=VERTEX_POINT('',#4110);
#1004=VERTEX_POINT('',#4112);
#1005=VERTEX_POINT('',#4114);
#1006=VERTEX_POINT('',#4116);
#1007=VERTEX_POINT('',#4118);
#1008=VERTEX_POINT('',#4120);
#1009=VERTEX_POINT('',#4122);
#1010=VERTEX_POINT('',#4124);
#1011=VERTEX_POINT('',#4126);
#1012=VERTEX_POINT('',#4128);
#1013=VERTEX_POINT('',#4130);
#1014=VERTEX_POINT('',#4132);
#1015=VERTEX_POINT('',#4134);
#1016=VERTEX_POINT('',#4136);
#1017=VERTEX_POINT('',#4138);
#1018=VERTEX_POINT('',#4140);
#1019=VERTEX_POINT('',#4142);
#1020=VERTEX_POINT('',#4144);
#1021=VERTEX_POINT('',#4146);
#1022=VERTEX_POINT('',#4148);
#1023=VERTEX_POINT('',#4150);
#1024=VERTEX_POINT('',#4152);
#1025=VERTEX_POINT('',#4154);
#1026=VERTEX_POINT('',#4156);
#1027=VERTEX_POINT('',#4158);
#1028=VERTEX_POINT('',#4160);
#1029=VERTEX_POINT('',#4162);
#1030=VERTEX_POINT('',#4164);
#1031=VERTEX_POINT('',#4166);
#1032=VERTEX_POINT('',#4168);
#1033=VERTEX_POINT('',#4170);
#1034=VERTEX_POINT('',#4172);
#1035=VERTEX_POINT('',#4174);
#1036=VERTEX_POINT('',#4176);
#1037=VERTEX_POINT('',#4178);
#1038=VERTEX_POINT('',#4180);
#1039=VERTEX_POINT('',#4182);
#1040=VERTEX_POINT('',#4184);
#1041=VERTEX_POINT('',#4186);
#1042=VERTEX_POINT('',#4188);
#1043=VERTEX_POINT('',#4190);
#1044=VERTEX_POINT('',#4192);
#1045=VERTEX_POINT('',#4194);
#1046=VERTEX_POINT('',#4196);
#1047=VERTEX_POINT('',#4198);
#1048=VERTEX_POINT('',#4200);
#1049=VERTEX_POINT('',#4202);
#1050=VERTEX_POINT('',#4204);
#1051=VERTEX_POINT('',#4206);
#1052=VERTEX_POINT('',#4208);
#1053=VERTEX_POINT('',#4210);
#1054=VERTEX_POINT('',#4212);
#1055=VERTEX_POINT('',#4214);
#1056=VERTEX_POINT('',#4216);
#1057=VERTEX_POINT('',#4218);
#1058=VERTEX_POINT('',#4220);
#1059=VERTEX_POINT('',#4222);
#1060=VERTEX_POINT('',#4224);
#1061=VERTEX_POINT('',#4226);
#1062=VERTEX_POINT('',#4228);
#1063=VERTEX_POINT('',#4230);
#1064=VERTEX_POINT('',#4232);
#1065=VERTEX_POINT('',#4234);
#1066=VERTEX_POINT('',#4236);
#1067=VERTEX_POINT('',#4238);
#1068=VERTEX_POINT('',#4240);
#1069=VERTEX_POINT('',#4242);
#1070=VERTEX_POINT('',#4244);
#1071=VERTEX_POINT('',#4246);
#1072=VERTEX_POINT('',#4248);
#1073=VERTEX_POINT('',#4250);
#1074=VERTEX_POINT('',#4252);
#1075=VERTEX_POINT('',#4254);
#1076=VERTEX_POINT('',#4256);
#1077=VERTEX_POINT('',#4258);
#1078=VERTEX_POINT('',#4260);
#1079=VERTEX_POINT('',#4262);
#1080=VERTEX_POINT('',#4264);
#1081=VERTEX_POINT('',#4266);
#1082=VERTEX_POINT('',#4268);
#1083=VERTEX_POINT('',#4270);
#1084=VERTEX_POINT('',#4272);
#1085=VERTEX_POINT('',#4274);
#1086=VERTEX_POINT('',#4276);
#1087=VERTEX_POINT('',#4278);
#1088=VERTEX_POINT('',#4280);
#1089=VERTEX_POINT('',#4282);
#1090=VERTEX_POINT('',#4284);
#1091=VERTEX_POINT('',#4286);
#1092=VERTEX_POINT('',#4288);
#1093=VERTEX_POINT('',#4290);
#1094=VERTEX_POINT('',#4292);
#1095=VERTEX_POINT('',#4294);
#1096=VERTEX_POINT('',#4296);
#1097=VERTEX_POINT('',#4298);
#1098=VERTEX_POINT('',#4300);
#1099=VERTEX_POINT('',#4302);
#1100=VERTEX_POINT('',#4304);
#1101=VERTEX_POINT('',#4306);
#1102=VERTEX_POINT('',#4308);
#1103=VERTEX_POINT('',#4310);
#1104=VERTEX_POINT('',#4312);
#1105=VERTEX_POINT('',#4314);
#1106=VERTEX_POINT('',#4316);
#1107=VERTEX_POINT('',#4318);
#1108=VERTEX_POINT('',#4320);
#1109=VERTEX_POINT('',#4322);
#1110=VERTEX_POINT('',#4324);
#1111=VERTEX_POINT('',#4326);
#1112=VERTEX_POINT('',#4328);
#1113=VERTEX_POINT('',#4330);
#1114=VERTEX_POINT('',#4332);
#1115=VERTEX_POINT('',#4334);
#1116=VERTEX_POINT('',#4336);
#1117=VERTEX_POINT('',#4338);
#1118=VERTEX_POINT('',#4340);
#1119=VERTEX_POINT('',#4342);
#1120=VERTEX_POINT('',#4345);
#1121=VERTEX_POINT('',#4348);
#1122=VERTEX_POINT('',#4351);
#1123=VERTEX_POINT('',#4353);
#1124=VERTEX_POINT('',#4364);
#1125=VERTEX_POINT('',#4366);
#1126=VERTEX_POINT('',#4377);
#1127=VERTEX_POINT('',#4379);
#1128=VERTEX_POINT('',#4390);
#1129=VERTEX_POINT('',#4392);
#1130=VERTEX_POINT('',#4411);
#1131=VERTEX_POINT('',#4413);
#1132=VERTEX_POINT('',#4424);
#1133=VERTEX_POINT('',#4426);
#1134=VERTEX_POINT('',#4437);
#1135=VERTEX_POINT('',#4450);
#1136=VERTEX_POINT('',#4452);
#1137=VERTEX_POINT('',#4458);
#1138=VERTEX_POINT('',#4459);
#1139=VERTEX_POINT('',#4464);
#1140=VERTEX_POINT('',#4465);
#1141=VERTEX_POINT('',#4470);
#1142=VERTEX_POINT('',#4471);
#1143=VERTEX_POINT('',#4476);
#1144=VERTEX_POINT('',#4477);
#1145=VERTEX_POINT('',#4482);
#1146=VERTEX_POINT('',#4483);
#1147=VERTEX_POINT('',#4488);
#1148=VERTEX_POINT('',#4489);
#1149=VERTEX_POINT('',#4494);
#1150=VERTEX_POINT('',#4495);
#1151=VERTEX_POINT('',#4500);
#1152=VERTEX_POINT('',#4501);
#1153=VERTEX_POINT('',#4506);
#1154=VERTEX_POINT('',#4507);
#1155=VERTEX_POINT('',#4512);
#1156=VERTEX_POINT('',#4513);
#1157=VERTEX_POINT('',#4518);
#1158=VERTEX_POINT('',#4519);
#1159=VERTEX_POINT('',#4524);
#1160=VERTEX_POINT('',#4525);
#1161=VERTEX_POINT('',#4530);
#1162=VERTEX_POINT('',#4531);
#1163=VERTEX_POINT('',#4542);
#1164=VERTEX_POINT('',#4544);
#1165=VERTEX_POINT('',#4548);
#1166=VERTEX_POINT('',#4550);
#1167=VERTEX_POINT('',#4555);
#1168=VERTEX_POINT('',#4557);
#1169=VERTEX_POINT('',#4565);
#1170=VERTEX_POINT('',#4566);
#1171=VERTEX_POINT('',#4568);
#1172=VERTEX_POINT('',#4570);
#1173=VERTEX_POINT('',#4572);
#1174=VERTEX_POINT('',#4575);
#1175=VERTEX_POINT('',#4577);
#1176=VERTEX_POINT('',#4579);
#1177=VERTEX_POINT('',#4581);
#1178=VERTEX_POINT('',#4583);
#1179=VERTEX_POINT('',#4585);
#1180=VERTEX_POINT('',#4588);
#1181=VERTEX_POINT('',#4590);
#1182=VERTEX_POINT('',#4592);
#1183=VERTEX_POINT('',#4594);
#1184=VERTEX_POINT('',#4596);
#1185=VERTEX_POINT('',#4598);
#1186=VERTEX_POINT('',#4601);
#1187=VERTEX_POINT('',#4603);
#1188=VERTEX_POINT('',#4605);
#1189=VERTEX_POINT('',#4607);
#1190=VERTEX_POINT('',#4610);
#1191=VERTEX_POINT('',#4612);
#1192=VERTEX_POINT('',#4614);
#1193=VERTEX_POINT('',#4616);
#1194=VERTEX_POINT('',#4618);
#1195=VERTEX_POINT('',#4620);
#1196=VERTEX_POINT('',#4623);
#1197=VERTEX_POINT('',#4625);
#1198=VERTEX_POINT('',#4627);
#1199=VERTEX_POINT('',#4629);
#1200=VERTEX_POINT('',#4631);
#1201=VERTEX_POINT('',#4633);
#1202=VERTEX_POINT('',#4636);
#1203=VERTEX_POINT('',#4638);
#1204=VERTEX_POINT('',#4640);
#1205=VERTEX_POINT('',#4642);
#1206=VERTEX_POINT('',#4644);
#1207=VERTEX_POINT('',#4646);
#1208=VERTEX_POINT('',#4649);
#1209=VERTEX_POINT('',#4652);
#1210=VERTEX_POINT('',#4654);
#1211=VERTEX_POINT('',#4656);
#1212=VERTEX_POINT('',#4659);
#1213=VERTEX_POINT('',#4661);
#1214=VERTEX_POINT('',#4663);
#1215=VERTEX_POINT('',#4665);
#1216=VERTEX_POINT('',#4667);
#1217=VERTEX_POINT('',#4669);
#1218=VERTEX_POINT('',#4672);
#1219=VERTEX_POINT('',#4674);
#1220=VERTEX_POINT('',#4676);
#1221=VERTEX_POINT('',#4678);
#1222=VERTEX_POINT('',#4680);
#1223=VERTEX_POINT('',#4682);
#1224=VERTEX_POINT('',#4685);
#1225=VERTEX_POINT('',#4687);
#1226=VERTEX_POINT('',#4689);
#1227=VERTEX_POINT('',#4691);
#1228=VERTEX_POINT('',#4693);
#1229=VERTEX_POINT('',#4695);
#1230=VERTEX_POINT('',#4697);
#1231=VERTEX_POINT('',#4699);
#1232=VERTEX_POINT('',#4702);
#1233=VERTEX_POINT('',#4704);
#1234=VERTEX_POINT('',#4706);
#1235=VERTEX_POINT('',#4708);
#1236=VERTEX_POINT('',#4710);
#1237=VERTEX_POINT('',#4712);
#1238=VERTEX_POINT('',#4715);
#1239=VERTEX_POINT('',#4717);
#1240=VERTEX_POINT('',#4719);
#1241=VERTEX_POINT('',#4721);
#1242=VERTEX_POINT('',#4723);
#1243=VERTEX_POINT('',#4725);
#1244=VERTEX_POINT('',#4728);
#1245=VERTEX_POINT('',#4730);
#1246=VERTEX_POINT('',#4732);
#1247=VERTEX_POINT('',#4734);
#1248=VERTEX_POINT('',#4736);
#1249=VERTEX_POINT('',#4738);
#1250=VERTEX_POINT('',#4740);
#1251=VERTEX_POINT('',#4742);
#1252=VERTEX_POINT('',#4744);
#1253=VERTEX_POINT('',#4746);
#1254=VERTEX_POINT('',#4748);
#1255=VERTEX_POINT('',#4750);
#1256=VERTEX_POINT('',#4752);
#1257=EDGE_CURVE('',#982,#982,#780,.T.);
#1258=EDGE_CURVE('',#982,#983,#384,.T.);
#1259=EDGE_CURVE('',#983,#983,#781,.T.);
#1260=EDGE_CURVE('',#984,#984,#782,.T.);
#1261=EDGE_CURVE('',#984,#985,#385,.T.);
#1262=EDGE_CURVE('',#985,#985,#783,.T.);
#1263=EDGE_CURVE('',#985,#986,#386,.T.);
#1264=EDGE_CURVE('',#986,#986,#784,.T.);
#1265=EDGE_CURVE('',#986,#987,#387,.T.);
#1266=EDGE_CURVE('',#987,#987,#785,.T.);
#1267=EDGE_CURVE('',#988,#989,#786,.T.);
#1268=EDGE_CURVE('',#989,#990,#388,.T.);
#1269=EDGE_CURVE('',#990,#990,#787,.T.);
#1270=EDGE_CURVE('',#989,#988,#788,.T.);
#1271=EDGE_CURVE('',#991,#991,#789,.T.);
#1272=EDGE_CURVE('',#991,#992,#389,.T.);
#1273=EDGE_CURVE('',#992,#992,#790,.T.);
#1274=EDGE_CURVE('',#993,#993,#791,.T.);
#1275=EDGE_CURVE('',#993,#994,#390,.T.);
#1276=EDGE_CURVE('',#995,#994,#792,.T.);
#1277=EDGE_CURVE('',#994,#995,#793,.T.);
#1278=EDGE_CURVE('',#988,#995,#391,.T.);
#1279=EDGE_CURVE('',#996,#996,#794,.T.);
#1280=EDGE_CURVE('',#996,#997,#392,.T.);
#1281=EDGE_CURVE('',#997,#997,#795,.T.);
#1282=EDGE_CURVE('',#998,#999,#17,.T.);
#1283=EDGE_CURVE('',#999,#998,#18,.T.);
#1284=EDGE_CURVE('',#1000,#1001,#796,.T.);
#1285=EDGE_CURVE('',#1001,#1002,#797,.T.);
#1286=EDGE_CURVE('',#1002,#1003,#393,.T.);
#1287=EDGE_CURVE('',#1003,#1004,#798,.T.);
#1288=EDGE_CURVE('',#1004,#1005,#799,.T.);
#1289=EDGE_CURVE('',#1005,#1006,#800,.T.);
#1290=EDGE_CURVE('',#1006,#1007,#394,.T.);
#1291=EDGE_CURVE('',#1007,#1008,#801,.T.);
#1292=EDGE_CURVE('',#1008,#1009,#802,.T.);
#1293=EDGE_CURVE('',#1009,#1010,#803,.T.);
#1294=EDGE_CURVE('',#1010,#1011,#395,.T.);
#1295=EDGE_CURVE('',#1011,#1012,#804,.T.);
#1296=EDGE_CURVE('',#1012,#1013,#805,.T.);
#1297=EDGE_CURVE('',#1013,#1014,#806,.T.);
#1298=EDGE_CURVE('',#1014,#1015,#396,.T.);
#1299=EDGE_CURVE('',#1015,#1016,#807,.T.);
#1300=EDGE_CURVE('',#1016,#1017,#808,.T.);
#1301=EDGE_CURVE('',#1017,#1018,#809,.T.);
#1302=EDGE_CURVE('',#1018,#1019,#397,.T.);
#1303=EDGE_CURVE('',#1019,#1020,#810,.T.);
#1304=EDGE_CURVE('',#1020,#1021,#811,.T.);
#1305=EDGE_CURVE('',#1021,#1022,#812,.T.);
#1306=EDGE_CURVE('',#1022,#1023,#398,.T.);
#1307=EDGE_CURVE('',#1023,#1024,#813,.T.);
#1308=EDGE_CURVE('',#1024,#1025,#814,.T.);
#1309=EDGE_CURVE('',#1025,#1026,#815,.T.);
#1310=EDGE_CURVE('',#1026,#1027,#399,.T.);
#1311=EDGE_CURVE('',#1027,#1028,#816,.T.);
#1312=EDGE_CURVE('',#1028,#1029,#817,.T.);
#1313=EDGE_CURVE('',#1029,#1030,#818,.T.);
#1314=EDGE_CURVE('',#1030,#1031,#400,.T.);
#1315=EDGE_CURVE('',#1031,#1032,#819,.T.);
#1316=EDGE_CURVE('',#1032,#1033,#820,.T.);
#1317=EDGE_CURVE('',#1033,#1034,#821,.T.);
#1318=EDGE_CURVE('',#1034,#1035,#401,.T.);
#1319=EDGE_CURVE('',#1035,#1036,#822,.T.);
#1320=EDGE_CURVE('',#1036,#1037,#823,.T.);
#1321=EDGE_CURVE('',#1037,#1038,#824,.T.);
#1322=EDGE_CURVE('',#1038,#1039,#402,.T.);
#1323=EDGE_CURVE('',#1039,#1040,#825,.T.);
#1324=EDGE_CURVE('',#1040,#1041,#826,.T.);
#1325=EDGE_CURVE('',#1041,#1042,#827,.T.);
#1326=EDGE_CURVE('',#1042,#1043,#403,.T.);
#1327=EDGE_CURVE('',#1043,#1044,#828,.T.);
#1328=EDGE_CURVE('',#1044,#1045,#829,.T.);
#1329=EDGE_CURVE('',#1045,#1046,#830,.T.);
#1330=EDGE_CURVE('',#1046,#1047,#404,.T.);
#1331=EDGE_CURVE('',#1047,#1048,#831,.T.);
#1332=EDGE_CURVE('',#1048,#1049,#832,.T.);
#1333=EDGE_CURVE('',#1049,#1050,#833,.T.);
#1334=EDGE_CURVE('',#1050,#1051,#405,.T.);
#1335=EDGE_CURVE('',#1051,#1052,#834,.T.);
#1336=EDGE_CURVE('',#1052,#1053,#835,.T.);
#1337=EDGE_CURVE('',#1053,#1054,#836,.T.);
#1338=EDGE_CURVE('',#1054,#1055,#406,.T.);
#1339=EDGE_CURVE('',#1055,#1056,#837,.T.);
#1340=EDGE_CURVE('',#1056,#1057,#838,.T.);
#1341=EDGE_CURVE('',#1057,#1058,#839,.T.);
#1342=EDGE_CURVE('',#1058,#1059,#407,.T.);
#1343=EDGE_CURVE('',#1059,#1060,#840,.T.);
#1344=EDGE_CURVE('',#1060,#1061,#841,.T.);
#1345=EDGE_CURVE('',#1061,#1062,#842,.T.);
#1346=EDGE_CURVE('',#1062,#1063,#408,.T.);
#1347=EDGE_CURVE('',#1063,#1064,#843,.T.);
#1348=EDGE_CURVE('',#1064,#1065,#844,.T.);
#1349=EDGE_CURVE('',#1065,#1066,#845,.T.);
#1350=EDGE_CURVE('',#1066,#1067,#409,.T.);
#1351=EDGE_CURVE('',#1067,#1068,#846,.T.);
#1352=EDGE_CURVE('',#1068,#1069,#847,.T.);
#1353=EDGE_CURVE('',#1069,#1070,#848,.T.);
#1354=EDGE_CURVE('',#1070,#1071,#410,.T.);
#1355=EDGE_CURVE('',#1071,#1072,#849,.T.);
#1356=EDGE_CURVE('',#1072,#1073,#850,.T.);
#1357=EDGE_CURVE('',#1073,#1074,#851,.T.);
#1358=EDGE_CURVE('',#1074,#1075,#411,.T.);
#1359=EDGE_CURVE('',#1075,#1076,#852,.T.);
#1360=EDGE_CURVE('',#1076,#1077,#853,.T.);
#1361=EDGE_CURVE('',#1077,#1078,#854,.T.);
#1362=EDGE_CURVE('',#1078,#1079,#412,.T.);
#1363=EDGE_CURVE('',#1079,#1080,#855,.T.);
#1364=EDGE_CURVE('',#1080,#1081,#856,.T.);
#1365=EDGE_CURVE('',#1081,#1082,#857,.T.);
#1366=EDGE_CURVE('',#1082,#1083,#413,.T.);
#1367=EDGE_CURVE('',#1083,#1084,#858,.T.);
#1368=EDGE_CURVE('',#1084,#1085,#859,.T.);
#1369=EDGE_CURVE('',#1085,#1086,#860,.T.);
#1370=EDGE_CURVE('',#1086,#1087,#414,.T.);
#1371=EDGE_CURVE('',#1087,#1088,#861,.T.);
#1372=EDGE_CURVE('',#1088,#1089,#862,.T.);
#1373=EDGE_CURVE('',#1089,#1090,#863,.T.);
#1374=EDGE_CURVE('',#1090,#1091,#415,.T.);
#1375=EDGE_CURVE('',#1091,#1092,#864,.T.);
#1376=EDGE_CURVE('',#1092,#1093,#865,.T.);
#1377=EDGE_CURVE('',#1093,#1094,#866,.T.);
#1378=EDGE_CURVE('',#1094,#1095,#416,.T.);
#1379=EDGE_CURVE('',#1095,#1096,#867,.T.);
#1380=EDGE_CURVE('',#1096,#1097,#868,.T.);
#1381=EDGE_CURVE('',#1097,#1098,#869,.T.);
#1382=EDGE_CURVE('',#1098,#1099,#417,.T.);
#1383=EDGE_CURVE('',#1099,#1100,#870,.T.);
#1384=EDGE_CURVE('',#1100,#1101,#871,.T.);
#1385=EDGE_CURVE('',#1101,#1102,#872,.T.);
#1386=EDGE_CURVE('',#1102,#1103,#418,.T.);
#1387=EDGE_CURVE('',#1103,#1104,#873,.T.);
#1388=EDGE_CURVE('',#1104,#1105,#874,.T.);
#1389=EDGE_CURVE('',#1105,#1106,#875,.T.);
#1390=EDGE_CURVE('',#1106,#1107,#419,.T.);
#1391=EDGE_CURVE('',#1107,#1108,#876,.T.);
#1392=EDGE_CURVE('',#1108,#1109,#877,.T.);
#1393=EDGE_CURVE('',#1109,#1110,#878,.T.);
#1394=EDGE_CURVE('',#1110,#1111,#420,.T.);
#1395=EDGE_CURVE('',#1111,#1112,#879,.T.);
#1396=EDGE_CURVE('',#1112,#1113,#880,.T.);
#1397=EDGE_CURVE('',#1113,#1114,#881,.T.);
#1398=EDGE_CURVE('',#1114,#1115,#421,.T.);
#1399=EDGE_CURVE('',#1115,#1116,#882,.T.);
#1400=EDGE_CURVE('',#1116,#1117,#883,.T.);
#1401=EDGE_CURVE('',#1117,#1118,#884,.T.);
#1402=EDGE_CURVE('',#1118,#1119,#422,.T.);
#1403=EDGE_CURVE('',#1119,#1000,#885,.T.);
#1404=EDGE_CURVE('',#1120,#1120,#886,.T.);
#1405=EDGE_CURVE('',#1121,#1121,#887,.T.);
#1406=EDGE_CURVE('',#999,#1122,#423,.T.);
#1407=EDGE_CURVE('',#1123,#1122,#19,.T.);
#1408=EDGE_CURVE('',#1124,#1123,#13,.T.);
#1409=EDGE_CURVE('',#1125,#1124,#20,.T.);
#1410=EDGE_CURVE('',#1126,#1125,#888,.T.);
#1411=EDGE_CURVE('',#1127,#1126,#21,.T.);
#1412=EDGE_CURVE('',#1127,#1128,#14,.T.);
#1413=EDGE_CURVE('',#1129,#1128,#22,.T.);
#1414=EDGE_CURVE('',#1129,#1130,#15,.T.);
#1415=EDGE_CURVE('',#1131,#1130,#23,.T.);
#1416=EDGE_CURVE('',#1132,#1131,#889,.T.);
#1417=EDGE_CURVE('',#1133,#1132,#24,.T.);
#1418=EDGE_CURVE('',#1134,#1133,#16,.T.);
#1419=EDGE_CURVE('',#1122,#1134,#25,.T.);
#1420=EDGE_CURVE('',#1135,#1135,#890,.T.);
#1421=EDGE_CURVE('',#1135,#1136,#424,.T.);
#1422=EDGE_CURVE('',#1136,#1136,#891,.T.);
#1423=EDGE_CURVE('',#1121,#1120,#425,.T.);
#1424=EDGE_CURVE('',#1137,#1138,#892,.T.);
#1425=EDGE_CURVE('',#1137,#1116,#426,.T.);
#1426=EDGE_CURVE('',#1138,#1115,#427,.T.);
#1427=EDGE_CURVE('',#1139,#1140,#893,.T.);
#1428=EDGE_CURVE('',#1139,#1108,#428,.T.);
#1429=EDGE_CURVE('',#1140,#1107,#429,.T.);
#1430=EDGE_CURVE('',#1141,#1142,#894,.T.);
#1431=EDGE_CURVE('',#1141,#1100,#430,.T.);
#1432=EDGE_CURVE('',#1142,#1099,#431,.T.);
#1433=EDGE_CURVE('',#1143,#1144,#895,.T.);
#1434=EDGE_CURVE('',#1143,#1094,#432,.T.);
#1435=EDGE_CURVE('',#1144,#1093,#433,.T.);
#1436=EDGE_CURVE('',#1145,#1146,#896,.T.);
#1437=EDGE_CURVE('',#1145,#1086,#434,.T.);
#1438=EDGE_CURVE('',#1146,#1085,#435,.T.);
#1439=EDGE_CURVE('',#1147,#1148,#897,.T.);
#1440=EDGE_CURVE('',#1147,#1078,#436,.T.);
#1441=EDGE_CURVE('',#1148,#1077,#437,.T.);
#1442=EDGE_CURVE('',#1149,#1150,#898,.T.);
#1443=EDGE_CURVE('',#1149,#1070,#438,.T.);
#1444=EDGE_CURVE('',#1150,#1069,#439,.T.);
#1445=EDGE_CURVE('',#1151,#1152,#899,.T.);
#1446=EDGE_CURVE('',#1151,#1058,#440,.T.);
#1447=EDGE_CURVE('',#1152,#1057,#441,.T.);
#1448=EDGE_CURVE('',#1153,#1154,#900,.T.);
#1449=EDGE_CURVE('',#1153,#1050,#442,.T.);
#1450=EDGE_CURVE('',#1154,#1049,#443,.T.);
#1451=EDGE_CURVE('',#1155,#1156,#901,.T.);
#1452=EDGE_CURVE('',#1155,#1042,#444,.T.);
#1453=EDGE_CURVE('',#1156,#1041,#445,.T.);
#1454=EDGE_CURVE('',#1157,#1158,#902,.T.);
#1455=EDGE_CURVE('',#1157,#1032,#446,.T.);
#1456=EDGE_CURVE('',#1158,#1031,#447,.T.);
#1457=EDGE_CURVE('',#1159,#1160,#903,.T.);
#1458=EDGE_CURVE('',#1159,#1024,#448,.T.);
#1459=EDGE_CURVE('',#1160,#1023,#449,.T.);
#1460=EDGE_CURVE('',#1161,#1162,#904,.T.);
#1461=EDGE_CURVE('',#1161,#1016,#450,.T.);
#1462=EDGE_CURVE('',#1162,#1015,#451,.T.);
#1463=EDGE_CURVE('',#1127,#1063,#452,.T.);
#1464=EDGE_CURVE('',#1126,#1064,#453,.T.);
#1465=EDGE_CURVE('',#1125,#1065,#454,.T.);
#1466=EDGE_CURVE('',#1124,#1066,#455,.T.);
#1467=EDGE_CURVE('',#1163,#1129,#456,.T.);
#1468=EDGE_CURVE('',#1163,#1164,#457,.T.);
#1469=EDGE_CURVE('',#1164,#1130,#458,.T.);
#1470=EDGE_CURVE('',#1165,#1134,#459,.T.);
#1471=EDGE_CURVE('',#1166,#1133,#460,.T.);
#1472=EDGE_CURVE('',#1165,#1166,#461,.T.);
#1473=EDGE_CURVE('',#1167,#1132,#462,.T.);
#1474=EDGE_CURVE('',#1168,#1131,#463,.T.);
#1475=EDGE_CURVE('',#1167,#1168,#905,.T.);
#1476=EDGE_CURVE('',#1168,#1164,#906,.T.);
#1477=EDGE_CURVE('',#1166,#1167,#907,.T.);
#1478=EDGE_CURVE('',#1169,#1170,#908,.T.);
#1479=EDGE_CURVE('',#1170,#1171,#909,.T.);
#1480=EDGE_CURVE('',#1172,#1171,#464,.T.);
#1481=EDGE_CURVE('',#1172,#1173,#910,.T.);
#1482=EDGE_CURVE('',#1173,#1137,#911,.T.);
#1483=EDGE_CURVE('',#1138,#1174,#465,.T.);
#1484=EDGE_CURVE('',#1174,#1175,#912,.T.);
#1485=EDGE_CURVE('',#1175,#1176,#913,.T.);
#1486=EDGE_CURVE('',#1176,#1177,#914,.T.);
#1487=EDGE_CURVE('',#1178,#1177,#466,.T.);
#1488=EDGE_CURVE('',#1178,#1179,#915,.T.);
#1489=EDGE_CURVE('',#1139,#1179,#916,.T.);
#1490=EDGE_CURVE('',#1140,#1180,#467,.T.);
#1491=EDGE_CURVE('',#1180,#1181,#917,.T.);
#1492=EDGE_CURVE('',#1181,#1182,#918,.T.);
#1493=EDGE_CURVE('',#1182,#1183,#919,.T.);
#1494=EDGE_CURVE('',#1184,#1183,#468,.T.);
#1495=EDGE_CURVE('',#1184,#1185,#920,.T.);
#1496=EDGE_CURVE('',#1141,#1185,#921,.T.);
#1497=EDGE_CURVE('',#1142,#1186,#469,.T.);
#1498=EDGE_CURVE('',#1186,#1187,#922,.T.);
#1499=EDGE_CURVE('',#1187,#1188,#923,.T.);
#1500=EDGE_CURVE('',#1188,#1189,#924,.T.);
#1501=EDGE_CURVE('',#1143,#1189,#470,.T.);
#1502=EDGE_CURVE('',#1190,#1144,#925,.T.);
#1503=EDGE_CURVE('',#1190,#1191,#926,.T.);
#1504=EDGE_CURVE('',#1191,#1192,#471,.T.);
#1505=EDGE_CURVE('',#1192,#1193,#927,.T.);
#1506=EDGE_CURVE('',#1193,#1194,#928,.T.);
#1507=EDGE_CURVE('',#1194,#1195,#929,.T.);
#1508=EDGE_CURVE('',#1145,#1195,#472,.T.);
#1509=EDGE_CURVE('',#1196,#1146,#930,.T.);
#1510=EDGE_CURVE('',#1196,#1197,#931,.T.);
#1511=EDGE_CURVE('',#1197,#1198,#473,.T.);
#1512=EDGE_CURVE('',#1198,#1199,#932,.T.);
#1513=EDGE_CURVE('',#1199,#1200,#933,.T.);
#1514=EDGE_CURVE('',#1200,#1201,#934,.T.);
#1515=EDGE_CURVE('',#1147,#1201,#474,.T.);
#1516=EDGE_CURVE('',#1202,#1148,#935,.T.);
#1517=EDGE_CURVE('',#1202,#1203,#936,.T.);
#1518=EDGE_CURVE('',#1203,#1204,#475,.T.);
#1519=EDGE_CURVE('',#1204,#1205,#937,.T.);
#1520=EDGE_CURVE('',#1205,#1206,#938,.T.);
#1521=EDGE_CURVE('',#1206,#1207,#939,.T.);
#1522=EDGE_CURVE('',#1149,#1207,#476,.T.);
#1523=EDGE_CURVE('',#1208,#1150,#940,.T.);
#1524=EDGE_CURVE('',#1208,#1165,#941,.T.);
#1525=EDGE_CURVE('',#1163,#1209,#942,.T.);
#1526=EDGE_CURVE('',#1210,#1209,#943,.T.);
#1527=EDGE_CURVE('',#1210,#1211,#944,.T.);
#1528=EDGE_CURVE('',#1211,#1151,#477,.T.);
#1529=EDGE_CURVE('',#1152,#1212,#945,.T.);
#1530=EDGE_CURVE('',#1212,#1213,#946,.T.);
#1531=EDGE_CURVE('',#1214,#1213,#478,.T.);
#1532=EDGE_CURVE('',#1214,#1215,#947,.T.);
#1533=EDGE_CURVE('',#1216,#1215,#948,.T.);
#1534=EDGE_CURVE('',#1216,#1217,#949,.T.);
#1535=EDGE_CURVE('',#1217,#1153,#479,.T.);
#1536=EDGE_CURVE('',#1154,#1218,#950,.T.);
#1537=EDGE_CURVE('',#1218,#1219,#951,.T.);
#1538=EDGE_CURVE('',#1220,#1219,#480,.T.);
#1539=EDGE_CURVE('',#1220,#1221,#952,.T.);
#1540=EDGE_CURVE('',#1222,#1221,#953,.T.);
#1541=EDGE_CURVE('',#1222,#1223,#954,.T.);
#1542=EDGE_CURVE('',#1223,#1155,#481,.T.);
#1543=EDGE_CURVE('',#1156,#1224,#955,.T.);
#1544=EDGE_CURVE('',#1224,#1225,#956,.T.);
#1545=EDGE_CURVE('',#1226,#1225,#482,.T.);
#1546=EDGE_CURVE('',#1226,#1227,#957,.T.);
#1547=EDGE_CURVE('',#1228,#1227,#958,.T.);
#1548=EDGE_CURVE('',#1228,#1229,#959,.T.);
#1549=EDGE_CURVE('',#1229,#1230,#483,.T.);
#1550=EDGE_CURVE('',#1230,#1231,#960,.T.);
#1551=EDGE_CURVE('',#1231,#1157,#961,.T.);
#1552=EDGE_CURVE('',#1232,#1158,#484,.T.);
#1553=EDGE_CURVE('',#1232,#1233,#962,.T.);
#1554=EDGE_CURVE('',#1234,#1233,#963,.T.);
#1555=EDGE_CURVE('',#1234,#1235,#964,.T.);
#1556=EDGE_CURVE('',#1235,#1236,#485,.T.);
#1557=EDGE_CURVE('',#1236,#1237,#965,.T.);
#1558=EDGE_CURVE('',#1237,#1159,#966,.T.);
#1559=EDGE_CURVE('',#1238,#1160,#486,.T.);
#1560=EDGE_CURVE('',#1238,#1239,#967,.T.);
#1561=EDGE_CURVE('',#1240,#1239,#968,.T.);
#1562=EDGE_CURVE('',#1240,#1241,#969,.T.);
#1563=EDGE_CURVE('',#1241,#1242,#487,.T.);
#1564=EDGE_CURVE('',#1242,#1243,#970,.T.);
#1565=EDGE_CURVE('',#1243,#1161,#971,.T.);
#1566=EDGE_CURVE('',#1244,#1162,#488,.T.);
#1567=EDGE_CURVE('',#1244,#1245,#972,.T.);
#1568=EDGE_CURVE('',#1246,#1245,#973,.T.);
#1569=EDGE_CURVE('',#1246,#1247,#974,.T.);
#1570=EDGE_CURVE('',#1247,#1248,#489,.T.);
#1571=EDGE_CURVE('',#1248,#1249,#975,.T.);
#1572=EDGE_CURVE('',#1249,#1250,#976,.T.);
#1573=EDGE_CURVE('',#1250,#1251,#977,.T.);
#1574=EDGE_CURVE('',#1252,#1251,#490,.T.);
#1575=EDGE_CURVE('',#1252,#1253,#978,.T.);
#1576=EDGE_CURVE('',#1254,#1253,#979,.T.);
#1577=EDGE_CURVE('',#1254,#1255,#980,.T.);
#1578=EDGE_CURVE('',#1255,#1256,#491,.T.);
#1579=EDGE_CURVE('',#1256,#1169,#981,.T.);
#1580=EDGE_CURVE('',#1169,#1001,#492,.T.);
#1581=EDGE_CURVE('',#1170,#1000,#493,.T.);
#1582=EDGE_CURVE('',#1171,#1119,#494,.T.);
#1583=EDGE_CURVE('',#1172,#1118,#495,.T.);
#1584=EDGE_CURVE('',#1173,#1117,#496,.T.);
#1585=EDGE_CURVE('',#1253,#1005,#497,.T.);
#1586=EDGE_CURVE('',#1254,#1004,#498,.T.);
#1587=EDGE_CURVE('',#1255,#1003,#499,.T.);
#1588=EDGE_CURVE('',#1256,#1002,#500,.T.);
#1589=EDGE_CURVE('',#1249,#1009,#501,.T.);
#1590=EDGE_CURVE('',#1250,#1008,#502,.T.);
#1591=EDGE_CURVE('',#1251,#1007,#503,.T.);
#1592=EDGE_CURVE('',#1252,#1006,#504,.T.);
#1593=EDGE_CURVE('',#1245,#1013,#505,.T.);
#1594=EDGE_CURVE('',#1246,#1012,#506,.T.);
#1595=EDGE_CURVE('',#1247,#1011,#507,.T.);
#1596=EDGE_CURVE('',#1248,#1010,#508,.T.);
#1597=EDGE_CURVE('',#1243,#1017,#509,.T.);
#1598=EDGE_CURVE('',#1244,#1014,#510,.T.);
#1599=EDGE_CURVE('',#1239,#1021,#511,.T.);
#1600=EDGE_CURVE('',#1240,#1020,#512,.T.);
#1601=EDGE_CURVE('',#1241,#1019,#513,.T.);
#1602=EDGE_CURVE('',#1242,#1018,#514,.T.);
#1603=EDGE_CURVE('',#1237,#1025,#515,.T.);
#1604=EDGE_CURVE('',#1238,#1022,#516,.T.);
#1605=EDGE_CURVE('',#1233,#1029,#517,.T.);
#1606=EDGE_CURVE('',#1234,#1028,#518,.T.);
#1607=EDGE_CURVE('',#1235,#1027,#519,.T.);
#1608=EDGE_CURVE('',#1236,#1026,#520,.T.);
#1609=EDGE_CURVE('',#1231,#1033,#521,.T.);
#1610=EDGE_CURVE('',#1232,#1030,#522,.T.);
#1611=EDGE_CURVE('',#1227,#1037,#523,.T.);
#1612=EDGE_CURVE('',#1228,#1036,#524,.T.);
#1613=EDGE_CURVE('',#1229,#1035,#525,.T.);
#1614=EDGE_CURVE('',#1230,#1034,#526,.T.);
#1615=EDGE_CURVE('',#1224,#1040,#527,.T.);
#1616=EDGE_CURVE('',#1225,#1039,#528,.T.);
#1617=EDGE_CURVE('',#1226,#1038,#529,.T.);
#1618=EDGE_CURVE('',#1221,#1045,#530,.T.);
#1619=EDGE_CURVE('',#1222,#1044,#531,.T.);
#1620=EDGE_CURVE('',#1223,#1043,#532,.T.);
#1621=EDGE_CURVE('',#1218,#1048,#533,.T.);
#1622=EDGE_CURVE('',#1219,#1047,#534,.T.);
#1623=EDGE_CURVE('',#1220,#1046,#535,.T.);
#1624=EDGE_CURVE('',#1215,#1053,#536,.T.);
#1625=EDGE_CURVE('',#1216,#1052,#537,.T.);
#1626=EDGE_CURVE('',#1217,#1051,#538,.T.);
#1627=EDGE_CURVE('',#1212,#1056,#539,.T.);
#1628=EDGE_CURVE('',#1213,#1055,#540,.T.);
#1629=EDGE_CURVE('',#1214,#1054,#541,.T.);
#1630=EDGE_CURVE('',#1209,#1061,#542,.T.);
#1631=EDGE_CURVE('',#1210,#1060,#543,.T.);
#1632=EDGE_CURVE('',#1211,#1059,#544,.T.);
#1633=EDGE_CURVE('',#1128,#1062,#545,.T.);
#1634=EDGE_CURVE('',#1208,#1068,#546,.T.);
#1635=EDGE_CURVE('',#1123,#1067,#547,.T.);
#1636=EDGE_CURVE('',#1205,#1073,#548,.T.);
#1637=EDGE_CURVE('',#1206,#1072,#549,.T.);
#1638=EDGE_CURVE('',#1207,#1071,#550,.T.);
#1639=EDGE_CURVE('',#1202,#1076,#551,.T.);
#1640=EDGE_CURVE('',#1203,#1075,#552,.T.);
#1641=EDGE_CURVE('',#1204,#1074,#553,.T.);
#1642=EDGE_CURVE('',#1199,#1081,#554,.T.);
#1643=EDGE_CURVE('',#1200,#1080,#555,.T.);
#1644=EDGE_CURVE('',#1201,#1079,#556,.T.);
#1645=EDGE_CURVE('',#1196,#1084,#557,.T.);
#1646=EDGE_CURVE('',#1197,#1083,#558,.T.);
#1647=EDGE_CURVE('',#1198,#1082,#559,.T.);
#1648=EDGE_CURVE('',#1193,#1089,#560,.T.);
#1649=EDGE_CURVE('',#1194,#1088,#561,.T.);
#1650=EDGE_CURVE('',#1195,#1087,#562,.T.);
#1651=EDGE_CURVE('',#1190,#1092,#563,.T.);
#1652=EDGE_CURVE('',#1191,#1091,#564,.T.);
#1653=EDGE_CURVE('',#1192,#1090,#565,.T.);
#1654=EDGE_CURVE('',#1187,#1097,#566,.T.);
#1655=EDGE_CURVE('',#1188,#1096,#567,.T.);
#1656=EDGE_CURVE('',#1189,#1095,#568,.T.);
#1657=EDGE_CURVE('',#1185,#1101,#569,.T.);
#1658=EDGE_CURVE('',#1186,#1098,#570,.T.);
#1659=EDGE_CURVE('',#1181,#1105,#571,.T.);
#1660=EDGE_CURVE('',#1182,#1104,#572,.T.);
#1661=EDGE_CURVE('',#1183,#1103,#573,.T.);
#1662=EDGE_CURVE('',#1184,#1102,#574,.T.);
#1663=EDGE_CURVE('',#1179,#1109,#575,.T.);
#1664=EDGE_CURVE('',#1180,#1106,#576,.T.);
#1665=EDGE_CURVE('',#1175,#1113,#577,.T.);
#1666=EDGE_CURVE('',#1176,#1112,#578,.T.);
#1667=EDGE_CURVE('',#1177,#1111,#579,.T.);
#1668=EDGE_CURVE('',#1178,#1110,#580,.T.);
#1669=EDGE_CURVE('',#1174,#1114,#581,.T.);
#1670=ORIENTED_EDGE('',*,*,#1257,.F.);
#1671=ORIENTED_EDGE('',*,*,#1258,.T.);
#1672=ORIENTED_EDGE('',*,*,#1259,.T.);
#1673=ORIENTED_EDGE('',*,*,#1258,.F.);
#1674=ORIENTED_EDGE('',*,*,#1260,.F.);
#1675=ORIENTED_EDGE('',*,*,#1261,.T.);
#1676=ORIENTED_EDGE('',*,*,#1262,.T.);
#1677=ORIENTED_EDGE('',*,*,#1261,.F.);
#1678=ORIENTED_EDGE('',*,*,#1262,.F.);
#1679=ORIENTED_EDGE('',*,*,#1263,.T.);
#1680=ORIENTED_EDGE('',*,*,#1264,.T.);
#1681=ORIENTED_EDGE('',*,*,#1263,.F.);
#1682=ORIENTED_EDGE('',*,*,#1264,.F.);
#1683=ORIENTED_EDGE('',*,*,#1265,.T.);
#1684=ORIENTED_EDGE('',*,*,#1266,.T.);
#1685=ORIENTED_EDGE('',*,*,#1265,.F.);
#1686=ORIENTED_EDGE('',*,*,#1260,.T.);
#1687=ORIENTED_EDGE('',*,*,#1259,.F.);
#1688=ORIENTED_EDGE('',*,*,#1266,.F.);
#1689=ORIENTED_EDGE('',*,*,#1257,.T.);
#1690=ORIENTED_EDGE('',*,*,#1267,.T.);
#1691=ORIENTED_EDGE('',*,*,#1268,.T.);
#1692=ORIENTED_EDGE('',*,*,#1269,.F.);
#1693=ORIENTED_EDGE('',*,*,#1268,.F.);
#1694=ORIENTED_EDGE('',*,*,#1270,.T.);
#1695=ORIENTED_EDGE('',*,*,#1271,.F.);
#1696=ORIENTED_EDGE('',*,*,#1272,.T.);
#1697=ORIENTED_EDGE('',*,*,#1273,.T.);
#1698=ORIENTED_EDGE('',*,*,#1272,.F.);
#1699=ORIENTED_EDGE('',*,*,#1274,.T.);
#1700=ORIENTED_EDGE('',*,*,#1275,.T.);
#1701=ORIENTED_EDGE('',*,*,#1276,.F.);
#1702=ORIENTED_EDGE('',*,*,#1277,.F.);
#1703=ORIENTED_EDGE('',*,*,#1275,.F.);
#1704=ORIENTED_EDGE('',*,*,#1267,.F.);
#1705=ORIENTED_EDGE('',*,*,#1278,.T.);
#1706=ORIENTED_EDGE('',*,*,#1276,.T.);
#1707=ORIENTED_EDGE('',*,*,#1277,.T.);
#1708=ORIENTED_EDGE('',*,*,#1278,.F.);
#1709=ORIENTED_EDGE('',*,*,#1270,.F.);
#1710=ORIENTED_EDGE('',*,*,#1274,.F.);
#1711=ORIENTED_EDGE('',*,*,#1271,.T.);
#1712=ORIENTED_EDGE('',*,*,#1269,.T.);
#1713=ORIENTED_EDGE('',*,*,#1273,.F.);
#1714=ORIENTED_EDGE('',*,*,#1279,.F.);
#1715=ORIENTED_EDGE('',*,*,#1280,.T.);
#1716=ORIENTED_EDGE('',*,*,#1281,.F.);
#1717=ORIENTED_EDGE('',*,*,#1280,.F.);
#1718=ORIENTED_EDGE('',*,*,#1282,.F.);
#1719=ORIENTED_EDGE('',*,*,#1283,.F.);
#1720=ORIENTED_EDGE('',*,*,#1284,.T.);
#1721=ORIENTED_EDGE('',*,*,#1285,.T.);
#1722=ORIENTED_EDGE('',*,*,#1286,.T.);
#1723=ORIENTED_EDGE('',*,*,#1287,.T.);
#1724=ORIENTED_EDGE('',*,*,#1288,.T.);
#1725=ORIENTED_EDGE('',*,*,#1289,.T.);
#1726=ORIENTED_EDGE('',*,*,#1290,.T.);
#1727=ORIENTED_EDGE('',*,*,#1291,.T.);
#1728=ORIENTED_EDGE('',*,*,#1292,.T.);
#1729=ORIENTED_EDGE('',*,*,#1293,.T.);
#1730=ORIENTED_EDGE('',*,*,#1294,.T.);
#1731=ORIENTED_EDGE('',*,*,#1295,.T.);
#1732=ORIENTED_EDGE('',*,*,#1296,.T.);
#1733=ORIENTED_EDGE('',*,*,#1297,.T.);
#1734=ORIENTED_EDGE('',*,*,#1298,.T.);
#1735=ORIENTED_EDGE('',*,*,#1299,.T.);
#1736=ORIENTED_EDGE('',*,*,#1300,.T.);
#1737=ORIENTED_EDGE('',*,*,#1301,.T.);
#1738=ORIENTED_EDGE('',*,*,#1302,.T.);
#1739=ORIENTED_EDGE('',*,*,#1303,.T.);
#1740=ORIENTED_EDGE('',*,*,#1304,.T.);
#1741=ORIENTED_EDGE('',*,*,#1305,.T.);
#1742=ORIENTED_EDGE('',*,*,#1306,.T.);
#1743=ORIENTED_EDGE('',*,*,#1307,.T.);
#1744=ORIENTED_EDGE('',*,*,#1308,.T.);
#1745=ORIENTED_EDGE('',*,*,#1309,.T.);
#1746=ORIENTED_EDGE('',*,*,#1310,.T.);
#1747=ORIENTED_EDGE('',*,*,#1311,.T.);
#1748=ORIENTED_EDGE('',*,*,#1312,.T.);
#1749=ORIENTED_EDGE('',*,*,#1313,.T.);
#1750=ORIENTED_EDGE('',*,*,#1314,.T.);
#1751=ORIENTED_EDGE('',*,*,#1315,.T.);
#1752=ORIENTED_EDGE('',*,*,#1316,.T.);
#1753=ORIENTED_EDGE('',*,*,#1317,.T.);
#1754=ORIENTED_EDGE('',*,*,#1318,.T.);
#1755=ORIENTED_EDGE('',*,*,#1319,.T.);
#1756=ORIENTED_EDGE('',*,*,#1320,.T.);
#1757=ORIENTED_EDGE('',*,*,#1321,.T.);
#1758=ORIENTED_EDGE('',*,*,#1322,.T.);
#1759=ORIENTED_EDGE('',*,*,#1323,.T.);
#1760=ORIENTED_EDGE('',*,*,#1324,.T.);
#1761=ORIENTED_EDGE('',*,*,#1325,.T.);
#1762=ORIENTED_EDGE('',*,*,#1326,.T.);
#1763=ORIENTED_EDGE('',*,*,#1327,.T.);
#1764=ORIENTED_EDGE('',*,*,#1328,.T.);
#1765=ORIENTED_EDGE('',*,*,#1329,.T.);
#1766=ORIENTED_EDGE('',*,*,#1330,.T.);
#1767=ORIENTED_EDGE('',*,*,#1331,.T.);
#1768=ORIENTED_EDGE('',*,*,#1332,.T.);
#1769=ORIENTED_EDGE('',*,*,#1333,.T.);
#1770=ORIENTED_EDGE('',*,*,#1334,.T.);
#1771=ORIENTED_EDGE('',*,*,#1335,.T.);
#1772=ORIENTED_EDGE('',*,*,#1336,.T.);
#1773=ORIENTED_EDGE('',*,*,#1337,.T.);
#1774=ORIENTED_EDGE('',*,*,#1338,.T.);
#1775=ORIENTED_EDGE('',*,*,#1339,.T.);
#1776=ORIENTED_EDGE('',*,*,#1340,.T.);
#1777=ORIENTED_EDGE('',*,*,#1341,.T.);
#1778=ORIENTED_EDGE('',*,*,#1342,.T.);
#1779=ORIENTED_EDGE('',*,*,#1343,.T.);
#1780=ORIENTED_EDGE('',*,*,#1344,.T.);
#1781=ORIENTED_EDGE('',*,*,#1345,.T.);
#1782=ORIENTED_EDGE('',*,*,#1346,.T.);
#1783=ORIENTED_EDGE('',*,*,#1347,.T.);
#1784=ORIENTED_EDGE('',*,*,#1348,.T.);
#1785=ORIENTED_EDGE('',*,*,#1349,.T.);
#1786=ORIENTED_EDGE('',*,*,#1350,.T.);
#1787=ORIENTED_EDGE('',*,*,#1351,.T.);
#1788=ORIENTED_EDGE('',*,*,#1352,.T.);
#1789=ORIENTED_EDGE('',*,*,#1353,.T.);
#1790=ORIENTED_EDGE('',*,*,#1354,.T.);
#1791=ORIENTED_EDGE('',*,*,#1355,.T.);
#1792=ORIENTED_EDGE('',*,*,#1356,.T.);
#1793=ORIENTED_EDGE('',*,*,#1357,.T.);
#1794=ORIENTED_EDGE('',*,*,#1358,.T.);
#1795=ORIENTED_EDGE('',*,*,#1359,.T.);
#1796=ORIENTED_EDGE('',*,*,#1360,.T.);
#1797=ORIENTED_EDGE('',*,*,#1361,.T.);
#1798=ORIENTED_EDGE('',*,*,#1362,.T.);
#1799=ORIENTED_EDGE('',*,*,#1363,.T.);
#1800=ORIENTED_EDGE('',*,*,#1364,.T.);
#1801=ORIENTED_EDGE('',*,*,#1365,.T.);
#1802=ORIENTED_EDGE('',*,*,#1366,.T.);
#1803=ORIENTED_EDGE('',*,*,#1367,.T.);
#1804=ORIENTED_EDGE('',*,*,#1368,.T.);
#1805=ORIENTED_EDGE('',*,*,#1369,.T.);
#1806=ORIENTED_EDGE('',*,*,#1370,.T.);
#1807=ORIENTED_EDGE('',*,*,#1371,.T.);
#1808=ORIENTED_EDGE('',*,*,#1372,.T.);
#1809=ORIENTED_EDGE('',*,*,#1373,.T.);
#1810=ORIENTED_EDGE('',*,*,#1374,.T.);
#1811=ORIENTED_EDGE('',*,*,#1375,.T.);
#1812=ORIENTED_EDGE('',*,*,#1376,.T.);
#1813=ORIENTED_EDGE('',*,*,#1377,.T.);
#1814=ORIENTED_EDGE('',*,*,#1378,.T.);
#1815=ORIENTED_EDGE('',*,*,#1379,.T.);
#1816=ORIENTED_EDGE('',*,*,#1380,.T.);
#1817=ORIENTED_EDGE('',*,*,#1381,.T.);
#1818=ORIENTED_EDGE('',*,*,#1382,.T.);
#1819=ORIENTED_EDGE('',*,*,#1383,.T.);
#1820=ORIENTED_EDGE('',*,*,#1384,.T.);
#1821=ORIENTED_EDGE('',*,*,#1385,.T.);
#1822=ORIENTED_EDGE('',*,*,#1386,.T.);
#1823=ORIENTED_EDGE('',*,*,#1387,.T.);
#1824=ORIENTED_EDGE('',*,*,#1388,.T.);
#1825=ORIENTED_EDGE('',*,*,#1389,.T.);
#1826=ORIENTED_EDGE('',*,*,#1390,.T.);
#1827=ORIENTED_EDGE('',*,*,#1391,.T.);
#1828=ORIENTED_EDGE('',*,*,#1392,.T.);
#1829=ORIENTED_EDGE('',*,*,#1393,.T.);
#1830=ORIENTED_EDGE('',*,*,#1394,.T.);
#1831=ORIENTED_EDGE('',*,*,#1395,.T.);
#1832=ORIENTED_EDGE('',*,*,#1396,.T.);
#1833=ORIENTED_EDGE('',*,*,#1397,.T.);
#1834=ORIENTED_EDGE('',*,*,#1398,.T.);
#1835=ORIENTED_EDGE('',*,*,#1399,.T.);
#1836=ORIENTED_EDGE('',*,*,#1400,.T.);
#1837=ORIENTED_EDGE('',*,*,#1401,.T.);
#1838=ORIENTED_EDGE('',*,*,#1402,.T.);
#1839=ORIENTED_EDGE('',*,*,#1403,.T.);
#1840=ORIENTED_EDGE('',*,*,#1404,.F.);
#1841=ORIENTED_EDGE('',*,*,#1405,.T.);
#1842=ORIENTED_EDGE('',*,*,#1279,.T.);
#1843=ORIENTED_EDGE('',*,*,#1282,.T.);
#1844=ORIENTED_EDGE('',*,*,#1406,.T.);
#1845=ORIENTED_EDGE('',*,*,#1407,.F.);
#1846=ORIENTED_EDGE('',*,*,#1408,.F.);
#1847=ORIENTED_EDGE('',*,*,#1409,.F.);
#1848=ORIENTED_EDGE('',*,*,#1410,.F.);
#1849=ORIENTED_EDGE('',*,*,#1411,.F.);
#1850=ORIENTED_EDGE('',*,*,#1412,.T.);
#1851=ORIENTED_EDGE('',*,*,#1413,.F.);
#1852=ORIENTED_EDGE('',*,*,#1414,.T.);
#1853=ORIENTED_EDGE('',*,*,#1415,.F.);
#1854=ORIENTED_EDGE('',*,*,#1416,.F.);
#1855=ORIENTED_EDGE('',*,*,#1417,.F.);
#1856=ORIENTED_EDGE('',*,*,#1418,.F.);
#1857=ORIENTED_EDGE('',*,*,#1419,.F.);
#1858=ORIENTED_EDGE('',*,*,#1406,.F.);
#1859=ORIENTED_EDGE('',*,*,#1283,.T.);
#1860=ORIENTED_EDGE('',*,*,#1420,.F.);
#1861=ORIENTED_EDGE('',*,*,#1421,.T.);
#1862=ORIENTED_EDGE('',*,*,#1422,.F.);
#1863=ORIENTED_EDGE('',*,*,#1421,.F.);
#1864=ORIENTED_EDGE('',*,*,#1405,.F.);
#1865=ORIENTED_EDGE('',*,*,#1423,.T.);
#1866=ORIENTED_EDGE('',*,*,#1404,.T.);
#1867=ORIENTED_EDGE('',*,*,#1423,.F.);
#1868=ORIENTED_EDGE('',*,*,#1424,.F.);
#1869=ORIENTED_EDGE('',*,*,#1425,.T.);
#1870=ORIENTED_EDGE('',*,*,#1399,.F.);
#1871=ORIENTED_EDGE('',*,*,#1426,.F.);
#1872=ORIENTED_EDGE('',*,*,#1427,.F.);
#1873=ORIENTED_EDGE('',*,*,#1428,.T.);
#1874=ORIENTED_EDGE('',*,*,#1391,.F.);
#1875=ORIENTED_EDGE('',*,*,#1429,.F.);
#1876=ORIENTED_EDGE('',*,*,#1430,.F.);
#1877=ORIENTED_EDGE('',*,*,#1431,.T.);
#1878=ORIENTED_EDGE('',*,*,#1383,.F.);
#1879=ORIENTED_EDGE('',*,*,#1432,.F.);
#1880=ORIENTED_EDGE('',*,*,#1433,.F.);
#1881=ORIENTED_EDGE('',*,*,#1434,.T.);
#1882=ORIENTED_EDGE('',*,*,#1377,.F.);
#1883=ORIENTED_EDGE('',*,*,#1435,.F.);
#1884=ORIENTED_EDGE('',*,*,#1436,.F.);
#1885=ORIENTED_EDGE('',*,*,#1437,.T.);
#1886=ORIENTED_EDGE('',*,*,#1369,.F.);
#1887=ORIENTED_EDGE('',*,*,#1438,.F.);
#1888=ORIENTED_EDGE('',*,*,#1439,.F.);
#1889=ORIENTED_EDGE('',*,*,#1440,.T.);
#1890=ORIENTED_EDGE('',*,*,#1361,.F.);
#1891=ORIENTED_EDGE('',*,*,#1441,.F.);
#1892=ORIENTED_EDGE('',*,*,#1442,.F.);
#1893=ORIENTED_EDGE('',*,*,#1443,.T.);
#1894=ORIENTED_EDGE('',*,*,#1353,.F.);
#1895=ORIENTED_EDGE('',*,*,#1444,.F.);
#1896=ORIENTED_EDGE('',*,*,#1445,.F.);
#1897=ORIENTED_EDGE('',*,*,#1446,.T.);
#1898=ORIENTED_EDGE('',*,*,#1341,.F.);
#1899=ORIENTED_EDGE('',*,*,#1447,.F.);
#1900=ORIENTED_EDGE('',*,*,#1448,.F.);
#1901=ORIENTED_EDGE('',*,*,#1449,.T.);
#1902=ORIENTED_EDGE('',*,*,#1333,.F.);
#1903=ORIENTED_EDGE('',*,*,#1450,.F.);
#1904=ORIENTED_EDGE('',*,*,#1451,.F.);
#1905=ORIENTED_EDGE('',*,*,#1452,.T.);
#1906=ORIENTED_EDGE('',*,*,#1325,.F.);
#1907=ORIENTED_EDGE('',*,*,#1453,.F.);
#1908=ORIENTED_EDGE('',*,*,#1454,.F.);
#1909=ORIENTED_EDGE('',*,*,#1455,.T.);
#1910=ORIENTED_EDGE('',*,*,#1315,.F.);
#1911=ORIENTED_EDGE('',*,*,#1456,.F.);
#1912=ORIENTED_EDGE('',*,*,#1457,.F.);
#1913=ORIENTED_EDGE('',*,*,#1458,.T.);
#1914=ORIENTED_EDGE('',*,*,#1307,.F.);
#1915=ORIENTED_EDGE('',*,*,#1459,.F.);
#1916=ORIENTED_EDGE('',*,*,#1460,.F.);
#1917=ORIENTED_EDGE('',*,*,#1461,.T.);
#1918=ORIENTED_EDGE('',*,*,#1299,.F.);
#1919=ORIENTED_EDGE('',*,*,#1462,.F.);
#1920=ORIENTED_EDGE('',*,*,#1463,.F.);
#1921=ORIENTED_EDGE('',*,*,#1411,.T.);
#1922=ORIENTED_EDGE('',*,*,#1464,.T.);
#1923=ORIENTED_EDGE('',*,*,#1347,.F.);
#1924=ORIENTED_EDGE('',*,*,#1465,.F.);
#1925=ORIENTED_EDGE('',*,*,#1409,.T.);
#1926=ORIENTED_EDGE('',*,*,#1466,.T.);
#1927=ORIENTED_EDGE('',*,*,#1349,.F.);
#1928=ORIENTED_EDGE('',*,*,#1414,.F.);
#1929=ORIENTED_EDGE('',*,*,#1467,.F.);
#1930=ORIENTED_EDGE('',*,*,#1468,.T.);
#1931=ORIENTED_EDGE('',*,*,#1469,.T.);
#1932=ORIENTED_EDGE('',*,*,#1470,.T.);
#1933=ORIENTED_EDGE('',*,*,#1418,.T.);
#1934=ORIENTED_EDGE('',*,*,#1471,.F.);
#1935=ORIENTED_EDGE('',*,*,#1472,.F.);
#1936=ORIENTED_EDGE('',*,*,#1464,.F.);
#1937=ORIENTED_EDGE('',*,*,#1410,.T.);
#1938=ORIENTED_EDGE('',*,*,#1465,.T.);
#1939=ORIENTED_EDGE('',*,*,#1348,.F.);
#1940=ORIENTED_EDGE('',*,*,#1473,.T.);
#1941=ORIENTED_EDGE('',*,*,#1416,.T.);
#1942=ORIENTED_EDGE('',*,*,#1474,.F.);
#1943=ORIENTED_EDGE('',*,*,#1475,.F.);
#1944=ORIENTED_EDGE('',*,*,#1474,.T.);
#1945=ORIENTED_EDGE('',*,*,#1415,.T.);
#1946=ORIENTED_EDGE('',*,*,#1469,.F.);
#1947=ORIENTED_EDGE('',*,*,#1476,.F.);
#1948=ORIENTED_EDGE('',*,*,#1471,.T.);
#1949=ORIENTED_EDGE('',*,*,#1417,.T.);
#1950=ORIENTED_EDGE('',*,*,#1473,.F.);
#1951=ORIENTED_EDGE('',*,*,#1477,.F.);
#1952=ORIENTED_EDGE('',*,*,#1478,.T.);
#1953=ORIENTED_EDGE('',*,*,#1479,.T.);
#1954=ORIENTED_EDGE('',*,*,#1480,.F.);
#1955=ORIENTED_EDGE('',*,*,#1481,.T.);
#1956=ORIENTED_EDGE('',*,*,#1482,.T.);
#1957=ORIENTED_EDGE('',*,*,#1424,.T.);
#1958=ORIENTED_EDGE('',*,*,#1483,.T.);
#1959=ORIENTED_EDGE('',*,*,#1484,.T.);
#1960=ORIENTED_EDGE('',*,*,#1485,.T.);
#1961=ORIENTED_EDGE('',*,*,#1486,.T.);
#1962=ORIENTED_EDGE('',*,*,#1487,.F.);
#1963=ORIENTED_EDGE('',*,*,#1488,.T.);
#1964=ORIENTED_EDGE('',*,*,#1489,.F.);
#1965=ORIENTED_EDGE('',*,*,#1427,.T.);
#1966=ORIENTED_EDGE('',*,*,#1490,.T.);
#1967=ORIENTED_EDGE('',*,*,#1491,.T.);
#1968=ORIENTED_EDGE('',*,*,#1492,.T.);
#1969=ORIENTED_EDGE('',*,*,#1493,.T.);
#1970=ORIENTED_EDGE('',*,*,#1494,.F.);
#1971=ORIENTED_EDGE('',*,*,#1495,.T.);
#1972=ORIENTED_EDGE('',*,*,#1496,.F.);
#1973=ORIENTED_EDGE('',*,*,#1430,.T.);
#1974=ORIENTED_EDGE('',*,*,#1497,.T.);
#1975=ORIENTED_EDGE('',*,*,#1498,.T.);
#1976=ORIENTED_EDGE('',*,*,#1499,.T.);
#1977=ORIENTED_EDGE('',*,*,#1500,.T.);
#1978=ORIENTED_EDGE('',*,*,#1501,.F.);
#1979=ORIENTED_EDGE('',*,*,#1433,.T.);
#1980=ORIENTED_EDGE('',*,*,#1502,.F.);
#1981=ORIENTED_EDGE('',*,*,#1503,.T.);
#1982=ORIENTED_EDGE('',*,*,#1504,.T.);
#1983=ORIENTED_EDGE('',*,*,#1505,.T.);
#1984=ORIENTED_EDGE('',*,*,#1506,.T.);
#1985=ORIENTED_EDGE('',*,*,#1507,.T.);
#1986=ORIENTED_EDGE('',*,*,#1508,.F.);
#1987=ORIENTED_EDGE('',*,*,#1436,.T.);
#1988=ORIENTED_EDGE('',*,*,#1509,.F.);
#1989=ORIENTED_EDGE('',*,*,#1510,.T.);
#1990=ORIENTED_EDGE('',*,*,#1511,.T.);
#1991=ORIENTED_EDGE('',*,*,#1512,.T.);
#1992=ORIENTED_EDGE('',*,*,#1513,.T.);
#1993=ORIENTED_EDGE('',*,*,#1514,.T.);
#1994=ORIENTED_EDGE('',*,*,#1515,.F.);
#1995=ORIENTED_EDGE('',*,*,#1439,.T.);
#1996=ORIENTED_EDGE('',*,*,#1516,.F.);
#1997=ORIENTED_EDGE('',*,*,#1517,.T.);
#1998=ORIENTED_EDGE('',*,*,#1518,.T.);
#1999=ORIENTED_EDGE('',*,*,#1519,.T.);
#2000=ORIENTED_EDGE('',*,*,#1520,.T.);
#2001=ORIENTED_EDGE('',*,*,#1521,.T.);
#2002=ORIENTED_EDGE('',*,*,#1522,.F.);
#2003=ORIENTED_EDGE('',*,*,#1442,.T.);
#2004=ORIENTED_EDGE('',*,*,#1523,.F.);
#2005=ORIENTED_EDGE('',*,*,#1524,.T.);
#2006=ORIENTED_EDGE('',*,*,#1472,.T.);
#2007=ORIENTED_EDGE('',*,*,#1477,.T.);
#2008=ORIENTED_EDGE('',*,*,#1475,.T.);
#2009=ORIENTED_EDGE('',*,*,#1476,.T.);
#2010=ORIENTED_EDGE('',*,*,#1468,.F.);
#2011=ORIENTED_EDGE('',*,*,#1525,.T.);
#2012=ORIENTED_EDGE('',*,*,#1526,.F.);
#2013=ORIENTED_EDGE('',*,*,#1527,.T.);
#2014=ORIENTED_EDGE('',*,*,#1528,.T.);
#2015=ORIENTED_EDGE('',*,*,#1445,.T.);
#2016=ORIENTED_EDGE('',*,*,#1529,.T.);
#2017=ORIENTED_EDGE('',*,*,#1530,.T.);
#2018=ORIENTED_EDGE('',*,*,#1531,.F.);
#2019=ORIENTED_EDGE('',*,*,#1532,.T.);
#2020=ORIENTED_EDGE('',*,*,#1533,.F.);
#2021=ORIENTED_EDGE('',*,*,#1534,.T.);
#2022=ORIENTED_EDGE('',*,*,#1535,.T.);
#2023=ORIENTED_EDGE('',*,*,#1448,.T.);
#2024=ORIENTED_EDGE('',*,*,#1536,.T.);
#2025=ORIENTED_EDGE('',*,*,#1537,.T.);
#2026=ORIENTED_EDGE('',*,*,#1538,.F.);
#2027=ORIENTED_EDGE('',*,*,#1539,.T.);
#2028=ORIENTED_EDGE('',*,*,#1540,.F.);
#2029=ORIENTED_EDGE('',*,*,#1541,.T.);
#2030=ORIENTED_EDGE('',*,*,#1542,.T.);
#2031=ORIENTED_EDGE('',*,*,#1451,.T.);
#2032=ORIENTED_EDGE('',*,*,#1543,.T.);
#2033=ORIENTED_EDGE('',*,*,#1544,.T.);
#2034=ORIENTED_EDGE('',*,*,#1545,.F.);
#2035=ORIENTED_EDGE('',*,*,#1546,.T.);
#2036=ORIENTED_EDGE('',*,*,#1547,.F.);
#2037=ORIENTED_EDGE('',*,*,#1548,.T.);
#2038=ORIENTED_EDGE('',*,*,#1549,.T.);
#2039=ORIENTED_EDGE('',*,*,#1550,.T.);
#2040=ORIENTED_EDGE('',*,*,#1551,.T.);
#2041=ORIENTED_EDGE('',*,*,#1454,.T.);
#2042=ORIENTED_EDGE('',*,*,#1552,.F.);
#2043=ORIENTED_EDGE('',*,*,#1553,.T.);
#2044=ORIENTED_EDGE('',*,*,#1554,.F.);
#2045=ORIENTED_EDGE('',*,*,#1555,.T.);
#2046=ORIENTED_EDGE('',*,*,#1556,.T.);
#2047=ORIENTED_EDGE('',*,*,#1557,.T.);
#2048=ORIENTED_EDGE('',*,*,#1558,.T.);
#2049=ORIENTED_EDGE('',*,*,#1457,.T.);
#2050=ORIENTED_EDGE('',*,*,#1559,.F.);
#2051=ORIENTED_EDGE('',*,*,#1560,.T.);
#2052=ORIENTED_EDGE('',*,*,#1561,.F.);
#2053=ORIENTED_EDGE('',*,*,#1562,.T.);
#2054=ORIENTED_EDGE('',*,*,#1563,.T.);
#2055=ORIENTED_EDGE('',*,*,#1564,.T.);
#2056=ORIENTED_EDGE('',*,*,#1565,.T.);
#2057=ORIENTED_EDGE('',*,*,#1460,.T.);
#2058=ORIENTED_EDGE('',*,*,#1566,.F.);
#2059=ORIENTED_EDGE('',*,*,#1567,.T.);
#2060=ORIENTED_EDGE('',*,*,#1568,.F.);
#2061=ORIENTED_EDGE('',*,*,#1569,.T.);
#2062=ORIENTED_EDGE('',*,*,#1570,.T.);
#2063=ORIENTED_EDGE('',*,*,#1571,.T.);
#2064=ORIENTED_EDGE('',*,*,#1572,.T.);
#2065=ORIENTED_EDGE('',*,*,#1573,.T.);
#2066=ORIENTED_EDGE('',*,*,#1574,.F.);
#2067=ORIENTED_EDGE('',*,*,#1575,.T.);
#2068=ORIENTED_EDGE('',*,*,#1576,.F.);
#2069=ORIENTED_EDGE('',*,*,#1577,.T.);
#2070=ORIENTED_EDGE('',*,*,#1578,.T.);
#2071=ORIENTED_EDGE('',*,*,#1579,.T.);
#2072=ORIENTED_EDGE('',*,*,#1420,.T.);
#2073=ORIENTED_EDGE('',*,*,#1580,.T.);
#2074=ORIENTED_EDGE('',*,*,#1284,.F.);
#2075=ORIENTED_EDGE('',*,*,#1581,.F.);
#2076=ORIENTED_EDGE('',*,*,#1478,.F.);
#2077=ORIENTED_EDGE('',*,*,#1581,.T.);
#2078=ORIENTED_EDGE('',*,*,#1403,.F.);
#2079=ORIENTED_EDGE('',*,*,#1582,.F.);
#2080=ORIENTED_EDGE('',*,*,#1479,.F.);
#2081=ORIENTED_EDGE('',*,*,#1582,.T.);
#2082=ORIENTED_EDGE('',*,*,#1402,.F.);
#2083=ORIENTED_EDGE('',*,*,#1583,.F.);
#2084=ORIENTED_EDGE('',*,*,#1480,.T.);
#2085=ORIENTED_EDGE('',*,*,#1583,.T.);
#2086=ORIENTED_EDGE('',*,*,#1401,.F.);
#2087=ORIENTED_EDGE('',*,*,#1584,.F.);
#2088=ORIENTED_EDGE('',*,*,#1481,.F.);
#2089=ORIENTED_EDGE('',*,*,#1584,.T.);
#2090=ORIENTED_EDGE('',*,*,#1400,.F.);
#2091=ORIENTED_EDGE('',*,*,#1425,.F.);
#2092=ORIENTED_EDGE('',*,*,#1482,.F.);
#2093=ORIENTED_EDGE('',*,*,#1576,.T.);
#2094=ORIENTED_EDGE('',*,*,#1585,.T.);
#2095=ORIENTED_EDGE('',*,*,#1288,.F.);
#2096=ORIENTED_EDGE('',*,*,#1586,.F.);
#2097=ORIENTED_EDGE('',*,*,#1586,.T.);
#2098=ORIENTED_EDGE('',*,*,#1287,.F.);
#2099=ORIENTED_EDGE('',*,*,#1587,.F.);
#2100=ORIENTED_EDGE('',*,*,#1577,.F.);
#2101=ORIENTED_EDGE('',*,*,#1587,.T.);
#2102=ORIENTED_EDGE('',*,*,#1286,.F.);
#2103=ORIENTED_EDGE('',*,*,#1588,.F.);
#2104=ORIENTED_EDGE('',*,*,#1578,.F.);
#2105=ORIENTED_EDGE('',*,*,#1588,.T.);
#2106=ORIENTED_EDGE('',*,*,#1285,.F.);
#2107=ORIENTED_EDGE('',*,*,#1580,.F.);
#2108=ORIENTED_EDGE('',*,*,#1579,.F.);
#2109=ORIENTED_EDGE('',*,*,#1589,.T.);
#2110=ORIENTED_EDGE('',*,*,#1292,.F.);
#2111=ORIENTED_EDGE('',*,*,#1590,.F.);
#2112=ORIENTED_EDGE('',*,*,#1572,.F.);
#2113=ORIENTED_EDGE('',*,*,#1590,.T.);
#2114=ORIENTED_EDGE('',*,*,#1291,.F.);
#2115=ORIENTED_EDGE('',*,*,#1591,.F.);
#2116=ORIENTED_EDGE('',*,*,#1573,.F.);
#2117=ORIENTED_EDGE('',*,*,#1591,.T.);
#2118=ORIENTED_EDGE('',*,*,#1290,.F.);
#2119=ORIENTED_EDGE('',*,*,#1592,.F.);
#2120=ORIENTED_EDGE('',*,*,#1574,.T.);
#2121=ORIENTED_EDGE('',*,*,#1592,.T.);
#2122=ORIENTED_EDGE('',*,*,#1289,.F.);
#2123=ORIENTED_EDGE('',*,*,#1585,.F.);
#2124=ORIENTED_EDGE('',*,*,#1575,.F.);
#2125=ORIENTED_EDGE('',*,*,#1568,.T.);
#2126=ORIENTED_EDGE('',*,*,#1593,.T.);
#2127=ORIENTED_EDGE('',*,*,#1296,.F.);
#2128=ORIENTED_EDGE('',*,*,#1594,.F.);
#2129=ORIENTED_EDGE('',*,*,#1594,.T.);
#2130=ORIENTED_EDGE('',*,*,#1295,.F.);
#2131=ORIENTED_EDGE('',*,*,#1595,.F.);
#2132=ORIENTED_EDGE('',*,*,#1569,.F.);
#2133=ORIENTED_EDGE('',*,*,#1595,.T.);
#2134=ORIENTED_EDGE('',*,*,#1294,.F.);
#2135=ORIENTED_EDGE('',*,*,#1596,.F.);
#2136=ORIENTED_EDGE('',*,*,#1570,.F.);
#2137=ORIENTED_EDGE('',*,*,#1596,.T.);
#2138=ORIENTED_EDGE('',*,*,#1293,.F.);
#2139=ORIENTED_EDGE('',*,*,#1589,.F.);
#2140=ORIENTED_EDGE('',*,*,#1571,.F.);
#2141=ORIENTED_EDGE('',*,*,#1597,.T.);
#2142=ORIENTED_EDGE('',*,*,#1300,.F.);
#2143=ORIENTED_EDGE('',*,*,#1461,.F.);
#2144=ORIENTED_EDGE('',*,*,#1565,.F.);
#2145=ORIENTED_EDGE('',*,*,#1462,.T.);
#2146=ORIENTED_EDGE('',*,*,#1298,.F.);
#2147=ORIENTED_EDGE('',*,*,#1598,.F.);
#2148=ORIENTED_EDGE('',*,*,#1566,.T.);
#2149=ORIENTED_EDGE('',*,*,#1598,.T.);
#2150=ORIENTED_EDGE('',*,*,#1297,.F.);
#2151=ORIENTED_EDGE('',*,*,#1593,.F.);
#2152=ORIENTED_EDGE('',*,*,#1567,.F.);
#2153=ORIENTED_EDGE('',*,*,#1561,.T.);
#2154=ORIENTED_EDGE('',*,*,#1599,.T.);
#2155=ORIENTED_EDGE('',*,*,#1304,.F.);
#2156=ORIENTED_EDGE('',*,*,#1600,.F.);
#2157=ORIENTED_EDGE('',*,*,#1600,.T.);
#2158=ORIENTED_EDGE('',*,*,#1303,.F.);
#2159=ORIENTED_EDGE('',*,*,#1601,.F.);
#2160=ORIENTED_EDGE('',*,*,#1562,.F.);
#2161=ORIENTED_EDGE('',*,*,#1601,.T.);
#2162=ORIENTED_EDGE('',*,*,#1302,.F.);
#2163=ORIENTED_EDGE('',*,*,#1602,.F.);
#2164=ORIENTED_EDGE('',*,*,#1563,.F.);
#2165=ORIENTED_EDGE('',*,*,#1602,.T.);
#2166=ORIENTED_EDGE('',*,*,#1301,.F.);
#2167=ORIENTED_EDGE('',*,*,#1597,.F.);
#2168=ORIENTED_EDGE('',*,*,#1564,.F.);
#2169=ORIENTED_EDGE('',*,*,#1603,.T.);
#2170=ORIENTED_EDGE('',*,*,#1308,.F.);
#2171=ORIENTED_EDGE('',*,*,#1458,.F.);
#2172=ORIENTED_EDGE('',*,*,#1558,.F.);
#2173=ORIENTED_EDGE('',*,*,#1459,.T.);
#2174=ORIENTED_EDGE('',*,*,#1306,.F.);
#2175=ORIENTED_EDGE('',*,*,#1604,.F.);
#2176=ORIENTED_EDGE('',*,*,#1559,.T.);
#2177=ORIENTED_EDGE('',*,*,#1604,.T.);
#2178=ORIENTED_EDGE('',*,*,#1305,.F.);
#2179=ORIENTED_EDGE('',*,*,#1599,.F.);
#2180=ORIENTED_EDGE('',*,*,#1560,.F.);
#2181=ORIENTED_EDGE('',*,*,#1554,.T.);
#2182=ORIENTED_EDGE('',*,*,#1605,.T.);
#2183=ORIENTED_EDGE('',*,*,#1312,.F.);
#2184=ORIENTED_EDGE('',*,*,#1606,.F.);
#2185=ORIENTED_EDGE('',*,*,#1606,.T.);
#2186=ORIENTED_EDGE('',*,*,#1311,.F.);
#2187=ORIENTED_EDGE('',*,*,#1607,.F.);
#2188=ORIENTED_EDGE('',*,*,#1555,.F.);
#2189=ORIENTED_EDGE('',*,*,#1607,.T.);
#2190=ORIENTED_EDGE('',*,*,#1310,.F.);
#2191=ORIENTED_EDGE('',*,*,#1608,.F.);
#2192=ORIENTED_EDGE('',*,*,#1556,.F.);
#2193=ORIENTED_EDGE('',*,*,#1608,.T.);
#2194=ORIENTED_EDGE('',*,*,#1309,.F.);
#2195=ORIENTED_EDGE('',*,*,#1603,.F.);
#2196=ORIENTED_EDGE('',*,*,#1557,.F.);
#2197=ORIENTED_EDGE('',*,*,#1609,.T.);
#2198=ORIENTED_EDGE('',*,*,#1316,.F.);
#2199=ORIENTED_EDGE('',*,*,#1455,.F.);
#2200=ORIENTED_EDGE('',*,*,#1551,.F.);
#2201=ORIENTED_EDGE('',*,*,#1456,.T.);
#2202=ORIENTED_EDGE('',*,*,#1314,.F.);
#2203=ORIENTED_EDGE('',*,*,#1610,.F.);
#2204=ORIENTED_EDGE('',*,*,#1552,.T.);
#2205=ORIENTED_EDGE('',*,*,#1610,.T.);
#2206=ORIENTED_EDGE('',*,*,#1313,.F.);
#2207=ORIENTED_EDGE('',*,*,#1605,.F.);
#2208=ORIENTED_EDGE('',*,*,#1553,.F.);
#2209=ORIENTED_EDGE('',*,*,#1547,.T.);
#2210=ORIENTED_EDGE('',*,*,#1611,.T.);
#2211=ORIENTED_EDGE('',*,*,#1320,.F.);
#2212=ORIENTED_EDGE('',*,*,#1612,.F.);
#2213=ORIENTED_EDGE('',*,*,#1612,.T.);
#2214=ORIENTED_EDGE('',*,*,#1319,.F.);
#2215=ORIENTED_EDGE('',*,*,#1613,.F.);
#2216=ORIENTED_EDGE('',*,*,#1548,.F.);
#2217=ORIENTED_EDGE('',*,*,#1613,.T.);
#2218=ORIENTED_EDGE('',*,*,#1318,.F.);
#2219=ORIENTED_EDGE('',*,*,#1614,.F.);
#2220=ORIENTED_EDGE('',*,*,#1549,.F.);
#2221=ORIENTED_EDGE('',*,*,#1614,.T.);
#2222=ORIENTED_EDGE('',*,*,#1317,.F.);
#2223=ORIENTED_EDGE('',*,*,#1609,.F.);
#2224=ORIENTED_EDGE('',*,*,#1550,.F.);
#2225=ORIENTED_EDGE('',*,*,#1453,.T.);
#2226=ORIENTED_EDGE('',*,*,#1324,.F.);
#2227=ORIENTED_EDGE('',*,*,#1615,.F.);
#2228=ORIENTED_EDGE('',*,*,#1543,.F.);
#2229=ORIENTED_EDGE('',*,*,#1615,.T.);
#2230=ORIENTED_EDGE('',*,*,#1323,.F.);
#2231=ORIENTED_EDGE('',*,*,#1616,.F.);
#2232=ORIENTED_EDGE('',*,*,#1544,.F.);
#2233=ORIENTED_EDGE('',*,*,#1616,.T.);
#2234=ORIENTED_EDGE('',*,*,#1322,.F.);
#2235=ORIENTED_EDGE('',*,*,#1617,.F.);
#2236=ORIENTED_EDGE('',*,*,#1545,.T.);
#2237=ORIENTED_EDGE('',*,*,#1617,.T.);
#2238=ORIENTED_EDGE('',*,*,#1321,.F.);
#2239=ORIENTED_EDGE('',*,*,#1611,.F.);
#2240=ORIENTED_EDGE('',*,*,#1546,.F.);
#2241=ORIENTED_EDGE('',*,*,#1540,.T.);
#2242=ORIENTED_EDGE('',*,*,#1618,.T.);
#2243=ORIENTED_EDGE('',*,*,#1328,.F.);
#2244=ORIENTED_EDGE('',*,*,#1619,.F.);
#2245=ORIENTED_EDGE('',*,*,#1619,.T.);
#2246=ORIENTED_EDGE('',*,*,#1327,.F.);
#2247=ORIENTED_EDGE('',*,*,#1620,.F.);
#2248=ORIENTED_EDGE('',*,*,#1541,.F.);
#2249=ORIENTED_EDGE('',*,*,#1620,.T.);
#2250=ORIENTED_EDGE('',*,*,#1326,.F.);
#2251=ORIENTED_EDGE('',*,*,#1452,.F.);
#2252=ORIENTED_EDGE('',*,*,#1542,.F.);
#2253=ORIENTED_EDGE('',*,*,#1450,.T.);
#2254=ORIENTED_EDGE('',*,*,#1332,.F.);
#2255=ORIENTED_EDGE('',*,*,#1621,.F.);
#2256=ORIENTED_EDGE('',*,*,#1536,.F.);
#2257=ORIENTED_EDGE('',*,*,#1621,.T.);
#2258=ORIENTED_EDGE('',*,*,#1331,.F.);
#2259=ORIENTED_EDGE('',*,*,#1622,.F.);
#2260=ORIENTED_EDGE('',*,*,#1537,.F.);
#2261=ORIENTED_EDGE('',*,*,#1622,.T.);
#2262=ORIENTED_EDGE('',*,*,#1330,.F.);
#2263=ORIENTED_EDGE('',*,*,#1623,.F.);
#2264=ORIENTED_EDGE('',*,*,#1538,.T.);
#2265=ORIENTED_EDGE('',*,*,#1623,.T.);
#2266=ORIENTED_EDGE('',*,*,#1329,.F.);
#2267=ORIENTED_EDGE('',*,*,#1618,.F.);
#2268=ORIENTED_EDGE('',*,*,#1539,.F.);
#2269=ORIENTED_EDGE('',*,*,#1533,.T.);
#2270=ORIENTED_EDGE('',*,*,#1624,.T.);
#2271=ORIENTED_EDGE('',*,*,#1336,.F.);
#2272=ORIENTED_EDGE('',*,*,#1625,.F.);
#2273=ORIENTED_EDGE('',*,*,#1625,.T.);
#2274=ORIENTED_EDGE('',*,*,#1335,.F.);
#2275=ORIENTED_EDGE('',*,*,#1626,.F.);
#2276=ORIENTED_EDGE('',*,*,#1534,.F.);
#2277=ORIENTED_EDGE('',*,*,#1626,.T.);
#2278=ORIENTED_EDGE('',*,*,#1334,.F.);
#2279=ORIENTED_EDGE('',*,*,#1449,.F.);
#2280=ORIENTED_EDGE('',*,*,#1535,.F.);
#2281=ORIENTED_EDGE('',*,*,#1447,.T.);
#2282=ORIENTED_EDGE('',*,*,#1340,.F.);
#2283=ORIENTED_EDGE('',*,*,#1627,.F.);
#2284=ORIENTED_EDGE('',*,*,#1529,.F.);
#2285=ORIENTED_EDGE('',*,*,#1627,.T.);
#2286=ORIENTED_EDGE('',*,*,#1339,.F.);
#2287=ORIENTED_EDGE('',*,*,#1628,.F.);
#2288=ORIENTED_EDGE('',*,*,#1530,.F.);
#2289=ORIENTED_EDGE('',*,*,#1628,.T.);
#2290=ORIENTED_EDGE('',*,*,#1338,.F.);
#2291=ORIENTED_EDGE('',*,*,#1629,.F.);
#2292=ORIENTED_EDGE('',*,*,#1531,.T.);
#2293=ORIENTED_EDGE('',*,*,#1629,.T.);
#2294=ORIENTED_EDGE('',*,*,#1337,.F.);
#2295=ORIENTED_EDGE('',*,*,#1624,.F.);
#2296=ORIENTED_EDGE('',*,*,#1532,.F.);
#2297=ORIENTED_EDGE('',*,*,#1526,.T.);
#2298=ORIENTED_EDGE('',*,*,#1630,.T.);
#2299=ORIENTED_EDGE('',*,*,#1344,.F.);
#2300=ORIENTED_EDGE('',*,*,#1631,.F.);
#2301=ORIENTED_EDGE('',*,*,#1631,.T.);
#2302=ORIENTED_EDGE('',*,*,#1343,.F.);
#2303=ORIENTED_EDGE('',*,*,#1632,.F.);
#2304=ORIENTED_EDGE('',*,*,#1527,.F.);
#2305=ORIENTED_EDGE('',*,*,#1632,.T.);
#2306=ORIENTED_EDGE('',*,*,#1342,.F.);
#2307=ORIENTED_EDGE('',*,*,#1446,.F.);
#2308=ORIENTED_EDGE('',*,*,#1528,.F.);
#2309=ORIENTED_EDGE('',*,*,#1412,.F.);
#2310=ORIENTED_EDGE('',*,*,#1463,.T.);
#2311=ORIENTED_EDGE('',*,*,#1346,.F.);
#2312=ORIENTED_EDGE('',*,*,#1633,.F.);
#2313=ORIENTED_EDGE('',*,*,#1467,.T.);
#2314=ORIENTED_EDGE('',*,*,#1413,.T.);
#2315=ORIENTED_EDGE('',*,*,#1633,.T.);
#2316=ORIENTED_EDGE('',*,*,#1345,.F.);
#2317=ORIENTED_EDGE('',*,*,#1630,.F.);
#2318=ORIENTED_EDGE('',*,*,#1525,.F.);
#2319=ORIENTED_EDGE('',*,*,#1523,.T.);
#2320=ORIENTED_EDGE('',*,*,#1444,.T.);
#2321=ORIENTED_EDGE('',*,*,#1352,.F.);
#2322=ORIENTED_EDGE('',*,*,#1634,.F.);
#2323=ORIENTED_EDGE('',*,*,#1635,.F.);
#2324=ORIENTED_EDGE('',*,*,#1407,.T.);
#2325=ORIENTED_EDGE('',*,*,#1419,.T.);
#2326=ORIENTED_EDGE('',*,*,#1470,.F.);
#2327=ORIENTED_EDGE('',*,*,#1524,.F.);
#2328=ORIENTED_EDGE('',*,*,#1634,.T.);
#2329=ORIENTED_EDGE('',*,*,#1351,.F.);
#2330=ORIENTED_EDGE('',*,*,#1466,.F.);
#2331=ORIENTED_EDGE('',*,*,#1408,.T.);
#2332=ORIENTED_EDGE('',*,*,#1635,.T.);
#2333=ORIENTED_EDGE('',*,*,#1350,.F.);
#2334=ORIENTED_EDGE('',*,*,#1636,.T.);
#2335=ORIENTED_EDGE('',*,*,#1356,.F.);
#2336=ORIENTED_EDGE('',*,*,#1637,.F.);
#2337=ORIENTED_EDGE('',*,*,#1520,.F.);
#2338=ORIENTED_EDGE('',*,*,#1637,.T.);
#2339=ORIENTED_EDGE('',*,*,#1355,.F.);
#2340=ORIENTED_EDGE('',*,*,#1638,.F.);
#2341=ORIENTED_EDGE('',*,*,#1521,.F.);
#2342=ORIENTED_EDGE('',*,*,#1638,.T.);
#2343=ORIENTED_EDGE('',*,*,#1354,.F.);
#2344=ORIENTED_EDGE('',*,*,#1443,.F.);
#2345=ORIENTED_EDGE('',*,*,#1522,.T.);
#2346=ORIENTED_EDGE('',*,*,#1516,.T.);
#2347=ORIENTED_EDGE('',*,*,#1441,.T.);
#2348=ORIENTED_EDGE('',*,*,#1360,.F.);
#2349=ORIENTED_EDGE('',*,*,#1639,.F.);
#2350=ORIENTED_EDGE('',*,*,#1639,.T.);
#2351=ORIENTED_EDGE('',*,*,#1359,.F.);
#2352=ORIENTED_EDGE('',*,*,#1640,.F.);
#2353=ORIENTED_EDGE('',*,*,#1517,.F.);
#2354=ORIENTED_EDGE('',*,*,#1640,.T.);
#2355=ORIENTED_EDGE('',*,*,#1358,.F.);
#2356=ORIENTED_EDGE('',*,*,#1641,.F.);
#2357=ORIENTED_EDGE('',*,*,#1518,.F.);
#2358=ORIENTED_EDGE('',*,*,#1641,.T.);
#2359=ORIENTED_EDGE('',*,*,#1357,.F.);
#2360=ORIENTED_EDGE('',*,*,#1636,.F.);
#2361=ORIENTED_EDGE('',*,*,#1519,.F.);
#2362=ORIENTED_EDGE('',*,*,#1642,.T.);
#2363=ORIENTED_EDGE('',*,*,#1364,.F.);
#2364=ORIENTED_EDGE('',*,*,#1643,.F.);
#2365=ORIENTED_EDGE('',*,*,#1513,.F.);
#2366=ORIENTED_EDGE('',*,*,#1643,.T.);
#2367=ORIENTED_EDGE('',*,*,#1363,.F.);
#2368=ORIENTED_EDGE('',*,*,#1644,.F.);
#2369=ORIENTED_EDGE('',*,*,#1514,.F.);
#2370=ORIENTED_EDGE('',*,*,#1644,.T.);
#2371=ORIENTED_EDGE('',*,*,#1362,.F.);
#2372=ORIENTED_EDGE('',*,*,#1440,.F.);
#2373=ORIENTED_EDGE('',*,*,#1515,.T.);
#2374=ORIENTED_EDGE('',*,*,#1509,.T.);
#2375=ORIENTED_EDGE('',*,*,#1438,.T.);
#2376=ORIENTED_EDGE('',*,*,#1368,.F.);
#2377=ORIENTED_EDGE('',*,*,#1645,.F.);
#2378=ORIENTED_EDGE('',*,*,#1645,.T.);
#2379=ORIENTED_EDGE('',*,*,#1367,.F.);
#2380=ORIENTED_EDGE('',*,*,#1646,.F.);
#2381=ORIENTED_EDGE('',*,*,#1510,.F.);
#2382=ORIENTED_EDGE('',*,*,#1646,.T.);
#2383=ORIENTED_EDGE('',*,*,#1366,.F.);
#2384=ORIENTED_EDGE('',*,*,#1647,.F.);
#2385=ORIENTED_EDGE('',*,*,#1511,.F.);
#2386=ORIENTED_EDGE('',*,*,#1647,.T.);
#2387=ORIENTED_EDGE('',*,*,#1365,.F.);
#2388=ORIENTED_EDGE('',*,*,#1642,.F.);
#2389=ORIENTED_EDGE('',*,*,#1512,.F.);
#2390=ORIENTED_EDGE('',*,*,#1648,.T.);
#2391=ORIENTED_EDGE('',*,*,#1372,.F.);
#2392=ORIENTED_EDGE('',*,*,#1649,.F.);
#2393=ORIENTED_EDGE('',*,*,#1506,.F.);
#2394=ORIENTED_EDGE('',*,*,#1649,.T.);
#2395=ORIENTED_EDGE('',*,*,#1371,.F.);
#2396=ORIENTED_EDGE('',*,*,#1650,.F.);
#2397=ORIENTED_EDGE('',*,*,#1507,.F.);
#2398=ORIENTED_EDGE('',*,*,#1650,.T.);
#2399=ORIENTED_EDGE('',*,*,#1370,.F.);
#2400=ORIENTED_EDGE('',*,*,#1437,.F.);
#2401=ORIENTED_EDGE('',*,*,#1508,.T.);
#2402=ORIENTED_EDGE('',*,*,#1502,.T.);
#2403=ORIENTED_EDGE('',*,*,#1435,.T.);
#2404=ORIENTED_EDGE('',*,*,#1376,.F.);
#2405=ORIENTED_EDGE('',*,*,#1651,.F.);
#2406=ORIENTED_EDGE('',*,*,#1651,.T.);
#2407=ORIENTED_EDGE('',*,*,#1375,.F.);
#2408=ORIENTED_EDGE('',*,*,#1652,.F.);
#2409=ORIENTED_EDGE('',*,*,#1503,.F.);
#2410=ORIENTED_EDGE('',*,*,#1652,.T.);
#2411=ORIENTED_EDGE('',*,*,#1374,.F.);
#2412=ORIENTED_EDGE('',*,*,#1653,.F.);
#2413=ORIENTED_EDGE('',*,*,#1504,.F.);
#2414=ORIENTED_EDGE('',*,*,#1653,.T.);
#2415=ORIENTED_EDGE('',*,*,#1373,.F.);
#2416=ORIENTED_EDGE('',*,*,#1648,.F.);
#2417=ORIENTED_EDGE('',*,*,#1505,.F.);
#2418=ORIENTED_EDGE('',*,*,#1654,.T.);
#2419=ORIENTED_EDGE('',*,*,#1380,.F.);
#2420=ORIENTED_EDGE('',*,*,#1655,.F.);
#2421=ORIENTED_EDGE('',*,*,#1499,.F.);
#2422=ORIENTED_EDGE('',*,*,#1655,.T.);
#2423=ORIENTED_EDGE('',*,*,#1379,.F.);
#2424=ORIENTED_EDGE('',*,*,#1656,.F.);
#2425=ORIENTED_EDGE('',*,*,#1500,.F.);
#2426=ORIENTED_EDGE('',*,*,#1656,.T.);
#2427=ORIENTED_EDGE('',*,*,#1378,.F.);
#2428=ORIENTED_EDGE('',*,*,#1434,.F.);
#2429=ORIENTED_EDGE('',*,*,#1501,.T.);
#2430=ORIENTED_EDGE('',*,*,#1496,.T.);
#2431=ORIENTED_EDGE('',*,*,#1657,.T.);
#2432=ORIENTED_EDGE('',*,*,#1384,.F.);
#2433=ORIENTED_EDGE('',*,*,#1431,.F.);
#2434=ORIENTED_EDGE('',*,*,#1432,.T.);
#2435=ORIENTED_EDGE('',*,*,#1382,.F.);
#2436=ORIENTED_EDGE('',*,*,#1658,.F.);
#2437=ORIENTED_EDGE('',*,*,#1497,.F.);
#2438=ORIENTED_EDGE('',*,*,#1658,.T.);
#2439=ORIENTED_EDGE('',*,*,#1381,.F.);
#2440=ORIENTED_EDGE('',*,*,#1654,.F.);
#2441=ORIENTED_EDGE('',*,*,#1498,.F.);
#2442=ORIENTED_EDGE('',*,*,#1659,.T.);
#2443=ORIENTED_EDGE('',*,*,#1388,.F.);
#2444=ORIENTED_EDGE('',*,*,#1660,.F.);
#2445=ORIENTED_EDGE('',*,*,#1492,.F.);
#2446=ORIENTED_EDGE('',*,*,#1660,.T.);
#2447=ORIENTED_EDGE('',*,*,#1387,.F.);
#2448=ORIENTED_EDGE('',*,*,#1661,.F.);
#2449=ORIENTED_EDGE('',*,*,#1493,.F.);
#2450=ORIENTED_EDGE('',*,*,#1661,.T.);
#2451=ORIENTED_EDGE('',*,*,#1386,.F.);
#2452=ORIENTED_EDGE('',*,*,#1662,.F.);
#2453=ORIENTED_EDGE('',*,*,#1494,.T.);
#2454=ORIENTED_EDGE('',*,*,#1662,.T.);
#2455=ORIENTED_EDGE('',*,*,#1385,.F.);
#2456=ORIENTED_EDGE('',*,*,#1657,.F.);
#2457=ORIENTED_EDGE('',*,*,#1495,.F.);
#2458=ORIENTED_EDGE('',*,*,#1489,.T.);
#2459=ORIENTED_EDGE('',*,*,#1663,.T.);
#2460=ORIENTED_EDGE('',*,*,#1392,.F.);
#2461=ORIENTED_EDGE('',*,*,#1428,.F.);
#2462=ORIENTED_EDGE('',*,*,#1429,.T.);
#2463=ORIENTED_EDGE('',*,*,#1390,.F.);
#2464=ORIENTED_EDGE('',*,*,#1664,.F.);
#2465=ORIENTED_EDGE('',*,*,#1490,.F.);
#2466=ORIENTED_EDGE('',*,*,#1664,.T.);
#2467=ORIENTED_EDGE('',*,*,#1389,.F.);
#2468=ORIENTED_EDGE('',*,*,#1659,.F.);
#2469=ORIENTED_EDGE('',*,*,#1491,.F.);
#2470=ORIENTED_EDGE('',*,*,#1665,.T.);
#2471=ORIENTED_EDGE('',*,*,#1396,.F.);
#2472=ORIENTED_EDGE('',*,*,#1666,.F.);
#2473=ORIENTED_EDGE('',*,*,#1485,.F.);
#2474=ORIENTED_EDGE('',*,*,#1666,.T.);
#2475=ORIENTED_EDGE('',*,*,#1395,.F.);
#2476=ORIENTED_EDGE('',*,*,#1667,.F.);
#2477=ORIENTED_EDGE('',*,*,#1486,.F.);
#2478=ORIENTED_EDGE('',*,*,#1667,.T.);
#2479=ORIENTED_EDGE('',*,*,#1394,.F.);
#2480=ORIENTED_EDGE('',*,*,#1668,.F.);
#2481=ORIENTED_EDGE('',*,*,#1487,.T.);
#2482=ORIENTED_EDGE('',*,*,#1668,.T.);
#2483=ORIENTED_EDGE('',*,*,#1393,.F.);
#2484=ORIENTED_EDGE('',*,*,#1663,.F.);
#2485=ORIENTED_EDGE('',*,*,#1488,.F.);
#2486=ORIENTED_EDGE('',*,*,#1426,.T.);
#2487=ORIENTED_EDGE('',*,*,#1398,.F.);
#2488=ORIENTED_EDGE('',*,*,#1669,.F.);
#2489=ORIENTED_EDGE('',*,*,#1483,.F.);
#2490=ORIENTED_EDGE('',*,*,#1669,.T.);
#2491=ORIENTED_EDGE('',*,*,#1397,.F.);
#2492=ORIENTED_EDGE('',*,*,#1665,.F.);
#2493=ORIENTED_EDGE('',*,*,#1484,.F.);
#2494=ORIENTED_EDGE('',*,*,#1422,.T.);
#2495=ORIENTED_EDGE('',*,*,#1281,.T.);
#2496=CYLINDRICAL_SURFACE('',#2758,4.99999999999999);
#2497=CYLINDRICAL_SURFACE('',#2764,8.99999999999999);
#2498=CYLINDRICAL_SURFACE('',#2774,4.99999999999999);
#2499=CYLINDRICAL_SURFACE('',#2781,8.99999999999999);
#2500=CYLINDRICAL_SURFACE('',#2784,2.42);
#2501=CYLINDRICAL_SURFACE('',#2881,1.13029999999999);
#2502=CYLINDRICAL_SURFACE('',#2888,4.99999999999999);
#2503=CYLINDRICAL_SURFACE('',#2891,4.99999999999999);
#2504=CYLINDRICAL_SURFACE('',#2892,0.253999999999999);
#2505=CYLINDRICAL_SURFACE('',#2894,0.253999999999999);
#2506=CYLINDRICAL_SURFACE('',#2896,0.253999999999999);
#2507=CYLINDRICAL_SURFACE('',#2898,0.254);
#2508=CYLINDRICAL_SURFACE('',#2900,0.254);
#2509=CYLINDRICAL_SURFACE('',#2902,0.254);
#2510=CYLINDRICAL_SURFACE('',#2904,0.254);
#2511=CYLINDRICAL_SURFACE('',#2906,0.508);
#2512=CYLINDRICAL_SURFACE('',#2908,0.508);
#2513=CYLINDRICAL_SURFACE('',#2910,0.508);
#2514=CYLINDRICAL_SURFACE('',#2912,0.508);
#2515=CYLINDRICAL_SURFACE('',#2914,0.508);
#2516=CYLINDRICAL_SURFACE('',#2916,0.508);
#2517=CYLINDRICAL_SURFACE('',#2918,0.508);
#2518=CYLINDRICAL_SURFACE('',#2919,0.508);
#2519=CYLINDRICAL_SURFACE('',#2922,5.63128793152544);
#2520=CYLINDRICAL_SURFACE('',#2923,5.63128793152544);
#2521=CYLINDRICAL_SURFACE('',#2925,0.508);
#2522=CYLINDRICAL_SURFACE('',#2927,0.508);
#2523=CYLINDRICAL_SURFACE('',#3004,5.63128793152544);
#2524=CYLINDRICAL_SURFACE('',#3005,0.508);
#2525=CYLINDRICAL_SURFACE('',#3007,0.254);
#2526=CYLINDRICAL_SURFACE('',#3008,6.77428793152544);
#2527=CYLINDRICAL_SURFACE('',#3009,6.77428793152544);
#2528=CYLINDRICAL_SURFACE('',#3010,0.253999999999999);
#2529=CYLINDRICAL_SURFACE('',#3012,0.508);
#2530=CYLINDRICAL_SURFACE('',#3013,5.63128793152544);
#2531=CYLINDRICAL_SURFACE('',#3014,0.508);
#2532=CYLINDRICAL_SURFACE('',#3016,0.254);
#2533=CYLINDRICAL_SURFACE('',#3017,6.77428793152544);
#2534=CYLINDRICAL_SURFACE('',#3018,0.253999999999999);
#2535=CYLINDRICAL_SURFACE('',#3020,0.508);
#2536=CYLINDRICAL_SURFACE('',#3021,5.63128793152544);
#2537=CYLINDRICAL_SURFACE('',#3023,0.254);
#2538=CYLINDRICAL_SURFACE('',#3024,6.77428793152544);
#2539=CYLINDRICAL_SURFACE('',#3025,0.253999999999999);
#2540=CYLINDRICAL_SURFACE('',#3027,0.508);
#2541=CYLINDRICAL_SURFACE('',#3028,5.63128793152544);
#2542=CYLINDRICAL_SURFACE('',#3030,0.254);
#2543=CYLINDRICAL_SURFACE('',#3031,6.77428793152544);
#2544=CYLINDRICAL_SURFACE('',#3032,0.253999999999999);
#2545=CYLINDRICAL_SURFACE('',#3034,0.508);
#2546=CYLINDRICAL_SURFACE('',#3035,5.63128793152544);
#2547=CYLINDRICAL_SURFACE('',#3037,0.254);
#2548=CYLINDRICAL_SURFACE('',#3038,6.77428793152544);
#2549=CYLINDRICAL_SURFACE('',#3039,0.253999999999999);
#2550=CYLINDRICAL_SURFACE('',#3041,0.508);
#2551=CYLINDRICAL_SURFACE('',#3042,5.63128793152544);
#2552=CYLINDRICAL_SURFACE('',#3043,0.508);
#2553=CYLINDRICAL_SURFACE('',#3045,0.254);
#2554=CYLINDRICAL_SURFACE('',#3046,6.77428793152544);
#2555=CYLINDRICAL_SURFACE('',#3047,0.253999999999999);
#2556=CYLINDRICAL_SURFACE('',#3049,5.63128793152544);
#2557=CYLINDRICAL_SURFACE('',#3050,0.508);
#2558=CYLINDRICAL_SURFACE('',#3052,0.254);
#2559=CYLINDRICAL_SURFACE('',#3053,6.77428793152544);
#2560=CYLINDRICAL_SURFACE('',#3054,0.254);
#2561=CYLINDRICAL_SURFACE('',#3056,5.63128793152544);
#2562=CYLINDRICAL_SURFACE('',#3057,0.508);
#2563=CYLINDRICAL_SURFACE('',#3059,0.254);
#2564=CYLINDRICAL_SURFACE('',#3060,6.77428793152544);
#2565=CYLINDRICAL_SURFACE('',#3061,0.253999999999999);
#2566=CYLINDRICAL_SURFACE('',#3064,0.254);
#2567=CYLINDRICAL_SURFACE('',#3065,6.77428793152544);
#2568=CYLINDRICAL_SURFACE('',#3066,0.253999999999999);
#2569=CYLINDRICAL_SURFACE('',#3068,5.63128793152544);
#2570=CYLINDRICAL_SURFACE('',#3069,0.508);
#2571=CYLINDRICAL_SURFACE('',#3071,6.77428793152544);
#2572=CYLINDRICAL_SURFACE('',#3072,0.253999999999999);
#2573=CYLINDRICAL_SURFACE('',#3074,0.508);
#2574=CYLINDRICAL_SURFACE('',#3075,5.63128793152544);
#2575=CYLINDRICAL_SURFACE('',#3076,0.508);
#2576=CYLINDRICAL_SURFACE('',#3078,6.77428793152544);
#2577=CYLINDRICAL_SURFACE('',#3079,0.253999999999999);
#2578=CYLINDRICAL_SURFACE('',#3081,0.508);
#2579=CYLINDRICAL_SURFACE('',#3082,5.63128793152544);
#2580=CYLINDRICAL_SURFACE('',#3083,0.508);
#2581=CYLINDRICAL_SURFACE('',#3085,6.77428793152544);
#2582=CYLINDRICAL_SURFACE('',#3086,0.253999999999999);
#2583=CYLINDRICAL_SURFACE('',#3088,0.508);
#2584=CYLINDRICAL_SURFACE('',#3089,5.63128793152544);
#2585=CYLINDRICAL_SURFACE('',#3090,0.508);
#2586=CYLINDRICAL_SURFACE('',#3092,6.77428793152544);
#2587=CYLINDRICAL_SURFACE('',#3094,0.508);
#2588=CYLINDRICAL_SURFACE('',#3095,5.63128793152544);
#2589=CYLINDRICAL_SURFACE('',#3096,0.508);
#2590=CYLINDRICAL_SURFACE('',#3098,0.254);
#2591=CYLINDRICAL_SURFACE('',#3099,6.77428793152544);
#2592=CYLINDRICAL_SURFACE('',#3101,0.508);
#2593=CYLINDRICAL_SURFACE('',#3102,5.63128793152544);
#2594=CYLINDRICAL_SURFACE('',#3103,0.508);
#2595=CYLINDRICAL_SURFACE('',#3105,0.254);
#2596=CYLINDRICAL_SURFACE('',#3107,0.508);
#2597=ADVANCED_FACE('',(#85),#2496,.F.);
#2598=ADVANCED_FACE('',(#86),#81,.F.);
#2599=ADVANCED_FACE('',(#87),#2497,.T.);
#2600=ADVANCED_FACE('',(#88),#82,.T.);
#2601=ADVANCED_FACE('',(#89,#32),#41,.T.);
#2602=ADVANCED_FACE('',(#90,#33),#42,.T.);
#2603=ADVANCED_FACE('',(#91),#83,.T.);
#2604=ADVANCED_FACE('',(#92),#2498,.F.);
#2605=ADVANCED_FACE('',(#93),#84,.F.);
#2606=ADVANCED_FACE('',(#94),#2499,.T.);
#2607=ADVANCED_FACE('',(#95,#34),#43,.T.);
#2608=ADVANCED_FACE('',(#96,#35),#44,.T.);
#2609=ADVANCED_FACE('',(#97,#36),#2500,.F.);
#2610=ADVANCED_FACE('',(#98,#37),#45,.F.);
#2611=ADVANCED_FACE('',(#99,#38),#46,.F.);
#2612=ADVANCED_FACE('',(#100),#2501,.F.);
#2613=ADVANCED_FACE('',(#101),#2502,.T.);
#2614=ADVANCED_FACE('',(#102),#2503,.T.);
#2615=ADVANCED_FACE('',(#103),#2504,.T.);
#2616=ADVANCED_FACE('',(#104),#2505,.T.);
#2617=ADVANCED_FACE('',(#105),#2506,.T.);
#2618=ADVANCED_FACE('',(#106),#2507,.T.);
#2619=ADVANCED_FACE('',(#107),#2508,.T.);
#2620=ADVANCED_FACE('',(#108),#2509,.T.);
#2621=ADVANCED_FACE('',(#109),#2510,.T.);
#2622=ADVANCED_FACE('',(#110),#2511,.F.);
#2623=ADVANCED_FACE('',(#111),#2512,.F.);
#2624=ADVANCED_FACE('',(#112),#2513,.F.);
#2625=ADVANCED_FACE('',(#113),#2514,.F.);
#2626=ADVANCED_FACE('',(#114),#2515,.F.);
#2627=ADVANCED_FACE('',(#115),#2516,.F.);
#2628=ADVANCED_FACE('',(#116),#2517,.F.);
#2629=ADVANCED_FACE('',(#117),#2518,.F.);
#2630=ADVANCED_FACE('',(#118),#47,.T.);
#2631=ADVANCED_FACE('',(#119),#48,.F.);
#2632=ADVANCED_FACE('',(#120),#2519,.T.);
#2633=ADVANCED_FACE('',(#121),#2520,.T.);
#2634=ADVANCED_FACE('',(#122),#2521,.F.);
#2635=ADVANCED_FACE('',(#123),#2522,.F.);
#2636=ADVANCED_FACE('',(#124,#39),#49,.T.);
#2637=ADVANCED_FACE('',(#125),#2523,.T.);
#2638=ADVANCED_FACE('',(#126),#2524,.F.);
#2639=ADVANCED_FACE('',(#127),#50,.T.);
#2640=ADVANCED_FACE('',(#128),#2525,.T.);
#2641=ADVANCED_FACE('',(#129),#2526,.T.);
#2642=ADVANCED_FACE('',(#130),#2527,.T.);
#2643=ADVANCED_FACE('',(#131),#2528,.T.);
#2644=ADVANCED_FACE('',(#132),#51,.F.);
#2645=ADVANCED_FACE('',(#133),#2529,.F.);
#2646=ADVANCED_FACE('',(#134),#2530,.T.);
#2647=ADVANCED_FACE('',(#135),#2531,.F.);
#2648=ADVANCED_FACE('',(#136),#52,.T.);
#2649=ADVANCED_FACE('',(#137),#2532,.T.);
#2650=ADVANCED_FACE('',(#138),#2533,.T.);
#2651=ADVANCED_FACE('',(#139),#2534,.T.);
#2652=ADVANCED_FACE('',(#140),#53,.F.);
#2653=ADVANCED_FACE('',(#141),#2535,.F.);
#2654=ADVANCED_FACE('',(#142),#2536,.T.);
#2655=ADVANCED_FACE('',(#143),#54,.T.);
#2656=ADVANCED_FACE('',(#144),#2537,.T.);
#2657=ADVANCED_FACE('',(#145),#2538,.T.);
#2658=ADVANCED_FACE('',(#146),#2539,.T.);
#2659=ADVANCED_FACE('',(#147),#55,.F.);
#2660=ADVANCED_FACE('',(#148),#2540,.F.);
#2661=ADVANCED_FACE('',(#149),#2541,.T.);
#2662=ADVANCED_FACE('',(#150),#56,.T.);
#2663=ADVANCED_FACE('',(#151),#2542,.T.);
#2664=ADVANCED_FACE('',(#152),#2543,.T.);
#2665=ADVANCED_FACE('',(#153),#2544,.T.);
#2666=ADVANCED_FACE('',(#154),#57,.F.);
#2667=ADVANCED_FACE('',(#155),#2545,.F.);
#2668=ADVANCED_FACE('',(#156),#2546,.T.);
#2669=ADVANCED_FACE('',(#157),#58,.T.);
#2670=ADVANCED_FACE('',(#158),#2547,.T.);
#2671=ADVANCED_FACE('',(#159),#2548,.T.);
#2672=ADVANCED_FACE('',(#160),#2549,.T.);
#2673=ADVANCED_FACE('',(#161),#59,.F.);
#2674=ADVANCED_FACE('',(#162),#2550,.F.);
#2675=ADVANCED_FACE('',(#163),#2551,.T.);
#2676=ADVANCED_FACE('',(#164),#2552,.F.);
#2677=ADVANCED_FACE('',(#165),#60,.T.);
#2678=ADVANCED_FACE('',(#166),#2553,.T.);
#2679=ADVANCED_FACE('',(#167),#2554,.T.);
#2680=ADVANCED_FACE('',(#168),#2555,.T.);
#2681=ADVANCED_FACE('',(#169),#61,.F.);
#2682=ADVANCED_FACE('',(#170),#2556,.T.);
#2683=ADVANCED_FACE('',(#171),#2557,.F.);
#2684=ADVANCED_FACE('',(#172),#62,.T.);
#2685=ADVANCED_FACE('',(#173),#2558,.T.);
#2686=ADVANCED_FACE('',(#174),#2559,.T.);
#2687=ADVANCED_FACE('',(#175),#2560,.T.);
#2688=ADVANCED_FACE('',(#176),#63,.F.);
#2689=ADVANCED_FACE('',(#177),#2561,.T.);
#2690=ADVANCED_FACE('',(#178),#2562,.F.);
#2691=ADVANCED_FACE('',(#179),#64,.T.);
#2692=ADVANCED_FACE('',(#180),#2563,.T.);
#2693=ADVANCED_FACE('',(#181),#2564,.T.);
#2694=ADVANCED_FACE('',(#182),#2565,.T.);
#2695=ADVANCED_FACE('',(#183),#65,.F.);
#2696=ADVANCED_FACE('',(#184),#66,.T.);
#2697=ADVANCED_FACE('',(#185),#2566,.T.);
#2698=ADVANCED_FACE('',(#186),#2567,.T.);
#2699=ADVANCED_FACE('',(#187),#2568,.T.);
#2700=ADVANCED_FACE('',(#188),#67,.F.);
#2701=ADVANCED_FACE('',(#189),#2569,.T.);
#2702=ADVANCED_FACE('',(#190),#2570,.F.);
#2703=ADVANCED_FACE('',(#191),#68,.T.);
#2704=ADVANCED_FACE('',(#192),#2571,.T.);
#2705=ADVANCED_FACE('',(#193),#2572,.T.);
#2706=ADVANCED_FACE('',(#194),#69,.F.);
#2707=ADVANCED_FACE('',(#195),#2573,.F.);
#2708=ADVANCED_FACE('',(#196),#2574,.T.);
#2709=ADVANCED_FACE('',(#197),#2575,.F.);
#2710=ADVANCED_FACE('',(#198),#70,.T.);
#2711=ADVANCED_FACE('',(#199),#2576,.T.);
#2712=ADVANCED_FACE('',(#200),#2577,.T.);
#2713=ADVANCED_FACE('',(#201),#71,.F.);
#2714=ADVANCED_FACE('',(#202),#2578,.F.);
#2715=ADVANCED_FACE('',(#203),#2579,.T.);
#2716=ADVANCED_FACE('',(#204),#2580,.F.);
#2717=ADVANCED_FACE('',(#205),#72,.T.);
#2718=ADVANCED_FACE('',(#206),#2581,.T.);
#2719=ADVANCED_FACE('',(#207),#2582,.T.);
#2720=ADVANCED_FACE('',(#208),#73,.F.);
#2721=ADVANCED_FACE('',(#209),#2583,.F.);
#2722=ADVANCED_FACE('',(#210),#2584,.T.);
#2723=ADVANCED_FACE('',(#211),#2585,.F.);
#2724=ADVANCED_FACE('',(#212),#74,.T.);
#2725=ADVANCED_FACE('',(#213),#2586,.T.);
#2726=ADVANCED_FACE('',(#214),#75,.F.);
#2727=ADVANCED_FACE('',(#215),#2587,.F.);
#2728=ADVANCED_FACE('',(#216),#2588,.T.);
#2729=ADVANCED_FACE('',(#217),#2589,.F.);
#2730=ADVANCED_FACE('',(#218),#76,.T.);
#2731=ADVANCED_FACE('',(#219),#2590,.T.);
#2732=ADVANCED_FACE('',(#220),#2591,.T.);
#2733=ADVANCED_FACE('',(#221),#77,.F.);
#2734=ADVANCED_FACE('',(#222),#2592,.F.);
#2735=ADVANCED_FACE('',(#223),#2593,.T.);
#2736=ADVANCED_FACE('',(#224),#2594,.F.);
#2737=ADVANCED_FACE('',(#225),#78,.T.);
#2738=ADVANCED_FACE('',(#226),#2595,.T.);
#2739=ADVANCED_FACE('',(#227),#79,.F.);
#2740=ADVANCED_FACE('',(#228),#2596,.F.);
#2741=ADVANCED_FACE('',(#229,#40),#80,.T.);
#2742=CLOSED_SHELL('',(#2597,#2598,#2599,#2600,#2601,#2602));
#2743=CLOSED_SHELL('',(#2603,#2604,#2605,#2606,#2607,#2608));
#2744=CLOSED_SHELL('',(#2609,#2610,#2611,#2612,#2613,#2614,#2615,#2616,
#2617,#2618,#2619,#2620,#2621,#2622,#2623,#2624,#2625,#2626,#2627,#2628,
#2629,#2630,#2631,#2632,#2633,#2634,#2635,#2636,#2637,#2638,#2639,#2640,
#2641,#2642,#2643,#2644,#2645,#2646,#2647,#2648,#2649,#2650,#2651,#2652,
#2653,#2654,#2655,#2656,#2657,#2658,#2659,#2660,#2661,#2662,#2663,#2664,
#2665,#2666,#2667,#2668,#2669,#2670,#2671,#2672,#2673,#2674,#2675,#2676,
#2677,#2678,#2679,#2680,#2681,#2682,#2683,#2684,#2685,#2686,#2687,#2688,
#2689,#2690,#2691,#2692,#2693,#2694,#2695,#2696,#2697,#2698,#2699,#2700,
#2701,#2702,#2703,#2704,#2705,#2706,#2707,#2708,#2709,#2710,#2711,#2712,
#2713,#2714,#2715,#2716,#2717,#2718,#2719,#2720,#2721,#2722,#2723,#2724,
#2725,#2726,#2727,#2728,#2729,#2730,#2731,#2732,#2733,#2734,#2735,#2736,
#2737,#2738,#2739,#2740,#2741));
#2745=DERIVED_UNIT_ELEMENT(#2747,1.);
#2746=DERIVED_UNIT_ELEMENT(#4955,-3.);
#2747=(
MASS_UNIT()
NAMED_UNIT(*)
SI_UNIT(.KILO.,.GRAM.)
);
#2748=DERIVED_UNIT((#2745,#2746));
#2749=MEASURE_REPRESENTATION_ITEM('density measure',
POSITIVE_RATIO_MEASURE(7850.),#2748);
#2750=PROPERTY_DEFINITION_REPRESENTATION(#2755,#2752);
#2751=PROPERTY_DEFINITION_REPRESENTATION(#2756,#2753);
#2752=REPRESENTATION('material name',(#2754),#4952);
#2753=REPRESENTATION('density',(#2749),#4952);
#2754=DESCRIPTIVE_REPRESENTATION_ITEM('Steel','Steel');
#2755=PROPERTY_DEFINITION('material property','material name',#4962);
#2756=PROPERTY_DEFINITION('material property','density of part',#4962);
#2757=AXIS2_PLACEMENT_3D('',#4011,#3109,#3110);
#2758=AXIS2_PLACEMENT_3D('',#4012,#3111,#3112);
#2759=AXIS2_PLACEMENT_3D('',#4014,#3113,#3114);
#2760=AXIS2_PLACEMENT_3D('',#4017,#3116,#3117);
#2761=AXIS2_PLACEMENT_3D('',#4018,#3118,#3119);
#2762=AXIS2_PLACEMENT_3D('',#4020,#3120,#3121);
#2763=AXIS2_PLACEMENT_3D('',#4023,#3123,#3124);
#2764=AXIS2_PLACEMENT_3D('',#4024,#3125,#3126);
#2765=AXIS2_PLACEMENT_3D('',#4027,#3128,#3129);
#2766=AXIS2_PLACEMENT_3D('',#4028,#3130,#3131);
#2767=AXIS2_PLACEMENT_3D('',#4031,#3133,#3134);
#2768=AXIS2_PLACEMENT_3D('',#4032,#3135,#3136);
#2769=AXIS2_PLACEMENT_3D('',#4033,#3137,#3138);
#2770=AXIS2_PLACEMENT_3D('',#4034,#3139,#3140);
#2771=AXIS2_PLACEMENT_3D('',#4037,#3141,#3142);
#2772=AXIS2_PLACEMENT_3D('',#4040,#3144,#3145);
#2773=AXIS2_PLACEMENT_3D('',#4041,#3146,#3147);
#2774=AXIS2_PLACEMENT_3D('',#4042,#3148,#3149);
#2775=AXIS2_PLACEMENT_3D('',#4044,#3150,#3151);
#2776=AXIS2_PLACEMENT_3D('',#4047,#3153,#3154);
#2777=AXIS2_PLACEMENT_3D('',#4048,#3155,#3156);
#2778=AXIS2_PLACEMENT_3D('',#4050,#3157,#3158);
#2779=AXIS2_PLACEMENT_3D('',#4054,#3160,#3161);
#2780=AXIS2_PLACEMENT_3D('',#4055,#3162,#3163);
#2781=AXIS2_PLACEMENT_3D('',#4056,#3164,#3165);
#2782=AXIS2_PLACEMENT_3D('',#4058,#3167,#3168);
#2783=AXIS2_PLACEMENT_3D('',#4059,#3169,#3170);
#2784=AXIS2_PLACEMENT_3D('',#4060,#3171,#3172);
#2785=AXIS2_PLACEMENT_3D('',#4062,#3173,#3174);
#2786=AXIS2_PLACEMENT_3D('',#4065,#3176,#3177);
#2787=AXIS2_PLACEMENT_3D('',#4104,#3178,#3179);
#2788=AXIS2_PLACEMENT_3D('',#4107,#3180,#3181);
#2789=AXIS2_PLACEMENT_3D('',#4109,#3182,#3183);
#2790=AXIS2_PLACEMENT_3D('',#4113,#3185,#3186);
#2791=AXIS2_PLACEMENT_3D('',#4115,#3187,#3188);
#2792=AXIS2_PLACEMENT_3D('',#4117,#3189,#3190);
#2793=AXIS2_PLACEMENT_3D('',#4121,#3192,#3193);
#2794=AXIS2_PLACEMENT_3D('',#4123,#3194,#3195);
#2795=AXIS2_PLACEMENT_3D('',#4125,#3196,#3197);
#2796=AXIS2_PLACEMENT_3D('',#4129,#3199,#3200);
#2797=AXIS2_PLACEMENT_3D('',#4131,#3201,#3202);
#2798=AXIS2_PLACEMENT_3D('',#4133,#3203,#3204);
#2799=AXIS2_PLACEMENT_3D('',#4137,#3206,#3207);
#2800=AXIS2_PLACEMENT_3D('',#4139,#3208,#3209);
#2801=AXIS2_PLACEMENT_3D('',#4141,#3210,#3211);
#2802=AXIS2_PLACEMENT_3D('',#4145,#3213,#3214);
#2803=AXIS2_PLACEMENT_3D('',#4147,#3215,#3216);
#2804=AXIS2_PLACEMENT_3D('',#4149,#3217,#3218);
#2805=AXIS2_PLACEMENT_3D('',#4153,#3220,#3221);
#2806=AXIS2_PLACEMENT_3D('',#4155,#3222,#3223);
#2807=AXIS2_PLACEMENT_3D('',#4157,#3224,#3225);
#2808=AXIS2_PLACEMENT_3D('',#4161,#3227,#3228);
#2809=AXIS2_PLACEMENT_3D('',#4163,#3229,#3230);
#2810=AXIS2_PLACEMENT_3D('',#4165,#3231,#3232);
#2811=AXIS2_PLACEMENT_3D('',#4169,#3234,#3235);
#2812=AXIS2_PLACEMENT_3D('',#4171,#3236,#3237);
#2813=AXIS2_PLACEMENT_3D('',#4173,#3238,#3239);
#2814=AXIS2_PLACEMENT_3D('',#4177,#3241,#3242);
#2815=AXIS2_PLACEMENT_3D('',#4179,#3243,#3244);
#2816=AXIS2_PLACEMENT_3D('',#4181,#3245,#3246);
#2817=AXIS2_PLACEMENT_3D('',#4185,#3248,#3249);
#2818=AXIS2_PLACEMENT_3D('',#4187,#3250,#3251);
#2819=AXIS2_PLACEMENT_3D('',#4189,#3252,#3253);
#2820=AXIS2_PLACEMENT_3D('',#4193,#3255,#3256);
#2821=AXIS2_PLACEMENT_3D('',#4195,#3257,#3258);
#2822=AXIS2_PLACEMENT_3D('',#4197,#3259,#3260);
#2823=AXIS2_PLACEMENT_3D('',#4201,#3262,#3263);
#2824=AXIS2_PLACEMENT_3D('',#4203,#3264,#3265);
#2825=AXIS2_PLACEMENT_3D('',#4205,#3266,#3267);
#2826=AXIS2_PLACEMENT_3D('',#4209,#3269,#3270);
#2827=AXIS2_PLACEMENT_3D('',#4211,#3271,#3272);
#2828=AXIS2_PLACEMENT_3D('',#4213,#3273,#3274);
#2829=AXIS2_PLACEMENT_3D('',#4217,#3276,#3277);
#2830=AXIS2_PLACEMENT_3D('',#4219,#3278,#3279);
#2831=AXIS2_PLACEMENT_3D('',#4221,#3280,#3281);
#2832=AXIS2_PLACEMENT_3D('',#4225,#3283,#3284);
#2833=AXIS2_PLACEMENT_3D('',#4227,#3285,#3286);
#2834=AXIS2_PLACEMENT_3D('',#4229,#3287,#3288);
#2835=AXIS2_PLACEMENT_3D('',#4233,#3290,#3291);
#2836=AXIS2_PLACEMENT_3D('',#4235,#3292,#3293);
#2837=AXIS2_PLACEMENT_3D('',#4237,#3294,#3295);
#2838=AXIS2_PLACEMENT_3D('',#4241,#3297,#3298);
#2839=AXIS2_PLACEMENT_3D('',#4243,#3299,#3300);
#2840=AXIS2_PLACEMENT_3D('',#4245,#3301,#3302);
#2841=AXIS2_PLACEMENT_3D('',#4249,#3304,#3305);
#2842=AXIS2_PLACEMENT_3D('',#4251,#3306,#3307);
#2843=AXIS2_PLACEMENT_3D('',#4253,#3308,#3309);
#2844=AXIS2_PLACEMENT_3D('',#4257,#3311,#3312);
#2845=AXIS2_PLACEMENT_3D('',#4259,#3313,#3314);
#2846=AXIS2_PLACEMENT_3D('',#4261,#3315,#3316);
#2847=AXIS2_PLACEMENT_3D('',#4265,#3318,#3319);
#2848=AXIS2_PLACEMENT_3D('',#4267,#3320,#3321);
#2849=AXIS2_PLACEMENT_3D('',#4269,#3322,#3323);
#2850=AXIS2_PLACEMENT_3D('',#4273,#3325,#3326);
#2851=AXIS2_PLACEMENT_3D('',#4275,#3327,#3328);
#2852=AXIS2_PLACEMENT_3D('',#4277,#3329,#3330);
#2853=AXIS2_PLACEMENT_3D('',#4281,#3332,#3333);
#2854=AXIS2_PLACEMENT_3D('',#4283,#3334,#3335);
#2855=AXIS2_PLACEMENT_3D('',#4285,#3336,#3337);
#2856=AXIS2_PLACEMENT_3D('',#4289,#3339,#3340);
#2857=AXIS2_PLACEMENT_3D('',#4291,#3341,#3342);
#2858=AXIS2_PLACEMENT_3D('',#4293,#3343,#3344);
#2859=AXIS2_PLACEMENT_3D('',#4297,#3346,#3347);
#2860=AXIS2_PLACEMENT_3D('',#4299,#3348,#3349);
#2861=AXIS2_PLACEMENT_3D('',#4301,#3350,#3351);
#2862=AXIS2_PLACEMENT_3D('',#4305,#3353,#3354);
#2863=AXIS2_PLACEMENT_3D('',#4307,#3355,#3356);
#2864=AXIS2_PLACEMENT_3D('',#4309,#3357,#3358);
#2865=AXIS2_PLACEMENT_3D('',#4313,#3360,#3361);
#2866=AXIS2_PLACEMENT_3D('',#4315,#3362,#3363);
#2867=AXIS2_PLACEMENT_3D('',#4317,#3364,#3365);
#2868=AXIS2_PLACEMENT_3D('',#4321,#3367,#3368);
#2869=AXIS2_PLACEMENT_3D('',#4323,#3369,#3370);
#2870=AXIS2_PLACEMENT_3D('',#4325,#3371,#3372);
#2871=AXIS2_PLACEMENT_3D('',#4329,#3374,#3375);
#2872=AXIS2_PLACEMENT_3D('',#4331,#3376,#3377);
#2873=AXIS2_PLACEMENT_3D('',#4333,#3378,#3379);
#2874=AXIS2_PLACEMENT_3D('',#4337,#3381,#3382);
#2875=AXIS2_PLACEMENT_3D('',#4339,#3383,#3384);
#2876=AXIS2_PLACEMENT_3D('',#4341,#3385,#3386);
#2877=AXIS2_PLACEMENT_3D('',#4344,#3388,#3389);
#2878=AXIS2_PLACEMENT_3D('',#4346,#3390,#3391);
#2879=AXIS2_PLACEMENT_3D('',#4347,#3392,#3393);
#2880=AXIS2_PLACEMENT_3D('',#4349,#3394,#3395);
#2881=AXIS2_PLACEMENT_3D('',#4350,#3396,#3397);
#2882=AXIS2_PLACEMENT_3D('',#4365,#3399,#3400);
#2883=AXIS2_PLACEMENT_3D('',#4378,#3401,#3402);
#2884=AXIS2_PLACEMENT_3D('',#4391,#3403,#3404);
#2885=AXIS2_PLACEMENT_3D('',#4412,#3405,#3406);
#2886=AXIS2_PLACEMENT_3D('',#4425,#3407,#3408);
#2887=AXIS2_PLACEMENT_3D('',#4438,#3409,#3410);
#2888=AXIS2_PLACEMENT_3D('',#4449,#3411,#3412);
#2889=AXIS2_PLACEMENT_3D('',#4451,#3413,#3414);
#2890=AXIS2_PLACEMENT_3D('',#4454,#3416,#3417);
#2891=AXIS2_PLACEMENT_3D('',#4455,#3418,#3419);
#2892=AXIS2_PLACEMENT_3D('',#4457,#3421,#3422);
#2893=AXIS2_PLACEMENT_3D('',#4460,#3423,#3424);
#2894=AXIS2_PLACEMENT_3D('',#4463,#3427,#3428);
#2895=AXIS2_PLACEMENT_3D('',#4466,#3429,#3430);
#2896=AXIS2_PLACEMENT_3D('',#4469,#3433,#3434);
#2897=AXIS2_PLACEMENT_3D('',#4472,#3435,#3436);
#2898=AXIS2_PLACEMENT_3D('',#4475,#3439,#3440);
#2899=AXIS2_PLACEMENT_3D('',#4478,#3441,#3442);
#2900=AXIS2_PLACEMENT_3D('',#4481,#3445,#3446);
#2901=AXIS2_PLACEMENT_3D('',#4484,#3447,#3448);
#2902=AXIS2_PLACEMENT_3D('',#4487,#3451,#3452);
#2903=AXIS2_PLACEMENT_3D('',#4490,#3453,#3454);
#2904=AXIS2_PLACEMENT_3D('',#4493,#3457,#3458);
#2905=AXIS2_PLACEMENT_3D('',#4496,#3459,#3460);
#2906=AXIS2_PLACEMENT_3D('',#4499,#3463,#3464);
#2907=AXIS2_PLACEMENT_3D('',#4502,#3465,#3466);
#2908=AXIS2_PLACEMENT_3D('',#4505,#3469,#3470);
#2909=AXIS2_PLACEMENT_3D('',#4508,#3471,#3472);
#2910=AXIS2_PLACEMENT_3D('',#4511,#3475,#3476);
#2911=AXIS2_PLACEMENT_3D('',#4514,#3477,#3478);
#2912=AXIS2_PLACEMENT_3D('',#4517,#3481,#3482);
#2913=AXIS2_PLACEMENT_3D('',#4520,#3483,#3484);
#2914=AXIS2_PLACEMENT_3D('',#4523,#3487,#3488);
#2915=AXIS2_PLACEMENT_3D('',#4526,#3489,#3490);
#2916=AXIS2_PLACEMENT_3D('',#4529,#3493,#3494);
#2917=AXIS2_PLACEMENT_3D('',#4532,#3495,#3496);
#2918=AXIS2_PLACEMENT_3D('',#4535,#3499,#3500);
#2919=AXIS2_PLACEMENT_3D('',#4538,#3503,#3504);
#2920=AXIS2_PLACEMENT_3D('',#4541,#3507,#3508);
#2921=AXIS2_PLACEMENT_3D('',#4547,#3512,#3513);
#2922=AXIS2_PLACEMENT_3D('',#4553,#3517,#3518);
#2923=AXIS2_PLACEMENT_3D('',#4554,#3519,#3520);
#2924=AXIS2_PLACEMENT_3D('',#4559,#3523,#3524);
#2925=AXIS2_PLACEMENT_3D('',#4560,#3525,#3526);
#2926=AXIS2_PLACEMENT_3D('',#4561,#3527,#3528);
#2927=AXIS2_PLACEMENT_3D('',#4562,#3529,#3530);
#2928=AXIS2_PLACEMENT_3D('',#4563,#3531,#3532);
#2929=AXIS2_PLACEMENT_3D('',#4564,#3533,#3534);
#2930=AXIS2_PLACEMENT_3D('',#4567,#3535,#3536);
#2931=AXIS2_PLACEMENT_3D('',#4569,#3537,#3538);
#2932=AXIS2_PLACEMENT_3D('',#4573,#3540,#3541);
#2933=AXIS2_PLACEMENT_3D('',#4574,#3542,#3543);
#2934=AXIS2_PLACEMENT_3D('',#4578,#3545,#3546);
#2935=AXIS2_PLACEMENT_3D('',#4580,#3547,#3548);
#2936=AXIS2_PLACEMENT_3D('',#4582,#3549,#3550);
#2937=AXIS2_PLACEMENT_3D('',#4586,#3552,#3553);
#2938=AXIS2_PLACEMENT_3D('',#4587,#3554,#3555);
#2939=AXIS2_PLACEMENT_3D('',#4591,#3557,#3558);
#2940=AXIS2_PLACEMENT_3D('',#4593,#3559,#3560);
#2941=AXIS2_PLACEMENT_3D('',#4595,#3561,#3562);
#2942=AXIS2_PLACEMENT_3D('',#4599,#3564,#3565);
#2943=AXIS2_PLACEMENT_3D('',#4600,#3566,#3567);
#2944=AXIS2_PLACEMENT_3D('',#4604,#3569,#3570);
#2945=AXIS2_PLACEMENT_3D('',#4606,#3571,#3572);
#2946=AXIS2_PLACEMENT_3D('',#4608,#3573,#3574);
#2947=AXIS2_PLACEMENT_3D('',#4611,#3576,#3577);
#2948=AXIS2_PLACEMENT_3D('',#4613,#3578,#3579);
#2949=AXIS2_PLACEMENT_3D('',#4617,#3581,#3582);
#2950=AXIS2_PLACEMENT_3D('',#4619,#3583,#3584);
#2951=AXIS2_PLACEMENT_3D('',#4621,#3585,#3586);
#2952=AXIS2_PLACEMENT_3D('',#4624,#3588,#3589);
#2953=AXIS2_PLACEMENT_3D('',#4626,#3590,#3591);
#2954=AXIS2_PLACEMENT_3D('',#4630,#3593,#3594);
#2955=AXIS2_PLACEMENT_3D('',#4632,#3595,#3596);
#2956=AXIS2_PLACEMENT_3D('',#4634,#3597,#3598);
#2957=AXIS2_PLACEMENT_3D('',#4637,#3600,#3601);
#2958=AXIS2_PLACEMENT_3D('',#4639,#3602,#3603);
#2959=AXIS2_PLACEMENT_3D('',#4643,#3605,#3606);
#2960=AXIS2_PLACEMENT_3D('',#4645,#3607,#3608);
#2961=AXIS2_PLACEMENT_3D('',#4647,#3609,#3610);
#2962=AXIS2_PLACEMENT_3D('',#4650,#3612,#3613);
#2963=AXIS2_PLACEMENT_3D('',#4651,#3614,#3615);
#2964=AXIS2_PLACEMENT_3D('',#4653,#3616,#3617);
#2965=AXIS2_PLACEMENT_3D('',#4655,#3618,#3619);
#2966=AXIS2_PLACEMENT_3D('',#4657,#3620,#3621);
#2967=AXIS2_PLACEMENT_3D('',#4660,#3623,#3624);
#2968=AXIS2_PLACEMENT_3D('',#4662,#3625,#3626);
#2969=AXIS2_PLACEMENT_3D('',#4666,#3628,#3629);
#2970=AXIS2_PLACEMENT_3D('',#4668,#3630,#3631);
#2971=AXIS2_PLACEMENT_3D('',#4670,#3632,#3633);
#2972=AXIS2_PLACEMENT_3D('',#4673,#3635,#3636);
#2973=AXIS2_PLACEMENT_3D('',#4675,#3637,#3638);
#2974=AXIS2_PLACEMENT_3D('',#4679,#3640,#3641);
#2975=AXIS2_PLACEMENT_3D('',#4681,#3642,#3643);
#2976=AXIS2_PLACEMENT_3D('',#4683,#3644,#3645);
#2977=AXIS2_PLACEMENT_3D('',#4686,#3647,#3648);
#2978=AXIS2_PLACEMENT_3D('',#4688,#3649,#3650);
#2979=AXIS2_PLACEMENT_3D('',#4692,#3652,#3653);
#2980=AXIS2_PLACEMENT_3D('',#4694,#3654,#3655);
#2981=AXIS2_PLACEMENT_3D('',#4696,#3656,#3657);
#2982=AXIS2_PLACEMENT_3D('',#4700,#3659,#3660);
#2983=AXIS2_PLACEMENT_3D('',#4701,#3661,#3662);
#2984=AXIS2_PLACEMENT_3D('',#4705,#3664,#3665);
#2985=AXIS2_PLACEMENT_3D('',#4707,#3666,#3667);
#2986=AXIS2_PLACEMENT_3D('',#4709,#3668,#3669);
#2987=AXIS2_PLACEMENT_3D('',#4713,#3671,#3672);
#2988=AXIS2_PLACEMENT_3D('',#4714,#3673,#3674);
#2989=AXIS2_PLACEMENT_3D('',#4718,#3676,#3677);
#2990=AXIS2_PLACEMENT_3D('',#4720,#3678,#3679);
#2991=AXIS2_PLACEMENT_3D('',#4722,#3680,#3681);
#2992=AXIS2_PLACEMENT_3D('',#4726,#3683,#3684);
#2993=AXIS2_PLACEMENT_3D('',#4727,#3685,#3686);
#2994=AXIS2_PLACEMENT_3D('',#4731,#3688,#3689);
#2995=AXIS2_PLACEMENT_3D('',#4733,#3690,#3691);
#2996=AXIS2_PLACEMENT_3D('',#4735,#3692,#3693);
#2997=AXIS2_PLACEMENT_3D('',#4739,#3695,#3696);
#2998=AXIS2_PLACEMENT_3D('',#4741,#3697,#3698);
#2999=AXIS2_PLACEMENT_3D('',#4743,#3699,#3700);
#3000=AXIS2_PLACEMENT_3D('',#4747,#3702,#3703);
#3001=AXIS2_PLACEMENT_3D('',#4749,#3704,#3705);
#3002=AXIS2_PLACEMENT_3D('',#4751,#3706,#3707);
#3003=AXIS2_PLACEMENT_3D('',#4754,#3709,#3710);
#3004=AXIS2_PLACEMENT_3D('',#4755,#3711,#3712);
#3005=AXIS2_PLACEMENT_3D('',#4758,#3715,#3716);
#3006=AXIS2_PLACEMENT_3D('',#4760,#3718,#3719);
#3007=AXIS2_PLACEMENT_3D('',#4762,#3721,#3722);
#3008=AXIS2_PLACEMENT_3D('',#4764,#3724,#3725);
#3009=AXIS2_PLACEMENT_3D('',#4765,#3726,#3727);
#3010=AXIS2_PLACEMENT_3D('',#4768,#3730,#3731);
#3011=AXIS2_PLACEMENT_3D('',#4770,#3733,#3734);
#3012=AXIS2_PLACEMENT_3D('',#4772,#3736,#3737);
#3013=AXIS2_PLACEMENT_3D('',#4773,#3738,#3739);
#3014=AXIS2_PLACEMENT_3D('',#4776,#3742,#3743);
#3015=AXIS2_PLACEMENT_3D('',#4778,#3745,#3746);
#3016=AXIS2_PLACEMENT_3D('',#4780,#3748,#3749);
#3017=AXIS2_PLACEMENT_3D('',#4781,#3750,#3751);
#3018=AXIS2_PLACEMENT_3D('',#4784,#3754,#3755);
#3019=AXIS2_PLACEMENT_3D('',#4786,#3757,#3758);
#3020=AXIS2_PLACEMENT_3D('',#4788,#3760,#3761);
#3021=AXIS2_PLACEMENT_3D('',#4789,#3762,#3763);
#3022=AXIS2_PLACEMENT_3D('',#4791,#3765,#3766);
#3023=AXIS2_PLACEMENT_3D('',#4793,#3768,#3769);
#3024=AXIS2_PLACEMENT_3D('',#4794,#3770,#3771);
#3025=AXIS2_PLACEMENT_3D('',#4797,#3774,#3775);
#3026=AXIS2_PLACEMENT_3D('',#4799,#3777,#3778);
#3027=AXIS2_PLACEMENT_3D('',#4801,#3780,#3781);
#3028=AXIS2_PLACEMENT_3D('',#4802,#3782,#3783);
#3029=AXIS2_PLACEMENT_3D('',#4804,#3785,#3786);
#3030=AXIS2_PLACEMENT_3D('',#4806,#3788,#3789);
#3031=AXIS2_PLACEMENT_3D('',#4807,#3790,#3791);
#3032=AXIS2_PLACEMENT_3D('',#4810,#3794,#3795);
#3033=AXIS2_PLACEMENT_3D('',#4812,#3797,#3798);
#3034=AXIS2_PLACEMENT_3D('',#4814,#3800,#3801);
#3035=AXIS2_PLACEMENT_3D('',#4815,#3802,#3803);
#3036=AXIS2_PLACEMENT_3D('',#4817,#3805,#3806);
#3037=AXIS2_PLACEMENT_3D('',#4819,#3808,#3809);
#3038=AXIS2_PLACEMENT_3D('',#4820,#3810,#3811);
#3039=AXIS2_PLACEMENT_3D('',#4823,#3814,#3815);
#3040=AXIS2_PLACEMENT_3D('',#4825,#3817,#3818);
#3041=AXIS2_PLACEMENT_3D('',#4827,#3820,#3821);
#3042=AXIS2_PLACEMENT_3D('',#4828,#3822,#3823);
#3043=AXIS2_PLACEMENT_3D('',#4830,#3825,#3826);
#3044=AXIS2_PLACEMENT_3D('',#4832,#3828,#3829);
#3045=AXIS2_PLACEMENT_3D('',#4834,#3831,#3832);
#3046=AXIS2_PLACEMENT_3D('',#4835,#3833,#3834);
#3047=AXIS2_PLACEMENT_3D('',#4838,#3837,#3838);
#3048=AXIS2_PLACEMENT_3D('',#4840,#3840,#3841);
#3049=AXIS2_PLACEMENT_3D('',#4841,#3842,#3843);
#3050=AXIS2_PLACEMENT_3D('',#4843,#3845,#3846);
#3051=AXIS2_PLACEMENT_3D('',#4845,#3848,#3849);
#3052=AXIS2_PLACEMENT_3D('',#4847,#3851,#3852);
#3053=AXIS2_PLACEMENT_3D('',#4848,#3853,#3854);
#3054=AXIS2_PLACEMENT_3D('',#4851,#3857,#3858);
#3055=AXIS2_PLACEMENT_3D('',#4853,#3860,#3861);
#3056=AXIS2_PLACEMENT_3D('',#4854,#3862,#3863);
#3057=AXIS2_PLACEMENT_3D('',#4856,#3865,#3866);
#3058=AXIS2_PLACEMENT_3D('',#4858,#3868,#3869);
#3059=AXIS2_PLACEMENT_3D('',#4860,#3871,#3872);
#3060=AXIS2_PLACEMENT_3D('',#4861,#3873,#3874);
#3061=AXIS2_PLACEMENT_3D('',#4864,#3877,#3878);
#3062=AXIS2_PLACEMENT_3D('',#4866,#3880,#3881);
#3063=AXIS2_PLACEMENT_3D('',#4867,#3882,#3883);
#3064=AXIS2_PLACEMENT_3D('',#4869,#3885,#3886);
#3065=AXIS2_PLACEMENT_3D('',#4870,#3887,#3888);
#3066=AXIS2_PLACEMENT_3D('',#4872,#3890,#3891);
#3067=AXIS2_PLACEMENT_3D('',#4874,#3893,#3894);
#3068=AXIS2_PLACEMENT_3D('',#4875,#3895,#3896);
#3069=AXIS2_PLACEMENT_3D('',#4878,#3899,#3900);
#3070=AXIS2_PLACEMENT_3D('',#4880,#3902,#3903);
#3071=AXIS2_PLACEMENT_3D('',#4881,#3904,#3905);
#3072=AXIS2_PLACEMENT_3D('',#4883,#3907,#3908);
#3073=AXIS2_PLACEMENT_3D('',#4885,#3910,#3911);
#3074=AXIS2_PLACEMENT_3D('',#4887,#3913,#3914);
#3075=AXIS2_PLACEMENT_3D('',#4888,#3915,#3916);
#3076=AXIS2_PLACEMENT_3D('',#4891,#3919,#3920);
#3077=AXIS2_PLACEMENT_3D('',#4893,#3922,#3923);
#3078=AXIS2_PLACEMENT_3D('',#4894,#3924,#3925);
#3079=AXIS2_PLACEMENT_3D('',#4896,#3927,#3928);
#3080=AXIS2_PLACEMENT_3D('',#4898,#3930,#3931);
#3081=AXIS2_PLACEMENT_3D('',#4900,#3933,#3934);
#3082=AXIS2_PLACEMENT_3D('',#4901,#3935,#3936);
#3083=AXIS2_PLACEMENT_3D('',#4904,#3939,#3940);
#3084=AXIS2_PLACEMENT_3D('',#4906,#3942,#3943);
#3085=AXIS2_PLACEMENT_3D('',#4907,#3944,#3945);
#3086=AXIS2_PLACEMENT_3D('',#4909,#3947,#3948);
#3087=AXIS2_PLACEMENT_3D('',#4911,#3950,#3951);
#3088=AXIS2_PLACEMENT_3D('',#4913,#3953,#3954);
#3089=AXIS2_PLACEMENT_3D('',#4914,#3955,#3956);
#3090=AXIS2_PLACEMENT_3D('',#4917,#3959,#3960);
#3091=AXIS2_PLACEMENT_3D('',#4919,#3962,#3963);
#3092=AXIS2_PLACEMENT_3D('',#4920,#3964,#3965);
#3093=AXIS2_PLACEMENT_3D('',#4922,#3967,#3968);
#3094=AXIS2_PLACEMENT_3D('',#4924,#3970,#3971);
#3095=AXIS2_PLACEMENT_3D('',#4925,#3972,#3973);
#3096=AXIS2_PLACEMENT_3D('',#4928,#3976,#3977);
#3097=AXIS2_PLACEMENT_3D('',#4930,#3979,#3980);
#3098=AXIS2_PLACEMENT_3D('',#4932,#3982,#3983);
#3099=AXIS2_PLACEMENT_3D('',#4933,#3984,#3985);
#3100=AXIS2_PLACEMENT_3D('',#4935,#3987,#3988);
#3101=AXIS2_PLACEMENT_3D('',#4937,#3990,#3991);
#3102=AXIS2_PLACEMENT_3D('',#4938,#3992,#3993);
#3103=AXIS2_PLACEMENT_3D('',#4941,#3996,#3997);
#3104=AXIS2_PLACEMENT_3D('',#4943,#3999,#4000);
#3105=AXIS2_PLACEMENT_3D('',#4945,#4002,#4003);
#3106=AXIS2_PLACEMENT_3D('',#4946,#4004,#4005);
#3107=AXIS2_PLACEMENT_3D('',#4948,#4007,#4008);
#3108=AXIS2_PLACEMENT_3D('',#4949,#4009,#4010);
#3109=DIRECTION('axis',(0.,0.,1.));
#3110=DIRECTION('refdir',(1.,0.,0.));
#3111=DIRECTION('center_axis',(1.,0.,0.));
#3112=DIRECTION('ref_axis',(0.,0.,-1.));
#3113=DIRECTION('center_axis',(1.,0.,0.));
#3114=DIRECTION('ref_axis',(0.,0.,-1.));
#3115=DIRECTION('',(1.,0.,0.));
#3116=DIRECTION('center_axis',(1.,0.,0.));
#3117=DIRECTION('ref_axis',(0.,0.,-1.));
#3118=DIRECTION('center_axis',(1.,0.,0.));
#3119=DIRECTION('ref_axis',(0.,0.,-1.));
#3120=DIRECTION('center_axis',(1.,0.,0.));
#3121=DIRECTION('ref_axis',(0.,0.,-1.));
#3122=DIRECTION('',(0.447213595499958,-1.09535739652841E-16,0.894427190999916));
#3123=DIRECTION('center_axis',(1.,0.,0.));
#3124=DIRECTION('ref_axis',(0.,0.,-1.));
#3125=DIRECTION('center_axis',(1.,0.,0.));
#3126=DIRECTION('ref_axis',(0.,0.,-1.));
#3127=DIRECTION('',(-1.,0.,0.));
#3128=DIRECTION('center_axis',(1.,0.,0.));
#3129=DIRECTION('ref_axis',(0.,0.,-1.));
#3130=DIRECTION('center_axis',(1.,0.,0.));
#3131=DIRECTION('ref_axis',(0.,0.,-1.));
#3132=DIRECTION('',(-0.447213595499958,1.09535739652841E-16,-0.894427190999916));
#3133=DIRECTION('center_axis',(1.,0.,0.));
#3134=DIRECTION('ref_axis',(0.,0.,-1.));
#3135=DIRECTION('center_axis',(1.,0.,0.));
#3136=DIRECTION('ref_axis',(0.,0.,-1.));
#3137=DIRECTION('center_axis',(-1.,0.,0.));
#3138=DIRECTION('ref_axis',(0.,0.,1.));
#3139=DIRECTION('center_axis',(-1.,0.,0.));
#3140=DIRECTION('ref_axis',(0.,0.,1.));
#3141=DIRECTION('center_axis',(1.,0.,0.));
#3142=DIRECTION('ref_axis',(0.,0.,-1.));
#3143=DIRECTION('',(0.447213595499958,1.09535739652841E-16,0.894427190999916));
#3144=DIRECTION('center_axis',(1.,0.,0.));
#3145=DIRECTION('ref_axis',(0.,0.,-1.));
#3146=DIRECTION('center_axis',(1.,0.,0.));
#3147=DIRECTION('ref_axis',(0.,0.,-1.));
#3148=DIRECTION('center_axis',(1.,0.,0.));
#3149=DIRECTION('ref_axis',(0.,0.,-1.));
#3150=DIRECTION('center_axis',(1.,0.,0.));
#3151=DIRECTION('ref_axis',(0.,0.,-1.));
#3152=DIRECTION('',(1.,0.,0.));
#3153=DIRECTION('center_axis',(1.,0.,0.));
#3154=DIRECTION('ref_axis',(0.,0.,-1.));
#3155=DIRECTION('center_axis',(-1.,0.,0.));
#3156=DIRECTION('ref_axis',(0.,0.,1.));
#3157=DIRECTION('center_axis',(1.,0.,0.));
#3158=DIRECTION('ref_axis',(0.,0.,-1.));
#3159=DIRECTION('',(-0.447213595499958,-1.09535739652841E-16,-0.894427190999916));
#3160=DIRECTION('center_axis',(1.,0.,0.));
#3161=DIRECTION('ref_axis',(0.,0.,-1.));
#3162=DIRECTION('center_axis',(1.,0.,0.));
#3163=DIRECTION('ref_axis',(0.,0.,-1.));
#3164=DIRECTION('center_axis',(1.,0.,0.));
#3165=DIRECTION('ref_axis',(0.,0.,-1.));
#3166=DIRECTION('',(-1.,0.,0.));
#3167=DIRECTION('center_axis',(-1.,0.,0.));
#3168=DIRECTION('ref_axis',(0.,0.,1.));
#3169=DIRECTION('center_axis',(1.,0.,0.));
#3170=DIRECTION('ref_axis',(0.,0.,-1.));
#3171=DIRECTION('center_axis',(1.,0.,0.));
#3172=DIRECTION('ref_axis',(0.,-0.99698203404849,0.0776326206213349));
#3173=DIRECTION('center_axis',(1.,0.,0.));
#3174=DIRECTION('ref_axis',(0.,-0.99698203404849,0.0776326206213349));
#3175=DIRECTION('',(1.,0.,0.));
#3176=DIRECTION('center_axis',(-1.,0.,0.));
#3177=DIRECTION('ref_axis',(0.,-0.99698203404849,0.0776326206213349));
#3178=DIRECTION('center_axis',(1.,0.,0.));
#3179=DIRECTION('ref_axis',(0.,0.,-1.));
#3180=DIRECTION('center_axis',(-1.,0.,0.));
#3181=DIRECTION('ref_axis',(0.,0.,-1.));
#3182=DIRECTION('center_axis',(1.,0.,0.));
#3183=DIRECTION('ref_axis',(0.,0.,-1.));
#3184=DIRECTION('',(0.,0.982035807294938,-0.188694655967199));
#3185=DIRECTION('center_axis',(-1.,0.,0.));
#3186=DIRECTION('ref_axis',(0.,0.,-1.));
#3187=DIRECTION('center_axis',(-1.,0.,0.));
#3188=DIRECTION('ref_axis',(0.,0.,-1.));
#3189=DIRECTION('center_axis',(-1.,0.,0.));
#3190=DIRECTION('ref_axis',(0.,-0.4067366430758,-0.913545457642601));
#3191=DIRECTION('',(0.,-0.982035807294938,-0.188694655967198));
#3192=DIRECTION('center_axis',(1.,0.,0.));
#3193=DIRECTION('ref_axis',(0.,-0.406736643075801,-0.9135454576426));
#3194=DIRECTION('center_axis',(-1.,0.,0.));
#3195=DIRECTION('ref_axis',(0.,-0.406736643075801,-0.9135454576426));
#3196=DIRECTION('center_axis',(1.,0.,0.));
#3197=DIRECTION('ref_axis',(0.,-0.406736643075801,-0.913545457642601));
#3198=DIRECTION('',(0.,0.820385320062233,-0.571811093479645));
#3199=DIRECTION('center_axis',(-1.,0.,0.));
#3200=DIRECTION('ref_axis',(0.,-0.406736643075801,-0.913545457642601));
#3201=DIRECTION('center_axis',(-1.,0.,0.));
#3202=DIRECTION('ref_axis',(0.,-0.406736643075801,-0.913545457642601));
#3203=DIRECTION('center_axis',(-1.,0.,0.));
#3204=DIRECTION('ref_axis',(0.,-0.743144825477396,-0.669130606358856));
#3205=DIRECTION('',(0.,-0.973883381931116,0.22704880179911));
#3206=DIRECTION('center_axis',(1.,0.,0.));
#3207=DIRECTION('ref_axis',(0.,-0.743144825477395,-0.669130606358857));
#3208=DIRECTION('center_axis',(-1.,0.,0.));
#3209=DIRECTION('ref_axis',(0.,-0.743144825477395,-0.669130606358857));
#3210=DIRECTION('center_axis',(1.,0.,0.));
#3211=DIRECTION('ref_axis',(0.,-0.743144825477394,-0.669130606358858));
#3212=DIRECTION('',(0.,0.51688275802411,-0.856056198188758));
#3213=DIRECTION('center_axis',(-1.,0.,0.));
#3214=DIRECTION('ref_axis',(0.,-0.743144825477395,-0.669130606358857));
#3215=DIRECTION('center_axis',(-1.,0.,0.));
#3216=DIRECTION('ref_axis',(0.,-0.74314482547743,-0.669130606358819));
#3217=DIRECTION('center_axis',(-1.,0.,0.));
#3218=DIRECTION('ref_axis',(0.,-0.951056516295155,-0.309016994374944));
#3219=DIRECTION('',(0.,-0.797337672378632,0.603533459060743));
#3220=DIRECTION('center_axis',(1.,0.,0.));
#3221=DIRECTION('ref_axis',(0.,-0.951056516295154,-0.309016994374946));
#3222=DIRECTION('center_axis',(-1.,0.,0.));
#3223=DIRECTION('ref_axis',(0.,-0.951056516295154,-0.309016994374945));
#3224=DIRECTION('center_axis',(1.,0.,0.));
#3225=DIRECTION('ref_axis',(0.,-0.951056516295155,-0.309016994374944));
#3226=DIRECTION('',(0.,0.124006471391178,-0.992281409204621));
#3227=DIRECTION('center_axis',(-1.,0.,0.));
#3228=DIRECTION('ref_axis',(0.,-0.951056516295154,-0.309016994374945));
#3229=DIRECTION('center_axis',(-1.,0.,0.));
#3230=DIRECTION('ref_axis',(0.,-0.951056516295166,-0.309016994374908));
#3231=DIRECTION('center_axis',(-1.,0.,0.));
#3232=DIRECTION('ref_axis',(0.,-0.994521895368273,0.104528463267656));
#3233=DIRECTION('',(0.,-0.482925035686531,0.875661698321425));
#3234=DIRECTION('center_axis',(1.,0.,0.));
#3235=DIRECTION('ref_axis',(0.,-0.994521895368273,0.104528463267656));
#3236=DIRECTION('center_axis',(-1.,0.,0.));
#3237=DIRECTION('ref_axis',(0.,-0.994521895368273,0.104528463267657));
#3238=DIRECTION('center_axis',(1.,0.,0.));
#3239=DIRECTION('ref_axis',(0.,-0.994521895368273,0.104528463267656));
#3240=DIRECTION('',(0.,-0.290311660708716,-0.956932149975403));
#3241=DIRECTION('center_axis',(-1.,0.,0.));
#3242=DIRECTION('ref_axis',(0.,-0.994521895368273,0.104528463267656));
#3243=DIRECTION('center_axis',(-1.,0.,0.));
#3244=DIRECTION('ref_axis',(0.,-0.994521895368268,0.104528463267708));
#3245=DIRECTION('center_axis',(-1.,0.,0.));
#3246=DIRECTION('ref_axis',(0.,-0.866025403784436,0.500000000000004));
#3247=DIRECTION('',(0.,-0.0850102730880092,0.996380074805544));
#3248=DIRECTION('center_axis',(1.,0.,0.));
#3249=DIRECTION('ref_axis',(0.,-0.866025403784437,0.500000000000003));
#3250=DIRECTION('center_axis',(-1.,0.,0.));
#3251=DIRECTION('ref_axis',(0.,-0.866025403784436,0.500000000000004));
#3252=DIRECTION('center_axis',(1.,0.,0.));
#3253=DIRECTION('ref_axis',(0.,-0.866025403784436,0.500000000000004));
#3254=DIRECTION('',(0.,-0.654432269273432,-0.756120628559773));
#3255=DIRECTION('center_axis',(-1.,0.,0.));
#3256=DIRECTION('ref_axis',(0.,-0.866025403784437,0.500000000000003));
#3257=DIRECTION('center_axis',(-1.,0.,0.));
#3258=DIRECTION('ref_axis',(0.,-0.866025403784423,0.500000000000027));
#3259=DIRECTION('center_axis',(-1.,0.,0.));
#3260=DIRECTION('ref_axis',(0.,-0.587785252292468,0.809016994374951));
#3261=DIRECTION('',(0.,0.327603538021514,0.944815284526974));
#3262=DIRECTION('center_axis',(1.,0.,0.));
#3263=DIRECTION('ref_axis',(0.,-0.587785252292469,0.80901699437495));
#3264=DIRECTION('center_axis',(-1.,0.,0.));
#3265=DIRECTION('ref_axis',(0.,-0.587785252292469,0.80901699437495));
#3266=DIRECTION('center_axis',(1.,0.,0.));
#3267=DIRECTION('ref_axis',(0.,-0.587785252292468,0.809016994374951));
#3268=DIRECTION('',(0.,-0.905395593150249,-0.424568981325895));
#3269=DIRECTION('center_axis',(-1.,0.,0.));
#3270=DIRECTION('ref_axis',(0.,-0.587785252292469,0.80901699437495));
#3271=DIRECTION('center_axis',(-1.,0.,0.));
#3272=DIRECTION('ref_axis',(0.,-0.587785252292437,0.809016994374973));
#3273=DIRECTION('center_axis',(-1.,0.,0.));
#3274=DIRECTION('ref_axis',(0.,-0.207911690817752,0.978147600733807));
#3275=DIRECTION('',(0.,0.683571721222409,0.729883348176291));
#3276=DIRECTION('center_axis',(1.,0.,0.));
#3277=DIRECTION('ref_axis',(0.,-0.207911690817752,0.978147600733807));
#3278=DIRECTION('center_axis',(-1.,0.,0.));
#3279=DIRECTION('ref_axis',(0.,-0.207911690817753,0.978147600733807));
#3280=DIRECTION('center_axis',(1.,0.,0.));
#3281=DIRECTION('ref_axis',(0.,-0.207911690817754,0.978147600733807));
#3282=DIRECTION('',(0.,-0.999807793710645,-0.0196055001326612));
#3283=DIRECTION('center_axis',(-1.,0.,0.));
#3284=DIRECTION('ref_axis',(0.,-0.207911690817753,0.978147600733807));
#3285=DIRECTION('center_axis',(-1.,0.,0.));
#3286=DIRECTION('ref_axis',(0.,-0.207911690817715,0.978147600733815));
#3287=DIRECTION('center_axis',(-1.,0.,0.));
#3288=DIRECTION('ref_axis',(0.,0.207911690817766,0.978147600733804));
#3289=DIRECTION('',(0.,0.921344143769816,0.388747950143874));
#3290=DIRECTION('center_axis',(1.,0.,0.));
#3291=DIRECTION('ref_axis',(0.,0.207911690817766,0.978147600733804));
#3292=DIRECTION('center_axis',(-1.,0.,0.));
#3293=DIRECTION('ref_axis',(0.,0.207911690817766,0.978147600733804));
#3294=DIRECTION('center_axis',(1.,0.,0.));
#3295=DIRECTION('ref_axis',(0.,0.207911690817766,0.978147600733804));
#3296=DIRECTION('',(0.,-0.921344143769811,0.388747950143887));
#3297=DIRECTION('center_axis',(-1.,0.,0.));
#3298=DIRECTION('ref_axis',(0.,0.207911690817767,0.978147600733804));
#3299=DIRECTION('center_axis',(-1.,0.,0.));
#3300=DIRECTION('ref_axis',(0.,0.207911690817805,0.978147600733796));
#3301=DIRECTION('center_axis',(-1.,0.,0.));
#3302=DIRECTION('ref_axis',(0.,0.587785252292479,0.809016994374943));
#3303=DIRECTION('',(0.,0.999807793710645,-0.0196055001326753));
#3304=DIRECTION('center_axis',(1.,0.,0.));
#3305=DIRECTION('ref_axis',(0.,0.587785252292479,0.809016994374943));
#3306=DIRECTION('center_axis',(-1.,0.,0.));
#3307=DIRECTION('ref_axis',(0.,0.58778525229248,0.809016994374943));
#3308=DIRECTION('center_axis',(1.,0.,0.));
#3309=DIRECTION('ref_axis',(0.,0.58778525229248,0.809016994374942));
#3310=DIRECTION('',(0.,-0.683571721222398,0.729883348176301));
#3311=DIRECTION('center_axis',(-1.,0.,0.));
#3312=DIRECTION('ref_axis',(0.,0.58778525229248,0.809016994374942));
#3313=DIRECTION('center_axis',(-1.,0.,0.));
#3314=DIRECTION('ref_axis',(0.,0.587785252292521,0.809016994374912));
#3315=DIRECTION('center_axis',(-1.,0.,0.));
#3316=DIRECTION('ref_axis',(0.,0.866025403784444,0.499999999999991));
#3317=DIRECTION('',(0.,0.905395593150243,-0.424568981325908));
#3318=DIRECTION('center_axis',(1.,0.,0.));
#3319=DIRECTION('ref_axis',(0.,0.866025403784444,0.499999999999991));
#3320=DIRECTION('center_axis',(-1.,0.,0.));
#3321=DIRECTION('ref_axis',(0.,0.866025403784443,0.499999999999992));
#3322=DIRECTION('center_axis',(1.,0.,0.));
#3323=DIRECTION('ref_axis',(0.,0.866025403784443,0.499999999999992));
#3324=DIRECTION('',(0.,-0.327603538021501,0.944815284526978));
#3325=DIRECTION('center_axis',(-1.,0.,0.));
#3326=DIRECTION('ref_axis',(0.,0.866025403784443,0.499999999999993));
#3327=DIRECTION('center_axis',(-1.,0.,0.));
#3328=DIRECTION('ref_axis',(0.,0.866025403784457,0.499999999999969));
#3329=DIRECTION('center_axis',(-1.,0.,0.));
#3330=DIRECTION('ref_axis',(0.,0.994521895368274,0.104528463267642));
#3331=DIRECTION('',(0.,0.654432269273421,-0.756120628559782));
#3332=DIRECTION('center_axis',(1.,0.,0.));
#3333=DIRECTION('ref_axis',(0.,0.994521895368274,0.104528463267644));
#3334=DIRECTION('center_axis',(-1.,0.,0.));
#3335=DIRECTION('ref_axis',(0.,0.994521895368274,0.104528463267644));
#3336=DIRECTION('center_axis',(1.,0.,0.));
#3337=DIRECTION('ref_axis',(0.,0.994521895368274,0.104528463267644));
#3338=DIRECTION('',(0.,0.0850102730880234,0.996380074805543));
#3339=DIRECTION('center_axis',(-1.,0.,0.));
#3340=DIRECTION('ref_axis',(0.,0.994521895368274,0.104528463267643));
#3341=DIRECTION('center_axis',(-1.,0.,0.));
#3342=DIRECTION('ref_axis',(0.,0.994521895368276,0.10452846326763));
#3343=DIRECTION('center_axis',(-1.,0.,0.));
#3344=DIRECTION('ref_axis',(0.,0.95105651629515,-0.309016994374958));
#3345=DIRECTION('',(0.,0.290311660708702,-0.956932149975407));
#3346=DIRECTION('center_axis',(1.,0.,0.));
#3347=DIRECTION('ref_axis',(0.,0.951056516295151,-0.309016994374956));
#3348=DIRECTION('center_axis',(-1.,0.,0.));
#3349=DIRECTION('ref_axis',(0.,0.95105651629515,-0.309016994374957));
#3350=DIRECTION('center_axis',(1.,0.,0.));
#3351=DIRECTION('ref_axis',(0.,0.951056516295151,-0.309016994374956));
#3352=DIRECTION('',(0.,0.482925035686543,0.875661698321419));
#3353=DIRECTION('center_axis',(-1.,0.,0.));
#3354=DIRECTION('ref_axis',(0.,0.95105651629515,-0.309016994374959));
#3355=DIRECTION('center_axis',(-1.,0.,0.));
#3356=DIRECTION('ref_axis',(0.,0.951056516295146,-0.30901699437497));
#3357=DIRECTION('center_axis',(-1.,0.,0.));
#3358=DIRECTION('ref_axis',(0.,0.743144825477387,-0.669130606358867));
#3359=DIRECTION('',(0.,-0.124006471391192,-0.992281409204619));
#3360=DIRECTION('center_axis',(1.,0.,0.));
#3361=DIRECTION('ref_axis',(0.,0.743144825477386,-0.669130606358867));
#3362=DIRECTION('center_axis',(-1.,0.,0.));
#3363=DIRECTION('ref_axis',(0.,0.743144825477386,-0.669130606358867));
#3364=DIRECTION('center_axis',(1.,0.,0.));
#3365=DIRECTION('ref_axis',(0.,0.743144825477386,-0.669130606358867));
#3366=DIRECTION('',(0.,0.797337672378641,0.603533459060731));
#3367=DIRECTION('center_axis',(-1.,0.,0.));
#3368=DIRECTION('ref_axis',(0.,0.743144825477385,-0.669130606358868));
#3369=DIRECTION('center_axis',(-1.,0.,0.));
#3370=DIRECTION('ref_axis',(0.,0.743144825477377,-0.669130606358877));
#3371=DIRECTION('center_axis',(-1.,0.,0.));
#3372=DIRECTION('ref_axis',(0.,0.406736643075789,-0.913545457642606));
#3373=DIRECTION('',(0.,-0.516882758024122,-0.85605619818875));
#3374=DIRECTION('center_axis',(1.,0.,0.));
#3375=DIRECTION('ref_axis',(0.,0.406736643075788,-0.913545457642606));
#3376=DIRECTION('center_axis',(-1.,0.,0.));
#3377=DIRECTION('ref_axis',(0.,0.406736643075789,-0.913545457642606));
#3378=DIRECTION('center_axis',(1.,0.,0.));
#3379=DIRECTION('ref_axis',(0.,0.406736643075787,-0.913545457642607));
#3380=DIRECTION('',(0.,0.973883381931119,0.227048801799097));
#3381=DIRECTION('center_axis',(-1.,0.,0.));
#3382=DIRECTION('ref_axis',(0.,0.40673664307579,-0.913545457642605));
#3383=DIRECTION('center_axis',(-1.,0.,0.));
#3384=DIRECTION('ref_axis',(0.,0.,-1.));
#3385=DIRECTION('center_axis',(-1.,0.,0.));
#3386=DIRECTION('ref_axis',(0.,0.,-1.));
#3387=DIRECTION('',(0.,-0.820385320062233,-0.571811093479645));
#3388=DIRECTION('center_axis',(1.,0.,0.));
#3389=DIRECTION('ref_axis',(0.,1.70740499604016E-15,-1.));
#3390=DIRECTION('center_axis',(-1.,0.,0.));
#3391=DIRECTION('ref_axis',(0.,0.,1.));
#3392=DIRECTION('center_axis',(1.,0.,0.));
#3393=DIRECTION('ref_axis',(0.,0.,-1.));
#3394=DIRECTION('center_axis',(-1.,0.,0.));
#3395=DIRECTION('ref_axis',(0.,0.,-1.));
#3396=DIRECTION('center_axis',(0.,-1.,0.));
#3397=DIRECTION('ref_axis',(0.,0.,-1.));
#3398=DIRECTION('',(0.,-1.,0.));
#3399=DIRECTION('center_axis',(1.14074548394851E-15,0.388747950143885,0.921344143769812));
#3400=DIRECTION('ref_axis',(-1.14601968925728E-11,-0.921344143769812,0.388747950143885));
#3401=DIRECTION('center_axis',(-0.196171390101367,0.980569623079207,-1.71389374024746E-15));
#3402=DIRECTION('ref_axis',(-0.97328882405896,-0.19471480361201,0.1216347409923));
#3403=DIRECTION('center_axis',(2.2814909678977E-14,-0.388747950143866,0.92134414376982));
#3404=DIRECTION('ref_axis',(-1.24000898039626E-12,-0.92134414376982,-0.388747950143866));
#3405=DIRECTION('center_axis',(-2.28149096789821E-15,-0.388747950143873,
0.921344143769817));
#3406=DIRECTION('ref_axis',(-4.66909987372754E-12,-0.921344143769817,-0.388747950143873));
#3407=DIRECTION('center_axis',(0.196171390101368,0.980569623079206,-1.81485018937911E-15));
#3408=DIRECTION('ref_axis',(0.973288824058966,-0.194714803612013,-0.121634740992244));
#3409=DIRECTION('center_axis',(4.56298193579498E-15,0.388747950143885,0.921344143769812));
#3410=DIRECTION('ref_axis',(-1.89179046609125E-12,-0.921344143769812,0.388747950143885));
#3411=DIRECTION('center_axis',(-1.,0.,0.));
#3412=DIRECTION('ref_axis',(0.,0.,1.));
#3413=DIRECTION('center_axis',(-1.,0.,0.));
#3414=DIRECTION('ref_axis',(0.,0.,-1.));
#3415=DIRECTION('',(1.,0.,0.));
#3416=DIRECTION('center_axis',(1.,0.,0.));
#3417=DIRECTION('ref_axis',(0.,0.,-1.));
#3418=DIRECTION('center_axis',(-1.,0.,0.));
#3419=DIRECTION('ref_axis',(0.,0.,1.));
#3420=DIRECTION('',(1.,0.,0.));
#3421=DIRECTION('center_axis',(-1.,0.,0.));
#3422=DIRECTION('ref_axis',(0.,0.,1.));
#3423=DIRECTION('center_axis',(1.,0.,0.));
#3424=DIRECTION('ref_axis',(0.,0.40673664307579,-0.913545457642605));
#3425=DIRECTION('',(-1.,0.,0.));
#3426=DIRECTION('',(-1.,0.,0.));
#3427=DIRECTION('center_axis',(-1.,0.,0.));
#3428=DIRECTION('ref_axis',(0.,0.,1.));
#3429=DIRECTION('center_axis',(1.,0.,0.));
#3430=DIRECTION('ref_axis',(0.,0.743144825477385,-0.669130606358868));
#3431=DIRECTION('',(-1.,0.,0.));
#3432=DIRECTION('',(-1.,0.,0.));
#3433=DIRECTION('center_axis',(-1.,0.,0.));
#3434=DIRECTION('ref_axis',(0.,0.,1.));
#3435=DIRECTION('center_axis',(1.,0.,0.));
#3436=DIRECTION('ref_axis',(0.,0.95105651629515,-0.309016994374959));
#3437=DIRECTION('',(-1.,0.,0.));
#3438=DIRECTION('',(-1.,0.,0.));
#3439=DIRECTION('center_axis',(-1.,0.,0.));
#3440=DIRECTION('ref_axis',(0.,0.,1.));
#3441=DIRECTION('center_axis',(1.,0.,0.));
#3442=DIRECTION('ref_axis',(0.,0.95105651629515,-0.309016994374958));
#3443=DIRECTION('',(-1.,0.,0.));
#3444=DIRECTION('',(-1.,0.,0.));
#3445=DIRECTION('center_axis',(-1.,0.,0.));
#3446=DIRECTION('ref_axis',(0.,0.,1.));
#3447=DIRECTION('center_axis',(1.,0.,0.));
#3448=DIRECTION('ref_axis',(0.,0.994521895368274,0.104528463267642));
#3449=DIRECTION('',(-1.,0.,0.));
#3450=DIRECTION('',(-1.,0.,0.));
#3451=DIRECTION('center_axis',(-1.,0.,0.));
#3452=DIRECTION('ref_axis',(0.,0.,1.));
#3453=DIRECTION('center_axis',(1.,0.,0.));
#3454=DIRECTION('ref_axis',(0.,0.866025403784444,0.499999999999991));
#3455=DIRECTION('',(-1.,0.,0.));
#3456=DIRECTION('',(-1.,0.,0.));
#3457=DIRECTION('center_axis',(-1.,0.,0.));
#3458=DIRECTION('ref_axis',(0.,0.,1.));
#3459=DIRECTION('center_axis',(1.,0.,0.));
#3460=DIRECTION('ref_axis',(0.,0.587785252292479,0.809016994374943));
#3461=DIRECTION('',(-1.,0.,0.));
#3462=DIRECTION('',(-1.,0.,0.));
#3463=DIRECTION('center_axis',(-1.,0.,0.));
#3464=DIRECTION('ref_axis',(0.,0.,1.));
#3465=DIRECTION('center_axis',(-1.,0.,0.));
#3466=DIRECTION('ref_axis',(0.,-0.207911690817754,0.978147600733807));
#3467=DIRECTION('',(-1.,0.,0.));
#3468=DIRECTION('',(-1.,0.,0.));
#3469=DIRECTION('center_axis',(-1.,0.,0.));
#3470=DIRECTION('ref_axis',(0.,0.,1.));
#3471=DIRECTION('center_axis',(-1.,0.,0.));
#3472=DIRECTION('ref_axis',(0.,-0.587785252292468,0.809016994374951));
#3473=DIRECTION('',(-1.,0.,0.));
#3474=DIRECTION('',(-1.,0.,0.));
#3475=DIRECTION('center_axis',(-1.,0.,0.));
#3476=DIRECTION('ref_axis',(0.,0.,1.));
#3477=DIRECTION('center_axis',(-1.,0.,0.));
#3478=DIRECTION('ref_axis',(0.,-0.866025403784436,0.500000000000004));
#3479=DIRECTION('',(-1.,0.,0.));
#3480=DIRECTION('',(-1.,0.,0.));
#3481=DIRECTION('center_axis',(-1.,0.,0.));
#3482=DIRECTION('ref_axis',(0.,0.,1.));
#3483=DIRECTION('center_axis',(-1.,0.,0.));
#3484=DIRECTION('ref_axis',(0.,-0.994521895368273,0.104528463267656));
#3485=DIRECTION('',(-1.,0.,0.));
#3486=DIRECTION('',(-1.,0.,0.));
#3487=DIRECTION('center_axis',(-1.,0.,0.));
#3488=DIRECTION('ref_axis',(0.,0.,1.));
#3489=DIRECTION('center_axis',(-1.,0.,0.));
#3490=DIRECTION('ref_axis',(0.,-0.951056516295154,-0.309016994374946));
#3491=DIRECTION('',(-1.,0.,0.));
#3492=DIRECTION('',(-1.,0.,0.));
#3493=DIRECTION('center_axis',(-1.,0.,0.));
#3494=DIRECTION('ref_axis',(0.,0.,1.));
#3495=DIRECTION('center_axis',(-1.,0.,0.));
#3496=DIRECTION('ref_axis',(0.,-0.743144825477395,-0.669130606358857));
#3497=DIRECTION('',(-1.,0.,0.));
#3498=DIRECTION('',(-1.,0.,0.));
#3499=DIRECTION('center_axis',(-1.,0.,0.));
#3500=DIRECTION('ref_axis',(0.,0.,1.));
#3501=DIRECTION('',(-1.,0.,0.));
#3502=DIRECTION('',(-1.,0.,0.));
#3503=DIRECTION('center_axis',(-1.,0.,0.));
#3504=DIRECTION('ref_axis',(0.,0.,1.));
#3505=DIRECTION('',(-1.,0.,0.));
#3506=DIRECTION('',(-1.,0.,0.));
#3507=DIRECTION('center_axis',(0.,-0.388747950143874,0.921344143769817));
#3508=DIRECTION('ref_axis',(0.,-0.921344143769816,-0.388747950143874));
#3509=DIRECTION('',(-1.,0.,0.));
#3510=DIRECTION('',(0.,0.921344143769816,0.388747950143874));
#3511=DIRECTION('',(-1.,0.,0.));
#3512=DIRECTION('center_axis',(0.,0.388747950143887,0.921344143769811));
#3513=DIRECTION('ref_axis',(0.,-0.921344143769811,0.388747950143887));
#3514=DIRECTION('',(-1.,0.,0.));
#3515=DIRECTION('',(-1.,0.,0.));
#3516=DIRECTION('',(0.,0.921344143769811,-0.388747950143887));
#3517=DIRECTION('center_axis',(-1.,0.,0.));
#3518=DIRECTION('ref_axis',(0.,0.,1.));
#3519=DIRECTION('center_axis',(-1.,0.,0.));
#3520=DIRECTION('ref_axis',(0.,0.,1.));
#3521=DIRECTION('',(-1.,0.,0.));
#3522=DIRECTION('',(-1.,0.,0.));
#3523=DIRECTION('center_axis',(1.,0.,0.));
#3524=DIRECTION('ref_axis',(0.,0.207911690817766,0.978147600733804));
#3525=DIRECTION('center_axis',(-1.,0.,0.));
#3526=DIRECTION('ref_axis',(0.,0.,1.));
#3527=DIRECTION('center_axis',(-1.,0.,0.));
#3528=DIRECTION('ref_axis',(0.,0.207911690817766,0.978147600733804));
#3529=DIRECTION('center_axis',(-1.,0.,0.));
#3530=DIRECTION('ref_axis',(0.,0.,1.));
#3531=DIRECTION('center_axis',(-1.,0.,0.));
#3532=DIRECTION('ref_axis',(0.,0.207911690817766,0.978147600733804));
#3533=DIRECTION('center_axis',(1.,0.,0.));
#3534=DIRECTION('ref_axis',(0.,0.,-1.));
#3535=DIRECTION('center_axis',(1.,0.,0.));
#3536=DIRECTION('ref_axis',(0.,0.,-1.));
#3537=DIRECTION('center_axis',(-1.,0.,0.));
#3538=DIRECTION('ref_axis',(0.,1.70740499604016E-15,-1.));
#3539=DIRECTION('',(0.,-0.820385320062233,-0.571811093479645));
#3540=DIRECTION('center_axis',(1.,0.,0.));
#3541=DIRECTION('ref_axis',(0.,0.,-1.));
#3542=DIRECTION('center_axis',(1.,0.,0.));
#3543=DIRECTION('ref_axis',(0.,0.,-1.));
#3544=DIRECTION('',(0.,-0.973883381931119,-0.227048801799097));
#3545=DIRECTION('center_axis',(-1.,0.,0.));
#3546=DIRECTION('ref_axis',(0.,0.406736643075787,-0.913545457642607));
#3547=DIRECTION('center_axis',(1.,0.,0.));
#3548=DIRECTION('ref_axis',(0.,0.406736643075789,-0.913545457642606));
#3549=DIRECTION('center_axis',(-1.,0.,0.));
#3550=DIRECTION('ref_axis',(0.,0.406736643075788,-0.913545457642606));
#3551=DIRECTION('',(0.,-0.516882758024122,-0.85605619818875));
#3552=DIRECTION('center_axis',(1.,0.,0.));
#3553=DIRECTION('ref_axis',(0.,0.406736643075789,-0.913545457642606));
#3554=DIRECTION('center_axis',(-1.,0.,0.));
#3555=DIRECTION('ref_axis',(0.,0.743144825477377,-0.669130606358877));
#3556=DIRECTION('',(0.,-0.797337672378641,-0.603533459060731));
#3557=DIRECTION('center_axis',(-1.,0.,0.));
#3558=DIRECTION('ref_axis',(0.,0.743144825477386,-0.669130606358867));
#3559=DIRECTION('center_axis',(1.,0.,0.));
#3560=DIRECTION('ref_axis',(0.,0.743144825477386,-0.669130606358867));
#3561=DIRECTION('center_axis',(-1.,0.,0.));
#3562=DIRECTION('ref_axis',(0.,0.743144825477386,-0.669130606358867));
#3563=DIRECTION('',(0.,-0.124006471391192,-0.992281409204619));
#3564=DIRECTION('center_axis',(1.,0.,0.));
#3565=DIRECTION('ref_axis',(0.,0.743144825477387,-0.669130606358867));
#3566=DIRECTION('center_axis',(-1.,0.,0.));
#3567=DIRECTION('ref_axis',(0.,0.951056516295146,-0.30901699437497));
#3568=DIRECTION('',(0.,-0.482925035686543,-0.875661698321419));
#3569=DIRECTION('center_axis',(-1.,0.,0.));
#3570=DIRECTION('ref_axis',(0.,0.951056516295151,-0.309016994374956));
#3571=DIRECTION('center_axis',(1.,0.,0.));
#3572=DIRECTION('ref_axis',(0.,0.95105651629515,-0.309016994374957));
#3573=DIRECTION('center_axis',(-1.,0.,0.));
#3574=DIRECTION('ref_axis',(0.,0.951056516295151,-0.309016994374956));
#3575=DIRECTION('',(0.,0.290311660708702,-0.956932149975407));
#3576=DIRECTION('center_axis',(-1.,0.,0.));
#3577=DIRECTION('ref_axis',(0.,0.994521895368276,0.10452846326763));
#3578=DIRECTION('center_axis',(1.,0.,0.));
#3579=DIRECTION('ref_axis',(0.,0.994521895368274,0.104528463267643));
#3580=DIRECTION('',(0.,-0.0850102730880234,-0.996380074805543));
#3581=DIRECTION('center_axis',(-1.,0.,0.));
#3582=DIRECTION('ref_axis',(0.,0.994521895368274,0.104528463267644));
#3583=DIRECTION('center_axis',(1.,0.,0.));
#3584=DIRECTION('ref_axis',(0.,0.994521895368274,0.104528463267644));
#3585=DIRECTION('center_axis',(-1.,0.,0.));
#3586=DIRECTION('ref_axis',(0.,0.994521895368274,0.104528463267644));
#3587=DIRECTION('',(0.,0.654432269273421,-0.756120628559782));
#3588=DIRECTION('center_axis',(-1.,0.,0.));
#3589=DIRECTION('ref_axis',(0.,0.866025403784457,0.499999999999969));
#3590=DIRECTION('center_axis',(1.,0.,0.));
#3591=DIRECTION('ref_axis',(0.,0.866025403784443,0.499999999999993));
#3592=DIRECTION('',(0.,0.327603538021501,-0.944815284526978));
#3593=DIRECTION('center_axis',(-1.,0.,0.));
#3594=DIRECTION('ref_axis',(0.,0.866025403784443,0.499999999999992));
#3595=DIRECTION('center_axis',(1.,0.,0.));
#3596=DIRECTION('ref_axis',(0.,0.866025403784443,0.499999999999992));
#3597=DIRECTION('center_axis',(-1.,0.,0.));
#3598=DIRECTION('ref_axis',(0.,0.866025403784444,0.499999999999991));
#3599=DIRECTION('',(0.,0.905395593150243,-0.424568981325908));
#3600=DIRECTION('center_axis',(-1.,0.,0.));
#3601=DIRECTION('ref_axis',(0.,0.587785252292521,0.809016994374912));
#3602=DIRECTION('center_axis',(1.,0.,0.));
#3603=DIRECTION('ref_axis',(0.,0.58778525229248,0.809016994374942));
#3604=DIRECTION('',(0.,0.683571721222398,-0.729883348176301));
#3605=DIRECTION('center_axis',(-1.,0.,0.));
#3606=DIRECTION('ref_axis',(0.,0.58778525229248,0.809016994374942));
#3607=DIRECTION('center_axis',(1.,0.,0.));
#3608=DIRECTION('ref_axis',(0.,0.58778525229248,0.809016994374943));
#3609=DIRECTION('center_axis',(-1.,0.,0.));
#3610=DIRECTION('ref_axis',(0.,0.587785252292479,0.809016994374943));
#3611=DIRECTION('',(0.,0.999807793710645,-0.0196055001326753));
#3612=DIRECTION('center_axis',(-1.,0.,0.));
#3613=DIRECTION('ref_axis',(0.,0.207911690817805,0.978147600733796));
#3614=DIRECTION('center_axis',(1.,0.,0.));
#3615=DIRECTION('ref_axis',(0.,0.207911690817767,0.978147600733804));
#3616=DIRECTION('center_axis',(1.,0.,0.));
#3617=DIRECTION('ref_axis',(0.,0.207911690817766,0.978147600733804));
#3618=DIRECTION('center_axis',(-1.,0.,0.));
#3619=DIRECTION('ref_axis',(0.,-0.207911690817715,0.978147600733815));
#3620=DIRECTION('center_axis',(1.,0.,0.));
#3621=DIRECTION('ref_axis',(0.,-0.207911690817753,0.978147600733807));
#3622=DIRECTION('',(0.,0.999807793710645,0.0196055001326612));
#3623=DIRECTION('center_axis',(1.,0.,0.));
#3624=DIRECTION('ref_axis',(0.,-0.207911690817753,0.978147600733807));
#3625=DIRECTION('center_axis',(-1.,0.,0.));
#3626=DIRECTION('ref_axis',(0.,-0.207911690817752,0.978147600733807));
#3627=DIRECTION('',(0.,0.683571721222409,0.729883348176291));
#3628=DIRECTION('center_axis',(1.,0.,0.));
#3629=DIRECTION('ref_axis',(0.,-0.207911690817752,0.978147600733807));
#3630=DIRECTION('center_axis',(-1.,0.,0.));
#3631=DIRECTION('ref_axis',(0.,-0.587785252292437,0.809016994374973));
#3632=DIRECTION('center_axis',(1.,0.,0.));
#3633=DIRECTION('ref_axis',(0.,-0.587785252292469,0.80901699437495));
#3634=DIRECTION('',(0.,0.905395593150249,0.424568981325895));
#3635=DIRECTION('center_axis',(1.,0.,0.));
#3636=DIRECTION('ref_axis',(0.,-0.587785252292469,0.80901699437495));
#3637=DIRECTION('center_axis',(-1.,0.,0.));
#3638=DIRECTION('ref_axis',(0.,-0.587785252292469,0.80901699437495));
#3639=DIRECTION('',(0.,0.327603538021514,0.944815284526974));
#3640=DIRECTION('center_axis',(1.,0.,0.));
#3641=DIRECTION('ref_axis',(0.,-0.587785252292468,0.809016994374951));
#3642=DIRECTION('center_axis',(-1.,0.,0.));
#3643=DIRECTION('ref_axis',(0.,-0.866025403784423,0.500000000000027));
#3644=DIRECTION('center_axis',(1.,0.,0.));
#3645=DIRECTION('ref_axis',(0.,-0.866025403784437,0.500000000000003));
#3646=DIRECTION('',(0.,0.654432269273432,0.756120628559773));
#3647=DIRECTION('center_axis',(1.,0.,0.));
#3648=DIRECTION('ref_axis',(0.,-0.866025403784436,0.500000000000004));
#3649=DIRECTION('center_axis',(-1.,0.,0.));
#3650=DIRECTION('ref_axis',(0.,-0.866025403784437,0.500000000000003));
#3651=DIRECTION('',(0.,-0.0850102730880092,0.996380074805544));
#3652=DIRECTION('center_axis',(1.,0.,0.));
#3653=DIRECTION('ref_axis',(0.,-0.866025403784436,0.500000000000004));
#3654=DIRECTION('center_axis',(-1.,0.,0.));
#3655=DIRECTION('ref_axis',(0.,-0.994521895368268,0.104528463267708));
#3656=DIRECTION('center_axis',(1.,0.,0.));
#3657=DIRECTION('ref_axis',(0.,-0.994521895368273,0.104528463267656));
#3658=DIRECTION('',(0.,0.290311660708716,0.956932149975403));
#3659=DIRECTION('center_axis',(-1.,0.,0.));
#3660=DIRECTION('ref_axis',(0.,-0.994521895368273,0.104528463267656));
#3661=DIRECTION('center_axis',(1.,0.,0.));
#3662=DIRECTION('ref_axis',(0.,-0.994521895368273,0.104528463267657));
#3663=DIRECTION('',(0.,-0.482925035686531,0.875661698321425));
#3664=DIRECTION('center_axis',(1.,0.,0.));
#3665=DIRECTION('ref_axis',(0.,-0.994521895368273,0.104528463267656));
#3666=DIRECTION('center_axis',(-1.,0.,0.));
#3667=DIRECTION('ref_axis',(0.,-0.951056516295166,-0.309016994374908));
#3668=DIRECTION('center_axis',(1.,0.,0.));
#3669=DIRECTION('ref_axis',(0.,-0.951056516295154,-0.309016994374945));
#3670=DIRECTION('',(0.,-0.124006471391178,0.992281409204621));
#3671=DIRECTION('center_axis',(-1.,0.,0.));
#3672=DIRECTION('ref_axis',(0.,-0.951056516295155,-0.309016994374944));
#3673=DIRECTION('center_axis',(1.,0.,0.));
#3674=DIRECTION('ref_axis',(0.,-0.951056516295154,-0.309016994374945));
#3675=DIRECTION('',(0.,-0.797337672378632,0.603533459060743));
#3676=DIRECTION('center_axis',(1.,0.,0.));
#3677=DIRECTION('ref_axis',(0.,-0.951056516295155,-0.309016994374944));
#3678=DIRECTION('center_axis',(-1.,0.,0.));
#3679=DIRECTION('ref_axis',(0.,-0.74314482547743,-0.669130606358819));
#3680=DIRECTION('center_axis',(1.,0.,0.));
#3681=DIRECTION('ref_axis',(0.,-0.743144825477395,-0.669130606358857));
#3682=DIRECTION('',(0.,-0.51688275802411,0.856056198188758));
#3683=DIRECTION('center_axis',(-1.,0.,0.));
#3684=DIRECTION('ref_axis',(0.,-0.743144825477394,-0.669130606358858));
#3685=DIRECTION('center_axis',(1.,0.,0.));
#3686=DIRECTION('ref_axis',(0.,-0.743144825477395,-0.669130606358857));
#3687=DIRECTION('',(0.,-0.973883381931116,0.22704880179911));
#3688=DIRECTION('center_axis',(1.,0.,0.));
#3689=DIRECTION('ref_axis',(0.,-0.743144825477396,-0.669130606358856));
#3690=DIRECTION('center_axis',(-1.,0.,0.));
#3691=DIRECTION('ref_axis',(0.,-0.406736643075801,-0.913545457642601));
#3692=DIRECTION('center_axis',(1.,0.,0.));
#3693=DIRECTION('ref_axis',(0.,-0.406736643075801,-0.913545457642601));
#3694=DIRECTION('',(0.,-0.820385320062233,0.571811093479645));
#3695=DIRECTION('center_axis',(-1.,0.,0.));
#3696=DIRECTION('ref_axis',(0.,-0.406736643075801,-0.913545457642601));
#3697=DIRECTION('center_axis',(1.,0.,0.));
#3698=DIRECTION('ref_axis',(0.,-0.406736643075801,-0.9135454576426));
#3699=DIRECTION('center_axis',(-1.,0.,0.));
#3700=DIRECTION('ref_axis',(0.,-0.406736643075801,-0.9135454576426));
#3701=DIRECTION('',(0.,-0.982035807294938,-0.188694655967198));
#3702=DIRECTION('center_axis',(1.,0.,0.));
#3703=DIRECTION('ref_axis',(0.,-0.4067366430758,-0.913545457642601));
#3704=DIRECTION('center_axis',(-1.,0.,0.));
#3705=DIRECTION('ref_axis',(0.,0.,-1.));
#3706=DIRECTION('center_axis',(1.,0.,0.));
#3707=DIRECTION('ref_axis',(0.,0.,-1.));
#3708=DIRECTION('',(0.,-0.982035807294938,0.188694655967199));
#3709=DIRECTION('center_axis',(-1.,0.,0.));
#3710=DIRECTION('ref_axis',(0.,0.,-1.));
#3711=DIRECTION('center_axis',(-1.,0.,0.));
#3712=DIRECTION('ref_axis',(0.,0.,1.));
#3713=DIRECTION('',(-1.,0.,0.));
#3714=DIRECTION('',(-1.,0.,0.));
#3715=DIRECTION('center_axis',(-1.,0.,0.));
#3716=DIRECTION('ref_axis',(0.,0.,1.));
#3717=DIRECTION('',(-1.,0.,0.));
#3718=DIRECTION('center_axis',(0.,0.571811093479645,-0.820385320062233));
#3719=DIRECTION('ref_axis',(0.,0.820385320062233,0.571811093479645));
#3720=DIRECTION('',(-1.,0.,0.));
#3721=DIRECTION('center_axis',(-1.,0.,0.));
#3722=DIRECTION('ref_axis',(0.,0.,1.));
#3723=DIRECTION('',(-1.,0.,0.));
#3724=DIRECTION('center_axis',(-1.,0.,0.));
#3725=DIRECTION('ref_axis',(0.,0.,1.));
#3726=DIRECTION('center_axis',(-1.,0.,0.));
#3727=DIRECTION('ref_axis',(0.,0.,1.));
#3728=DIRECTION('',(-1.,0.,0.));
#3729=DIRECTION('',(-1.,0.,0.));
#3730=DIRECTION('center_axis',(-1.,0.,0.));
#3731=DIRECTION('ref_axis',(0.,0.,1.));
#3732=DIRECTION('',(-1.,0.,0.));
#3733=DIRECTION('center_axis',(0.,-0.188694655967199,-0.982035807294938));
#3734=DIRECTION('ref_axis',(0.,0.982035807294938,-0.188694655967199));
#3735=DIRECTION('',(-1.,0.,0.));
#3736=DIRECTION('center_axis',(-1.,0.,0.));
#3737=DIRECTION('ref_axis',(0.,0.,1.));
#3738=DIRECTION('center_axis',(-1.,0.,0.));
#3739=DIRECTION('ref_axis',(0.,0.,1.));
#3740=DIRECTION('',(-1.,0.,0.));
#3741=DIRECTION('',(-1.,0.,0.));
#3742=DIRECTION('center_axis',(-1.,0.,0.));
#3743=DIRECTION('ref_axis',(0.,0.,1.));
#3744=DIRECTION('',(-1.,0.,0.));
#3745=DIRECTION('center_axis',(0.,0.188694655967198,-0.982035807294938));
#3746=DIRECTION('ref_axis',(0.,0.982035807294938,0.188694655967198));
#3747=DIRECTION('',(-1.,0.,0.));
#3748=DIRECTION('center_axis',(-1.,0.,0.));
#3749=DIRECTION('ref_axis',(0.,0.,1.));
#3750=DIRECTION('center_axis',(-1.,0.,0.));
#3751=DIRECTION('ref_axis',(0.,0.,1.));
#3752=DIRECTION('',(-1.,0.,0.));
#3753=DIRECTION('',(-1.,0.,0.));
#3754=DIRECTION('center_axis',(-1.,0.,0.));
#3755=DIRECTION('ref_axis',(0.,0.,1.));
#3756=DIRECTION('',(-1.,0.,0.));
#3757=DIRECTION('center_axis',(0.,-0.571811093479645,-0.820385320062233));
#3758=DIRECTION('ref_axis',(0.,0.820385320062233,-0.571811093479645));
#3759=DIRECTION('',(-1.,0.,0.));
#3760=DIRECTION('center_axis',(-1.,0.,0.));
#3761=DIRECTION('ref_axis',(0.,0.,1.));
#3762=DIRECTION('center_axis',(-1.,0.,0.));
#3763=DIRECTION('ref_axis',(0.,0.,1.));
#3764=DIRECTION('',(-1.,0.,0.));
#3765=DIRECTION('center_axis',(0.,-0.22704880179911,-0.973883381931116));
#3766=DIRECTION('ref_axis',(0.,0.973883381931116,-0.22704880179911));
#3767=DIRECTION('',(-1.,0.,0.));
#3768=DIRECTION('center_axis',(-1.,0.,0.));
#3769=DIRECTION('ref_axis',(0.,0.427016964352428,-0.904243613278655));
#3770=DIRECTION('center_axis',(-1.,0.,0.));
#3771=DIRECTION('ref_axis',(0.,0.,1.));
#3772=DIRECTION('',(-1.,0.,0.));
#3773=DIRECTION('',(-1.,0.,0.));
#3774=DIRECTION('center_axis',(-1.,0.,0.));
#3775=DIRECTION('ref_axis',(0.,0.,1.));
#3776=DIRECTION('',(-1.,0.,0.));
#3777=DIRECTION('center_axis',(0.,-0.856056198188757,-0.51688275802411));
#3778=DIRECTION('ref_axis',(0.,0.51688275802411,-0.856056198188757));
#3779=DIRECTION('',(-1.,0.,0.));
#3780=DIRECTION('center_axis',(-1.,0.,0.));
#3781=DIRECTION('ref_axis',(0.,0.,1.));
#3782=DIRECTION('center_axis',(-1.,0.,0.));
#3783=DIRECTION('ref_axis',(0.,0.,1.));
#3784=DIRECTION('',(-1.,0.,0.));
#3785=DIRECTION('center_axis',(0.,-0.603533459060743,-0.797337672378632));
#3786=DIRECTION('ref_axis',(0.,0.797337672378632,-0.603533459060743));
#3787=DIRECTION('',(-1.,0.,0.));
#3788=DIRECTION('center_axis',(-1.,0.,0.));
#3789=DIRECTION('ref_axis',(0.,0.0223103963327977,-0.999751092130173));
#3790=DIRECTION('center_axis',(-1.,0.,0.));
#3791=DIRECTION('ref_axis',(0.,0.,1.));
#3792=DIRECTION('',(-1.,0.,0.));
#3793=DIRECTION('',(-1.,0.,0.));
#3794=DIRECTION('center_axis',(-1.,0.,0.));
#3795=DIRECTION('ref_axis',(0.,0.,1.));
#3796=DIRECTION('',(-1.,0.,0.));
#3797=DIRECTION('center_axis',(0.,-0.992281409204621,-0.124006471391178));
#3798=DIRECTION('ref_axis',(0.,0.124006471391178,-0.992281409204621));
#3799=DIRECTION('',(-1.,0.,0.));
#3800=DIRECTION('center_axis',(-1.,0.,0.));
#3801=DIRECTION('ref_axis',(0.,0.,1.));
#3802=DIRECTION('center_axis',(-1.,0.,0.));
#3803=DIRECTION('ref_axis',(0.,0.,1.));
#3804=DIRECTION('',(-1.,0.,0.));
#3805=DIRECTION('center_axis',(0.,-0.875661698321425,-0.482925035686531));
#3806=DIRECTION('ref_axis',(0.,0.482925035686531,-0.875661698321425));
#3807=DIRECTION('',(-1.,0.,0.));
#3808=DIRECTION('center_axis',(-1.,0.,0.));
#3809=DIRECTION('ref_axis',(0.,-0.386253841896355,-0.922392524698843));
#3810=DIRECTION('center_axis',(-1.,0.,0.));
#3811=DIRECTION('ref_axis',(0.,0.,1.));
#3812=DIRECTION('',(-1.,0.,0.));
#3813=DIRECTION('',(-1.,0.,0.));
#3814=DIRECTION('center_axis',(-1.,0.,0.));
#3815=DIRECTION('ref_axis',(0.,0.569589458132931,-0.821929345615445));
#3816=DIRECTION('',(-1.,0.,0.));
#3817=DIRECTION('center_axis',(0.,-0.956932149975403,0.290311660708716));
#3818=DIRECTION('ref_axis',(0.,-0.290311660708716,-0.956932149975403));
#3819=DIRECTION('',(-1.,0.,0.));
#3820=DIRECTION('center_axis',(-1.,0.,0.));
#3821=DIRECTION('ref_axis',(0.,0.,1.));
#3822=DIRECTION('center_axis',(-1.,0.,0.));
#3823=DIRECTION('ref_axis',(0.,0.,1.));
#3824=DIRECTION('',(-1.,0.,0.));
#3825=DIRECTION('center_axis',(-1.,0.,0.));
#3826=DIRECTION('ref_axis',(0.,0.,1.));
#3827=DIRECTION('',(-1.,0.,0.));
#3828=DIRECTION('center_axis',(0.,-0.996380074805544,-0.0850102730880093));
#3829=DIRECTION('ref_axis',(0.,0.0850102730880093,-0.996380074805544));
#3830=DIRECTION('',(-1.,0.,0.));
#3831=DIRECTION('center_axis',(-1.,0.,0.));
#3832=DIRECTION('ref_axis',(0.,0.,1.));
#3833=DIRECTION('center_axis',(-1.,0.,0.));
#3834=DIRECTION('ref_axis',(0.,0.,1.));
#3835=DIRECTION('',(-1.,0.,0.));
#3836=DIRECTION('',(-1.,0.,0.));
#3837=DIRECTION('center_axis',(-1.,0.,0.));
#3838=DIRECTION('ref_axis',(0.,0.186037079317334,-0.982542724322498));
#3839=DIRECTION('',(-1.,0.,0.));
#3840=DIRECTION('center_axis',(0.,-0.756120628559773,0.654432269273432));
#3841=DIRECTION('ref_axis',(0.,-0.654432269273432,-0.756120628559773));
#3842=DIRECTION('center_axis',(-1.,0.,0.));
#3843=DIRECTION('ref_axis',(0.,0.,1.));
#3844=DIRECTION('',(-1.,0.,0.));
#3845=DIRECTION('center_axis',(-1.,0.,0.));
#3846=DIRECTION('ref_axis',(0.,0.,1.));
#3847=DIRECTION('',(-1.,0.,0.));
#3848=DIRECTION('center_axis',(0.,-0.944815284526974,0.327603538021514));
#3849=DIRECTION('ref_axis',(0.,-0.327603538021514,-0.944815284526974));
#3850=DIRECTION('',(-1.,0.,0.));
#3851=DIRECTION('center_axis',(-1.,0.,0.));
#3852=DIRECTION('ref_axis',(0.,0.,1.));
#3853=DIRECTION('center_axis',(-1.,0.,0.));
#3854=DIRECTION('ref_axis',(0.,0.,1.));
#3855=DIRECTION('',(-1.,0.,0.));
#3856=DIRECTION('',(-1.,0.,0.));
#3857=DIRECTION('center_axis',(-1.,0.,0.));
#3858=DIRECTION('ref_axis',(0.,-0.22968280060604,-0.973265539873762));
#3859=DIRECTION('',(-1.,0.,0.));
#3860=DIRECTION('center_axis',(0.,-0.424568981325895,0.905395593150249));
#3861=DIRECTION('ref_axis',(0.,-0.905395593150249,-0.424568981325895));
#3862=DIRECTION('center_axis',(-1.,0.,0.));
#3863=DIRECTION('ref_axis',(0.,0.,1.));
#3864=DIRECTION('',(-1.,0.,0.));
#3865=DIRECTION('center_axis',(-1.,0.,0.));
#3866=DIRECTION('ref_axis',(0.,0.,1.));
#3867=DIRECTION('',(-1.,0.,0.));
#3868=DIRECTION('center_axis',(0.,-0.729883348176292,0.683571721222409));
#3869=DIRECTION('ref_axis',(0.,-0.683571721222409,-0.729883348176292));
#3870=DIRECTION('',(-1.,0.,0.));
#3871=DIRECTION('center_axis',(-1.,0.,0.));
#3872=DIRECTION('ref_axis',(0.,0.,1.));
#3873=DIRECTION('center_axis',(-1.,0.,0.));
#3874=DIRECTION('ref_axis',(0.,0.,1.));
#3875=DIRECTION('',(-1.,0.,0.));
#3876=DIRECTION('',(-1.,0.,0.));
#3877=DIRECTION('center_axis',(-1.,0.,0.));
#3878=DIRECTION('ref_axis',(0.,-0.605688437701885,-0.795701901741003));
#3879=DIRECTION('',(-1.,0.,0.));
#3880=DIRECTION('center_axis',(0.,-0.0196055001326612,0.999807793710645));
#3881=DIRECTION('ref_axis',(0.,-0.999807793710645,-0.0196055001326612));
#3882=DIRECTION('center_axis',(0.,-0.388747950143874,0.921344143769817));
#3883=DIRECTION('ref_axis',(0.,-0.921344143769816,-0.388747950143874));
#3884=DIRECTION('',(-1.,0.,0.));
#3885=DIRECTION('center_axis',(-1.,0.,0.));
#3886=DIRECTION('ref_axis',(0.,0.,1.));
#3887=DIRECTION('center_axis',(-1.,0.,0.));
#3888=DIRECTION('ref_axis',(0.,0.,1.));
#3889=DIRECTION('',(-1.,0.,0.));
#3890=DIRECTION('center_axis',(-1.,0.,0.));
#3891=DIRECTION('ref_axis',(0.,0.,1.));
#3892=DIRECTION('',(-1.,0.,0.));
#3893=DIRECTION('center_axis',(0.,0.388747950143887,0.921344143769811));
#3894=DIRECTION('ref_axis',(0.,-0.921344143769811,0.388747950143887));
#3895=DIRECTION('center_axis',(-1.,0.,0.));
#3896=DIRECTION('ref_axis',(0.,0.,1.));
#3897=DIRECTION('',(-1.,0.,0.));
#3898=DIRECTION('',(-1.,0.,0.));
#3899=DIRECTION('center_axis',(-1.,0.,0.));
#3900=DIRECTION('ref_axis',(0.,0.546457179804314,-0.8374870450582));
#3901=DIRECTION('',(-1.,0.,0.));
#3902=DIRECTION('center_axis',(0.,0.0196055001326753,0.999807793710645));
#3903=DIRECTION('ref_axis',(0.,-0.999807793710645,0.0196055001326753));
#3904=DIRECTION('center_axis',(-1.,0.,0.));
#3905=DIRECTION('ref_axis',(0.,0.,1.));
#3906=DIRECTION('',(-1.,0.,0.));
#3907=DIRECTION('center_axis',(-1.,0.,0.));
#3908=DIRECTION('ref_axis',(0.,0.,1.));
#3909=DIRECTION('',(-1.,0.,0.));
#3910=DIRECTION('center_axis',(0.,0.729883348176301,0.683571721222398));
#3911=DIRECTION('ref_axis',(0.,-0.683571721222398,0.729883348176301));
#3912=DIRECTION('',(-1.,0.,0.));
#3913=DIRECTION('center_axis',(-1.,0.,0.));
#3914=DIRECTION('ref_axis',(0.,0.,1.));
#3915=DIRECTION('center_axis',(-1.,0.,0.));
#3916=DIRECTION('ref_axis',(0.,0.,1.));
#3917=DIRECTION('',(-1.,0.,0.));
#3918=DIRECTION('',(-1.,0.,0.));
#3919=DIRECTION('center_axis',(-1.,0.,0.));
#3920=DIRECTION('ref_axis',(0.,0.158576805079972,-0.987346644745719));
#3921=DIRECTION('',(-1.,0.,0.));
#3922=DIRECTION('center_axis',(0.,0.424568981325908,0.905395593150243));
#3923=DIRECTION('ref_axis',(0.,-0.905395593150243,0.424568981325908));
#3924=DIRECTION('center_axis',(-1.,0.,0.));
#3925=DIRECTION('ref_axis',(0.,0.,1.));
#3926=DIRECTION('',(-1.,0.,0.));
#3927=DIRECTION('center_axis',(-1.,0.,0.));
#3928=DIRECTION('ref_axis',(0.,0.,1.));
#3929=DIRECTION('',(-1.,0.,0.));
#3930=DIRECTION('center_axis',(0.,0.944815284526978,0.327603538021501));
#3931=DIRECTION('ref_axis',(0.,-0.327603538021501,0.944815284526978));
#3932=DIRECTION('',(-1.,0.,0.));
#3933=DIRECTION('center_axis',(-1.,0.,0.));
#3934=DIRECTION('ref_axis',(0.,0.,1.));
#3935=DIRECTION('center_axis',(-1.,0.,0.));
#3936=DIRECTION('ref_axis',(0.,0.,1.));
#3937=DIRECTION('',(-1.,0.,0.));
#3938=DIRECTION('',(-1.,0.,0.));
#3939=DIRECTION('center_axis',(-1.,0.,0.));
#3940=DIRECTION('ref_axis',(0.,-0.256722939867744,-0.966485039794027));
#3941=DIRECTION('',(-1.,0.,0.));
#3942=DIRECTION('center_axis',(0.,0.756120628559782,0.654432269273421));
#3943=DIRECTION('ref_axis',(0.,-0.654432269273421,0.756120628559782));
#3944=DIRECTION('center_axis',(-1.,0.,0.));
#3945=DIRECTION('ref_axis',(0.,0.,1.));
#3946=DIRECTION('',(-1.,0.,0.));
#3947=DIRECTION('center_axis',(-1.,0.,0.));
#3948=DIRECTION('ref_axis',(0.,0.,1.));
#3949=DIRECTION('',(-1.,0.,0.));
#3950=DIRECTION('center_axis',(0.,0.996380074805543,-0.0850102730880234));
#3951=DIRECTION('ref_axis',(0.,0.0850102730880234,0.996380074805543));
#3952=DIRECTION('',(-1.,0.,0.));
#3953=DIRECTION('center_axis',(-1.,0.,0.));
#3954=DIRECTION('ref_axis',(0.,0.,1.));
#3955=DIRECTION('center_axis',(-1.,0.,0.));
#3956=DIRECTION('ref_axis',(0.,0.,1.));
#3957=DIRECTION('',(-1.,0.,0.));
#3958=DIRECTION('',(-1.,0.,0.));
#3959=DIRECTION('center_axis',(-1.,0.,0.));
#3960=DIRECTION('ref_axis',(0.,0.,1.));
#3961=DIRECTION('',(-1.,0.,0.));
#3962=DIRECTION('center_axis',(0.,0.956932149975407,0.290311660708702));
#3963=DIRECTION('ref_axis',(0.,-0.290311660708702,0.956932149975407));
#3964=DIRECTION('center_axis',(-1.,0.,0.));
#3965=DIRECTION('ref_axis',(0.,0.,1.));
#3966=DIRECTION('',(-1.,0.,0.));
#3967=DIRECTION('center_axis',(0.,0.875661698321419,-0.482925035686543));
#3968=DIRECTION('ref_axis',(0.,0.482925035686543,0.875661698321419));
#3969=DIRECTION('',(-1.,0.,0.));
#3970=DIRECTION('center_axis',(-1.,0.,0.));
#3971=DIRECTION('ref_axis',(0.,0.452056466458592,-0.891989322320044));
#3972=DIRECTION('center_axis',(-1.,0.,0.));
#3973=DIRECTION('ref_axis',(0.,0.,1.));
#3974=DIRECTION('',(-1.,0.,0.));
#3975=DIRECTION('',(-1.,0.,0.));
#3976=DIRECTION('center_axis',(-1.,0.,0.));
#3977=DIRECTION('ref_axis',(0.,0.,1.));
#3978=DIRECTION('',(-1.,0.,0.));
#3979=DIRECTION('center_axis',(0.,0.992281409204619,-0.124006471391192));
#3980=DIRECTION('ref_axis',(0.,0.124006471391192,0.992281409204619));
#3981=DIRECTION('',(-1.,0.,0.));
#3982=DIRECTION('center_axis',(-1.,0.,0.));
#3983=DIRECTION('ref_axis',(0.,0.,1.));
#3984=DIRECTION('center_axis',(-1.,0.,0.));
#3985=DIRECTION('ref_axis',(0.,0.,1.));
#3986=DIRECTION('',(-1.,0.,0.));
#3987=DIRECTION('center_axis',(0.,0.603533459060731,-0.797337672378641));
#3988=DIRECTION('ref_axis',(0.,0.797337672378641,0.603533459060731));
#3989=DIRECTION('',(-1.,0.,0.));
#3990=DIRECTION('center_axis',(-1.,0.,0.));
#3991=DIRECTION('ref_axis',(0.,0.0501693889112968,-0.998740723319254));
#3992=DIRECTION('center_axis',(-1.,0.,0.));
#3993=DIRECTION('ref_axis',(0.,0.,1.));
#3994=DIRECTION('',(-1.,0.,0.));
#3995=DIRECTION('',(-1.,0.,0.));
#3996=DIRECTION('center_axis',(-1.,0.,0.));
#3997=DIRECTION('ref_axis',(0.,0.,1.));
#3998=DIRECTION('',(-1.,0.,0.));
#3999=DIRECTION('center_axis',(0.,0.85605619818875,-0.516882758024122));
#4000=DIRECTION('ref_axis',(0.,0.516882758024122,0.85605619818875));
#4001=DIRECTION('',(-1.,0.,0.));
#4002=DIRECTION('center_axis',(-1.,0.,0.));
#4003=DIRECTION('ref_axis',(0.,0.,1.));
#4004=DIRECTION('center_axis',(0.,0.227048801799097,-0.973883381931119));
#4005=DIRECTION('ref_axis',(0.,0.973883381931119,0.227048801799097));
#4006=DIRECTION('',(-1.,0.,0.));
#4007=DIRECTION('center_axis',(-1.,0.,0.));
#4008=DIRECTION('ref_axis',(0.,-0.36039243175335,-0.932800779981935));
#4009=DIRECTION('center_axis',(1.,0.,0.));
#4010=DIRECTION('ref_axis',(0.,0.,-1.));
#4011=CARTESIAN_POINT('',(0.,0.,0.));
#4012=CARTESIAN_POINT('Origin',(4.15000000000001,0.,0.));
#4013=CARTESIAN_POINT('',(4.15000000000001,-6.12323399573678E-16,4.99999999999999));
#4014=CARTESIAN_POINT('Origin',(4.15000000000001,0.,0.));
#4015=CARTESIAN_POINT('',(5.15,-6.12323399573678E-16,4.99999999999999));
#4016=CARTESIAN_POINT('',(4.15000000000001,-6.12323399573675E-16,4.99999999999999));
#4017=CARTESIAN_POINT('Origin',(5.15,0.,0.));
#4018=CARTESIAN_POINT('Origin',(5.15,0.,0.));
#4019=CARTESIAN_POINT('',(5.15,-9.79717439317883E-16,8.));
#4020=CARTESIAN_POINT('Origin',(5.15,0.,0.));
#4021=CARTESIAN_POINT('',(5.65000000000001,-1.10218211923262E-15,8.99999999999999));
#4022=CARTESIAN_POINT('',(5.15,-9.79717439317883E-16,8.));
#4023=CARTESIAN_POINT('Origin',(5.65000000000001,0.,0.));
#4024=CARTESIAN_POINT('Origin',(4.15000000000001,0.,0.));
#4025=CARTESIAN_POINT('',(4.64999999999999,-1.10218211923262E-15,8.99999999999999));
#4026=CARTESIAN_POINT('',(4.15000000000001,-1.10218211923262E-15,8.99999999999999));
#4027=CARTESIAN_POINT('Origin',(4.64999999999999,0.,0.));
#4028=CARTESIAN_POINT('Origin',(4.64999999999999,0.,0.));
#4029=CARTESIAN_POINT('',(4.15000000000001,-9.79717439317883E-16,8.));
#4030=CARTESIAN_POINT('',(4.64999999999999,-1.10218211923262E-15,8.99999999999999));
#4031=CARTESIAN_POINT('Origin',(4.15000000000001,0.,0.));
#4032=CARTESIAN_POINT('Origin',(5.15,8.,0.));
#4033=CARTESIAN_POINT('Origin',(4.15000000000001,4.99999999999999,0.));
#4034=CARTESIAN_POINT('Origin',(-5.95000000000002,0.,1.66533453693773E-15));
#4035=CARTESIAN_POINT('',(-6.45,1.10218211923262E-15,8.99999999999999));
#4036=CARTESIAN_POINT('',(-6.45000000000001,-1.10218211923262E-15,-8.99999999999999));
#4037=CARTESIAN_POINT('Origin',(-6.45,0.,1.66533453693773E-15));
#4038=CARTESIAN_POINT('',(-5.95000000000002,-9.79717439317883E-16,-8.));
#4039=CARTESIAN_POINT('',(-5.95000000000002,-9.79717439317883E-16,-8.));
#4040=CARTESIAN_POINT('Origin',(-5.95000000000002,0.,1.66533453693773E-15));
#4041=CARTESIAN_POINT('Origin',(-6.45,0.,1.66533453693773E-15));
#4042=CARTESIAN_POINT('Origin',(4.15000000000001,0.,0.));
#4043=CARTESIAN_POINT('',(-6.95,-6.12323399573678E-16,4.99999999999999));
#4044=CARTESIAN_POINT('Origin',(-6.95,0.,1.66533453693773E-15));
#4045=CARTESIAN_POINT('',(-5.95000000000002,-6.12323399573678E-16,4.99999999999999));
#4046=CARTESIAN_POINT('',(4.15000000000001,-6.12323399573675E-16,4.99999999999999));
#4047=CARTESIAN_POINT('Origin',(-5.95000000000002,0.,1.66533453693773E-15));
#4048=CARTESIAN_POINT('Origin',(-7.45000000000001,0.,1.66533453693773E-15));
#4049=CARTESIAN_POINT('',(-6.95,-9.79717439317883E-16,-8.));
#4050=CARTESIAN_POINT('Origin',(-6.95,0.,1.66533453693773E-15));
#4051=CARTESIAN_POINT('',(-7.45000000000001,-1.10218211923262E-15,-8.99999999999999));
#4052=CARTESIAN_POINT('',(-7.45000000000001,-1.10218211923262E-15,-8.99999999999999));
#4053=CARTESIAN_POINT('',(-7.45000000000001,1.10218211923262E-15,8.99999999999999));
#4054=CARTESIAN_POINT('Origin',(-7.45000000000001,0.,1.66533453693773E-15));
#4055=CARTESIAN_POINT('Origin',(-7.45000000000001,0.,1.66533453693773E-15));
#4056=CARTESIAN_POINT('Origin',(2.35000000000001,0.,1.66533453693773E-15));
#4057=CARTESIAN_POINT('',(2.35000000000001,-1.10218211923262E-15,8.99999999999999));
#4058=CARTESIAN_POINT('Origin',(-6.95,8.,1.66533453693773E-15));
#4059=CARTESIAN_POINT('Origin',(-5.95000000000002,4.99999999999999,1.66533453693773E-15));
#4060=CARTESIAN_POINT('Origin',(-7.65000000000001,4.44089209850063E-15,
3.33066907387547E-15));
#4061=CARTESIAN_POINT('',(-7.65000000000001,2.41269652239735,-0.187870941903627));
#4062=CARTESIAN_POINT('Origin',(-7.65000000000001,4.44089209850063E-15,
3.33066907387547E-15));
#4063=CARTESIAN_POINT('',(5.65000000000001,2.41269652239735,-0.187870941903627));
#4064=CARTESIAN_POINT('',(-7.65000000000001,2.41269652239735,-0.187870941903627));
#4065=CARTESIAN_POINT('Origin',(5.65000000000001,4.44089209850063E-15,3.33066907387547E-15));
#4066=CARTESIAN_POINT('',(-6.93889390390723E-17,-2.13981819554839,-1.13029999999999));
#4067=CARTESIAN_POINT('',(-1.38421827707624E-16,-2.1398181955484,1.13029999999999));
#4068=CARTESIAN_POINT('Ctrl Pts',(-6.93889390390723E-17,-2.13981819554839,
-1.13029999999999));
#4069=CARTESIAN_POINT('Ctrl Pts',(-0.144552386910682,-2.13981819554839,
-1.13029999999999));
#4070=CARTESIAN_POINT('Ctrl Pts',(-0.296841619696266,-2.15602349675486,
-1.1009501124188));
#4071=CARTESIAN_POINT('Ctrl Pts',(-0.574451160872632,-2.21140580999732,
-0.98499361897255));
#4072=CARTESIAN_POINT('Ctrl Pts',(-0.700020643348417,-2.24949129753246,
-0.898464946201881));
#4073=CARTESIAN_POINT('Ctrl Pts',(-0.898266236663406,-2.31885726142915,
-0.700219352886892));
#4074=CARTESIAN_POINT('Ctrl Pts',(-0.984942546871519,-2.35503972005701,
-0.574579816325781));
#4075=CARTESIAN_POINT('Ctrl Pts',(-1.10101609231544,-2.40589622620383,-0.296677272943092));
#4076=CARTESIAN_POINT('Ctrl Pts',(-1.13029999999999,-2.42,-0.144262895726754));
#4077=CARTESIAN_POINT('Ctrl Pts',(-1.13029999999999,-2.42,0.144262895726754));
#4078=CARTESIAN_POINT('Ctrl Pts',(-1.10101609231544,-2.40589622620383,0.296677272943092));
#4079=CARTESIAN_POINT('Ctrl Pts',(-0.984942546871519,-2.35503972005701,
0.574579816325781));
#4080=CARTESIAN_POINT('Ctrl Pts',(-0.898266236663406,-2.31885726142915,
0.700219352886892));
#4081=CARTESIAN_POINT('Ctrl Pts',(-0.700020643348417,-2.24949129753246,
0.898464946201881));
#4082=CARTESIAN_POINT('Ctrl Pts',(-0.574451160872632,-2.21140580999733,
0.98499361897255));
#4083=CARTESIAN_POINT('Ctrl Pts',(-0.296841619696266,-2.15602349675487,
1.1009501124188));
#4084=CARTESIAN_POINT('Ctrl Pts',(-0.144552386910682,-2.1398181955484,1.13029999999999));
#4085=CARTESIAN_POINT('Ctrl Pts',(-1.04083408558608E-16,-2.1398181955484,
1.13029999999999));
#4086=CARTESIAN_POINT('Ctrl Pts',(0.,-2.1398181955484,1.13029999999999));
#4087=CARTESIAN_POINT('Ctrl Pts',(0.144552386910682,-2.1398181955484,1.13029999999999));
#4088=CARTESIAN_POINT('Ctrl Pts',(0.296841619696265,-2.15602349675487,1.1009501124188));
#4089=CARTESIAN_POINT('Ctrl Pts',(0.574451160872631,-2.21140580999733,0.98499361897255));
#4090=CARTESIAN_POINT('Ctrl Pts',(0.700020643348417,-2.24949129753246,0.898464946201881));
#4091=CARTESIAN_POINT('Ctrl Pts',(0.898266236663406,-2.31885726142915,0.700219352886892));
#4092=CARTESIAN_POINT('Ctrl Pts',(0.984942546871519,-2.35503972005701,0.574579816325781));
#4093=CARTESIAN_POINT('Ctrl Pts',(1.10101609231544,-2.40589622620383,0.296677272943092));
#4094=CARTESIAN_POINT('Ctrl Pts',(1.13029999999999,-2.42,0.144262895726754));
#4095=CARTESIAN_POINT('Ctrl Pts',(1.13029999999999,-2.42,-0.144262895726754));
#4096=CARTESIAN_POINT('Ctrl Pts',(1.10101609231544,-2.40589622620383,-0.296677272943092));
#4097=CARTESIAN_POINT('Ctrl Pts',(0.984942546871519,-2.35503972005701,-0.574579816325781));
#4098=CARTESIAN_POINT('Ctrl Pts',(0.898266236663406,-2.31885726142915,-0.700219352886892));
#4099=CARTESIAN_POINT('Ctrl Pts',(0.700020643348417,-2.24949129753246,-0.898464946201881));
#4100=CARTESIAN_POINT('Ctrl Pts',(0.574451160872632,-2.21140580999732,-0.98499361897255));
#4101=CARTESIAN_POINT('Ctrl Pts',(0.296841619696266,-2.15602349675486,-1.1009501124188));
#4102=CARTESIAN_POINT('Ctrl Pts',(0.144552386910682,-2.13981819554839,-1.13029999999999));
#4103=CARTESIAN_POINT('Ctrl Pts',(6.93889390390723E-17,-2.13981819554839,
-1.13029999999999));
#4104=CARTESIAN_POINT('Origin',(-6.15000000000001,4.07230305899466,-3.48188987062894));
#4105=CARTESIAN_POINT('',(-6.15000000000001,5.47861859204456,1.30236020003976));
#4106=CARTESIAN_POINT('',(-6.15000000000001,5.53468474475831,1.03858968986004));
#4107=CARTESIAN_POINT('Origin',(-6.15000000000001,0.,0.));
#4108=CARTESIAN_POINT('',(-6.15000000000001,5.93811326004734,0.633406955219535));
#4109=CARTESIAN_POINT('Origin',(-6.15000000000001,6.03397014527868,1.13228114532536));
#4110=CARTESIAN_POINT('',(-6.15000000000001,6.56287268850394,0.513361673225586));
#4111=CARTESIAN_POINT('',(-6.15000000000001,4.90132119026832,0.832622830509632));
#4112=CARTESIAN_POINT('',(-6.15000000000001,6.76873608082466,0.274205848503041));
#4113=CARTESIAN_POINT('Origin',(-6.15000000000001,6.51494424588827,0.263924578172671));
#4114=CARTESIAN_POINT('',(-6.15000000000001,6.76873608082469,-0.274205848503041));
#4115=CARTESIAN_POINT('Origin',(-6.15000000000001,0.,0.));
#4116=CARTESIAN_POINT('',(-6.15000000000001,6.56287268850394,-0.513361673225586));
#4117=CARTESIAN_POINT('Origin',(-6.15000000000001,6.51494424588827,-0.263924578172671));
#4118=CARTESIAN_POINT('',(-6.15000000000001,5.93811326004734,-0.633406955219535));
#4119=CARTESIAN_POINT('',(-6.15000000000001,1.65442892857899,-1.45650152590023));
#4120=CARTESIAN_POINT('',(-6.15000000000001,5.53468474475831,-1.03858968986004));
#4121=CARTESIAN_POINT('Origin',(-6.15000000000001,6.03397014527868,-1.13228114532536));
#4122=CARTESIAN_POINT('',(-6.15000000000001,5.47861859204456,-1.30236020003976));
#4123=CARTESIAN_POINT('Origin',(-6.15000000000001,0.,0.));
#4124=CARTESIAN_POINT('',(-6.15000000000001,5.6823662143504,-1.83660220681552));
#4125=CARTESIAN_POINT('Origin',(-6.15000000000001,5.97284624983807,-1.41984646422391));
#4126=CARTESIAN_POINT('',(-6.15000000000001,6.204285537321,-2.20038158155291));
#4127=CARTESIAN_POINT('',(-6.15000000000001,4.8162379248468,-1.23290812282442));
#4128=CARTESIAN_POINT('',(-6.15000000000001,6.29507766695083,-2.5025934840217));
#4129=CARTESIAN_POINT('Origin',(-6.15000000000001,6.05904551957716,-2.40875945284871));
#4130=CARTESIAN_POINT('',(-6.15000000000001,6.07201853428708,-3.00359249873967));
#4131=CARTESIAN_POINT('Origin',(-6.15000000000001,0.,0.));
#4132=CARTESIAN_POINT('',(-6.15000000000001,5.78667953001789,-3.13834003095897));
#4133=CARTESIAN_POINT('Origin',(-6.15000000000001,5.84434992567487,-2.89097365194847));
#4134=CARTESIAN_POINT('',(-6.15000000000001,5.1671065770167,-2.9938943003756));
#4135=CARTESIAN_POINT('',(-6.15000000000001,0.918983491416408,-2.00349722165339));
#4136=CARTESIAN_POINT('',(-6.15000000000001,4.63375362407094,-3.19995798709193));
#4137=CARTESIAN_POINT('Origin',(-6.15000000000001,5.05176578570276,-3.4886270583966));
#4138=CARTESIAN_POINT('',(-6.15000000000001,4.47524951307891,-3.41812017978171));
#4139=CARTESIAN_POINT('Origin',(-6.15000000000001,0.,0.));
#4140=CARTESIAN_POINT('',(-6.15000000000001,4.44408642751585,-3.98904616228494));
#4141=CARTESIAN_POINT('Origin',(-6.15000000000001,4.87896297619573,-3.72646972120867));
#4142=CARTESIAN_POINT('',(-6.15000000000001,4.77292105257063,-4.53365887104177));
#4143=CARTESIAN_POINT('',(-6.15000000000001,3.89838336807132,-3.08525806110346));
#4144=CARTESIAN_POINT('',(-6.15000000000001,4.73294313547598,-4.84667166781101));
#4145=CARTESIAN_POINT('Origin',(-6.15000000000001,4.55548277823067,-4.66494709157992));
#4146=CARTESIAN_POINT('',(-6.15000000000001,4.32539382061462,-5.213630719163));
#4147=CARTESIAN_POINT('Origin',(-6.15000000000001,0.,0.));
#4148=CARTESIAN_POINT('',(-6.15000000000001,4.0099169104586,-5.22067088641545));
#4149=CARTESIAN_POINT('Origin',(-6.15000000000001,4.16321440906004,-5.01814711763129));
#4150=CARTESIAN_POINT('',(-6.15000000000001,3.50266022513026,-4.83671012232086));
#4151=CARTESIAN_POINT('',(-6.15000000000001,0.024637459885005,-2.20407004658181));
#4152=CARTESIAN_POINT('',(-6.15000000000001,2.93160440545157,-4.80802447764992));
#4153=CARTESIAN_POINT('Origin',(-6.15000000000001,3.1960652279274,-5.24175765988922));
#4154=CARTESIAN_POINT('',(-6.15000000000001,2.69806913693643,-4.94285612779241));
#4155=CARTESIAN_POINT('Origin',(-6.15000000000001,0.,0.));
#4156=CARTESIAN_POINT('',(-6.15000000000001,2.43738372410605,-5.45174779694856));
#4157=CARTESIAN_POINT('Origin',(-6.15000000000001,2.941462679982,-5.38875250948186));
#4158=CARTESIAN_POINT('',(-6.15000000000001,2.51627515720427,-6.08302535472971));
#4159=CARTESIAN_POINT('',(-6.15000000000001,2.30646291125524,-4.40413885192815));
#4160=CARTESIAN_POINT('',(-6.15000000000001,2.35243973843875,-6.35271628960599));
#4161=CARTESIAN_POINT('Origin',(-6.15000000000001,2.2642356792663,-6.11452299846305));
#4162=CARTESIAN_POINT('',(-6.15000000000001,1.83086922038863,-6.52218482389487));
#4163=CARTESIAN_POINT('Origin',(-6.15000000000001,0.,0.));
#4164=CARTESIAN_POINT('',(-6.15000000000001,1.53980322812952,-6.40030031730463));
#4165=CARTESIAN_POINT('Origin',(-6.15000000000001,1.76222129950316,-6.27763735824025));
#4166=CARTESIAN_POINT('',(-6.15000000000001,1.23257209964963,-5.84321482398483));
#4167=CARTESIAN_POINT('',(-6.15000000000001,-0.873968612284812,-2.02353913710847));
#4168=CARTESIAN_POINT('',(-6.15000000000001,0.722554152339712,-5.58473985649114));
#4169=CARTESIAN_POINT('Origin',(-6.15000000000001,0.787735956902339,-6.08854074211357));
#4170=CARTESIAN_POINT('',(-6.15000000000001,0.454368095829026,-5.61292734686962));
#4171=CARTESIAN_POINT('Origin',(-6.15000000000001,0.,0.));
#4172=CARTESIAN_POINT('',(-6.15000000000001,0.00923523186233233,-5.97179270994591));
#4173=CARTESIAN_POINT('Origin',(-6.15000000000001,0.495356764049837,-6.11927103358593));
#4174=CARTESIAN_POINT('',(-6.15000000000001,-0.175457572484856,-6.58058149203439));
#4175=CARTESIAN_POINT('',(-6.15000000000001,0.315734063525385,-4.96150402490906));
#4176=CARTESIAN_POINT('',(-6.15000000000001,-0.434821860618636,-6.76031855231241));
#4177=CARTESIAN_POINT('Origin',(-6.15000000000001,-0.418518338578608,-6.50684233021438));
#4178=CARTESIAN_POINT('',(-6.15000000000001,-0.980229300967259,-6.70299392038634));
#4179=CARTESIAN_POINT('Origin',(-6.15000000000001,0.,0.));
#4180=CARTESIAN_POINT('',(-6.15000000000001,-1.19655642101633,-6.47325967842882));
#4181=CARTESIAN_POINT('Origin',(-6.15000000000001,-0.943475882015722,-6.45166706906446));
#4182=CARTESIAN_POINT('',(-6.15000000000001,-1.25063893942643,-5.83937459864162));
#4183=CARTESIAN_POINT('',(-6.15000000000001,-1.621457571635,-1.49311992755313));
#4184=CARTESIAN_POINT('',(-6.15000000000001,-1.61143227791009,-5.39580297837619));
#4185=CARTESIAN_POINT('Origin',(-6.15000000000001,-1.75680001742764,-5.88255981737032));
#4186=CARTESIAN_POINT('',(-6.15000000000001,-1.86789731685178,-5.3124724358289));
#4187=CARTESIAN_POINT('Origin',(-6.15000000000001,0.,0.));
#4188=CARTESIAN_POINT('',(-6.15000000000001,-2.42051011586983,-5.45926041135998));
#4189=CARTESIAN_POINT('Origin',(-6.15000000000001,-2.03640083656146,-5.7917120041509));
#4190=CARTESIAN_POINT('',(-6.15000000000001,-2.83685209390936,-5.94029530666025));
#4191=CARTESIAN_POINT('',(-6.15000000000001,-1.72958807214193,-4.66098007813415));
#4192=CARTESIAN_POINT('',(-6.15000000000001,-3.14689880974247,-5.99900032175799));
#4193=CARTESIAN_POINT('Origin',(-6.15000000000001,-3.02890673356352,-5.77406951026481));
#4194=CARTESIAN_POINT('',(-6.15000000000001,-3.62183727108227,-5.72479447325496));
#4195=CARTESIAN_POINT('Origin',(-6.15000000000001,0.,0.));
#4196=CARTESIAN_POINT('',(-6.15000000000001,-3.72602059459463,-5.42693363343467));
#4197=CARTESIAN_POINT('Origin',(-6.15000000000001,-3.48603751232477,-5.51014493209213));
#4198=CARTESIAN_POINT('',(-6.15000000000001,-3.51760314417756,-4.82585345614046));
#4199=CARTESIAN_POINT('',(-6.15000000000001,-2.0885817863699,-0.704526717955151));
#4200=CARTESIAN_POINT('',(-6.15000000000001,-3.66678742790656,-4.27388274596885));
#4201=CARTESIAN_POINT('Origin',(-6.15000000000001,-3.99756930871727,-4.65943085882551));
#4202=CARTESIAN_POINT('',(-6.15000000000001,-3.86718631413451,-4.09344277833642));
#4203=CARTESIAN_POINT('Origin',(-6.15000000000001,0.,0.));
#4204=CARTESIAN_POINT('',(-6.15000000000001,-4.43172727492401,-4.00277239182607));
#4205=CARTESIAN_POINT('Origin',(-6.15000000000001,-4.21604623241048,-4.4627133531464));
#4206=CARTESIAN_POINT('',(-6.15000000000001,-5.00772911630472,-4.27287809687589));
#4207=CARTESIAN_POINT('',(-6.15000000000001,-3.47584871732155,-3.55453033217516));
#4208=CARTESIAN_POINT('',(-6.15000000000001,-5.31484836598363,-4.20040043636462));
#4209=CARTESIAN_POINT('Origin',(-6.15000000000001,-5.1155696375615,-4.04290761621574));
#4210=CARTESIAN_POINT('',(-6.15000000000001,-5.63719667366848,-3.75672605357272));
#4211=CARTESIAN_POINT('Origin',(-6.15000000000001,0.,0.));
#4212=CARTESIAN_POINT('',(-6.15000000000001,-5.61122195753308,-3.44224146107537));
#4213=CARTESIAN_POINT('Origin',(-6.15000000000001,-5.4258315870963,-3.61586867826586));
#4214=CARTESIAN_POINT('',(-6.15000000000001,-5.17634180887906,-2.97789840957029));
#4215=CARTESIAN_POINT('',(-6.15000000000001,-2.19457123607158,0.205885561601575));
#4216=CARTESIAN_POINT('',(-6.15000000000001,-5.08812171990001,-2.41296935977766));
#4217=CARTESIAN_POINT('Origin',(-6.15000000000001,-5.54712254975263,-2.63064397518931));
#4218=CARTESIAN_POINT('',(-6.15000000000001,-5.19780366541866,-2.1666196767094));
#4219=CARTESIAN_POINT('Origin',(-6.15000000000001,0.,0.));
#4220=CARTESIAN_POINT('',(-6.15000000000001,-5.6766585271655,-1.85416866169986));
#4221=CARTESIAN_POINT('Origin',(-6.15000000000001,-5.66669893309811,-2.36207102090487));
#4222=CARTESIAN_POINT('',(-6.15000000000001,-6.31272428070018,-1.8666414462628));
#4223=CARTESIAN_POINT('',(-6.15000000000001,-4.621103542182,-1.83346999988875));
#4224=CARTESIAN_POINT('',(-6.15000000000001,-6.56381235586463,-1.67551315608382));
#4225=CARTESIAN_POINT('Origin',(-6.15000000000001,-6.31770407773388,-1.6126902666603));
#4226=CARTESIAN_POINT('',(-6.15000000000001,-6.67783355905339,-1.13908557044296));
#4227=CARTESIAN_POINT('Origin',(-6.15000000000001,0.,0.));
#4228=CARTESIAN_POINT('',(-6.15000000000001,-6.52619206766291,-0.862354468314205));
#4229=CARTESIAN_POINT('Origin',(-6.15000000000001,-6.42745008832636,-1.09637588083174));
#4230=CARTESIAN_POINT('',(-6.15000000000001,-5.94004394923635,-0.615037674627669));
#4231=CARTESIAN_POINT('',(-6.15000000000001,-1.9210993820027,1.08069835714578));
#4232=CARTESIAN_POINT('',(-6.15000000000001,-5.62967354238803,-0.134831650142453));
#4233=CARTESIAN_POINT('Origin',(-6.15000000000001,-6.13752790790942,-0.146994849592603));
#4234=CARTESIAN_POINT('',(-6.15000000000001,-5.62967354238803,0.13483165014253));
#4235=CARTESIAN_POINT('Origin',(-6.15000000000001,0.,0.));
#4236=CARTESIAN_POINT('',(-6.15000000000001,-5.94004394923632,0.615037674627751));
#4237=CARTESIAN_POINT('Origin',(-6.15000000000001,-6.13752790790942,0.146994849592686));
#4238=CARTESIAN_POINT('',(-6.15000000000001,-6.52619206766289,0.862354468314294));
#4239=CARTESIAN_POINT('',(-6.15000000000001,-4.96732758319144,0.204613951930446));
#4240=CARTESIAN_POINT('',(-6.15000000000001,-6.67783355905339,1.13908557044305));
#4241=CARTESIAN_POINT('Origin',(-6.15000000000001,-6.42745008832636,1.09637588083183));
#4242=CARTESIAN_POINT('',(-6.15000000000001,-6.5638123558646,1.67551315608391));
#4243=CARTESIAN_POINT('Origin',(-6.15000000000001,0.,0.));
#4244=CARTESIAN_POINT('',(-6.15000000000001,-6.31272428070015,1.86664144626289));
#4245=CARTESIAN_POINT('Origin',(-6.15000000000001,-6.31770407773386,1.61269026666039));
#4246=CARTESIAN_POINT('',(-6.15000000000001,-5.67665852716547,1.85416866169994));
#4247=CARTESIAN_POINT('',(-6.15000000000001,-1.31545199214556,1.76864858890312));
#4248=CARTESIAN_POINT('',(-6.15000000000001,-5.19780366541864,2.16661967670947));
#4249=CARTESIAN_POINT('Origin',(-6.15000000000001,-5.66669893309809,2.36207102090494));
#4250=CARTESIAN_POINT('',(-6.15000000000001,-5.08812171989996,2.41296935977773));
#4251=CARTESIAN_POINT('Origin',(-6.15000000000001,0.,0.));
#4252=CARTESIAN_POINT('',(-6.15000000000001,-5.17634180887902,2.97789840957036));
#4253=CARTESIAN_POINT('Origin',(-6.15000000000001,-5.54712254975257,2.63064397518939));
#4254=CARTESIAN_POINT('',(-6.15000000000001,-5.61122195753303,3.44224146107545));
#4255=CARTESIAN_POINT('',(-6.15000000000001,-4.45465555831267,2.20731829260147));
#4256=CARTESIAN_POINT('',(-6.15000000000001,-5.63719667366843,3.75672605357279));
#4257=CARTESIAN_POINT('Origin',(-6.15000000000001,-5.42583158709625,3.61586867826593));
#4258=CARTESIAN_POINT('',(-6.15000000000001,-5.31484836598358,4.2004004363647));
#4259=CARTESIAN_POINT('Origin',(-6.15000000000001,0.,0.));
#4260=CARTESIAN_POINT('',(-6.15000000000001,-5.00772911630467,4.27287809687597));
#4261=CARTESIAN_POINT('Origin',(-6.15000000000001,-5.11556963756145,4.04290761621579));
#4262=CARTESIAN_POINT('',(-6.15000000000001,-4.43172727492396,4.00277239182615));
#4263=CARTESIAN_POINT('',(-6.15000000000001,-0.48235100234028,2.1507834119711));
#4264=CARTESIAN_POINT('',(-6.15000000000001,-3.86718631413446,4.09344277833647));
#4265=CARTESIAN_POINT('Origin',(-6.15000000000001,-4.21604623241041,4.46271335314648));
#4266=CARTESIAN_POINT('',(-6.15000000000001,-3.66678742790651,4.2738827459689));
#4267=CARTESIAN_POINT('Origin',(-6.15000000000001,0.,0.));
#4268=CARTESIAN_POINT('',(-6.15000000000001,-3.51760314417751,4.82585345614051));
#4269=CARTESIAN_POINT('Origin',(-6.15000000000001,-3.9975693087172,4.65943085882556));
#4270=CARTESIAN_POINT('',(-6.15000000000001,-3.72602059459455,5.42693363343472));
#4271=CARTESIAN_POINT('',(-6.15000000000001,-3.17173311812636,3.82835724762455));
#4272=CARTESIAN_POINT('',(-6.15000000000001,-3.62183727108219,5.72479447325501));
#4273=CARTESIAN_POINT('Origin',(-6.15000000000001,-3.4860375123247,5.51014493209219));
#4274=CARTESIAN_POINT('',(-6.15000000000001,-3.1468988097424,5.99900032175804));
#4275=CARTESIAN_POINT('Origin',(-6.15000000000001,0.,0.));
#4276=CARTESIAN_POINT('',(-6.15000000000001,-2.83685209390928,5.9402953066603));
#4277=CARTESIAN_POINT('Origin',(-6.15000000000001,-3.02890673356344,5.77406951026486));
#4278=CARTESIAN_POINT('',(-6.15000000000001,-2.42051011586976,5.45926041136003));
#4279=CARTESIAN_POINT('',(-6.15000000000001,0.434152857790925,2.16102824385539));
#4280=CARTESIAN_POINT('',(-6.15000000000001,-1.86789731685171,5.31247243582893));
#4281=CARTESIAN_POINT('Origin',(-6.15000000000001,-2.03640083656139,5.79171200415092));
#4282=CARTESIAN_POINT('',(-6.15000000000001,-1.61143227791002,5.39580297837622));
#4283=CARTESIAN_POINT('Origin',(-6.15000000000001,0.,0.));
#4284=CARTESIAN_POINT('',(-6.15000000000001,-1.25063893942635,5.83937459864164));
#4285=CARTESIAN_POINT('Origin',(-6.15000000000001,-1.75680001742756,5.88255981737035));
#4286=CARTESIAN_POINT('',(-6.15000000000001,-1.19655642101624,6.47325967842884));
#4287=CARTESIAN_POINT('',(-6.15000000000001,-1.34038920752522,4.7874384549996));
#4288=CARTESIAN_POINT('',(-6.15000000000001,-0.980229300967167,6.70299392038636));
#4289=CARTESIAN_POINT('Origin',(-6.15000000000001,-0.943475882015636,6.45166706906446));
#4290=CARTESIAN_POINT('',(-6.15000000000001,-0.434821860618547,6.76031855231241));
#4291=CARTESIAN_POINT('Origin',(-6.15000000000001,0.,0.));
#4292=CARTESIAN_POINT('',(-6.15000000000001,-0.175457572484768,6.58058149203439));
#4293=CARTESIAN_POINT('Origin',(-6.15000000000001,-0.418518338578522,6.50684233021438));
#4294=CARTESIAN_POINT('',(-6.15000000000001,0.00923523186241115,5.97179270994591));
#4295=CARTESIAN_POINT('',(-6.15000000000001,1.27558774465519,1.79761166005181));
#4296=CARTESIAN_POINT('',(-6.15000000000001,0.454368095829103,5.61292734686959));
#4297=CARTESIAN_POINT('Origin',(-6.15000000000001,0.495356764049918,6.11927103358593));
#4298=CARTESIAN_POINT('',(-6.15000000000001,0.722554152339785,5.58473985649112));
#4299=CARTESIAN_POINT('Origin',(-6.15000000000001,0.,0.));
#4300=CARTESIAN_POINT('',(-6.15000000000001,1.2325720996497,5.8432148239848));
#4301=CARTESIAN_POINT('Origin',(-6.15000000000001,0.787735956902421,6.08854074211357));
#4302=CARTESIAN_POINT('',(-6.15000000000001,1.5398032281296,6.4003003173046));
#4303=CARTESIAN_POINT('',(-6.15000000000001,0.722720174110703,4.91872806099222));
#4304=CARTESIAN_POINT('',(-6.15000000000001,1.83086922038871,6.52218482389484));
#4305=CARTESIAN_POINT('Origin',(-6.15000000000001,1.76222129950325,6.27763735824023));
#4306=CARTESIAN_POINT('',(-6.15000000000001,2.35243973843883,6.35271628960597));
#4307=CARTESIAN_POINT('Origin',(-6.15000000000001,0.,0.));
#4308=CARTESIAN_POINT('',(-6.15000000000001,2.51627515720436,6.08302535472966));
#4309=CARTESIAN_POINT('Origin',(-6.15000000000001,2.26423567926638,6.11452299846302));
#4310=CARTESIAN_POINT('',(-6.15000000000001,2.43738372410612,5.45174779694854));
#4311=CARTESIAN_POINT('',(-6.15000000000001,1.89646192211771,1.12337168943602));
#4312=CARTESIAN_POINT('',(-6.15000000000001,2.69806913693651,4.94285612779238));
#4313=CARTESIAN_POINT('Origin',(-6.15000000000001,2.94146267998208,5.38875250948181));
#4314=CARTESIAN_POINT('',(-6.15000000000001,2.93160440545165,4.8080244776499));
#4315=CARTESIAN_POINT('Origin',(-6.15000000000001,0.,0.));
#4316=CARTESIAN_POINT('',(-6.15000000000001,3.50266022513034,4.83671012232081));
#4317=CARTESIAN_POINT('Origin',(-6.15000000000001,3.19606522792747,5.24175765988916));
#4318=CARTESIAN_POINT('',(-6.15000000000001,4.00991691045867,5.2206708864154));
#4319=CARTESIAN_POINT('',(-6.15000000000001,2.66086467193624,4.19952489999769));
#4320=CARTESIAN_POINT('',(-6.15000000000001,4.32539382061469,5.21363071916292));
#4321=CARTESIAN_POINT('Origin',(-6.15000000000001,4.16321440906009,5.01814711763121));
#4322=CARTESIAN_POINT('',(-6.15000000000001,4.73294313547603,4.84667166781096));
#4323=CARTESIAN_POINT('Origin',(-6.15000000000001,0.,0.));
#4324=CARTESIAN_POINT('',(-6.15000000000001,4.77292105257068,4.53365887104172));
#4325=CARTESIAN_POINT('Origin',(-6.15000000000001,4.55548277823075,4.66494709157984));
#4326=CARTESIAN_POINT('',(-6.15000000000001,4.4440864275159,3.98904616228486));
#4327=CARTESIAN_POINT('',(-6.15000000000001,2.18942060443039,0.254890548205336));
#4328=CARTESIAN_POINT('',(-6.15000000000001,4.47524951307896,3.41812017978166));
#4329=CARTESIAN_POINT('Origin',(-6.15000000000001,4.87896297619578,3.72646972120862));
#4330=CARTESIAN_POINT('',(-6.15000000000001,4.63375362407099,3.19995798709188));
#4331=CARTESIAN_POINT('Origin',(-6.15000000000001,0.,0.));
#4332=CARTESIAN_POINT('',(-6.15000000000001,5.16710657701672,2.99389430037552));
#4333=CARTESIAN_POINT('Origin',(-6.15000000000001,5.05176578570278,3.48862705839655));
#4334=CARTESIAN_POINT('',(-6.15000000000001,5.78667953001795,3.1383400309589));
#4335=CARTESIAN_POINT('',(-6.15000000000001,4.13892149478732,2.75418573230756));
#4336=CARTESIAN_POINT('',(-6.15000000000001,6.07201853428713,3.00359249873959));
#4337=CARTESIAN_POINT('Origin',(-6.15000000000001,5.84434992567492,2.8909736519484));
#4338=CARTESIAN_POINT('',(-6.15000000000001,6.29507766695085,2.5025934840217));
#4339=CARTESIAN_POINT('Origin',(-6.15000000000001,0.,0.));
#4340=CARTESIAN_POINT('',(-6.15000000000001,6.204285537321,2.20038158155291));
#4341=CARTESIAN_POINT('Origin',(-6.15000000000001,6.05904551957716,2.40875945284871));
#4342=CARTESIAN_POINT('',(-6.15000000000001,5.6823662143504,1.83660220681552));
#4343=CARTESIAN_POINT('',(-6.15000000000001,2.1038085739753,-0.657663484417962));
#4344=CARTESIAN_POINT('Origin',(-6.15000000000001,5.97284624983807,1.41984646422391));
#4345=CARTESIAN_POINT('',(-6.15000000000001,-1.11022302462516E-15,-4.99999999999999));
#4346=CARTESIAN_POINT('Origin',(-6.15000000000001,0.,0.));
#4347=CARTESIAN_POINT('Origin',(-7.65000000000001,0.,0.));
#4348=CARTESIAN_POINT('',(-7.65000000000001,-6.12323399573678E-16,-4.99999999999999));
#4349=CARTESIAN_POINT('Origin',(-7.65000000000001,0.,0.));
#4350=CARTESIAN_POINT('Origin',(0.,-6.99999999999999,0.));
#4351=CARTESIAN_POINT('',(-7.78845312336962E-17,-6.67917444975899,1.13029999999999));
#4352=CARTESIAN_POINT('',(-1.38421827707624E-16,-6.99999999999999,1.13029999999999));
#4353=CARTESIAN_POINT('',(-0.730700253851299,-6.52619206766289,0.862354468314294));
#4354=CARTESIAN_POINT('Ctrl Pts',(-0.730700253851306,-6.52619206766289,
0.862354468314289));
#4355=CARTESIAN_POINT('Ctrl Pts',(-0.722836635989466,-6.54198379396819,
0.869017560788394));
#4356=CARTESIAN_POINT('Ctrl Pts',(-0.713228483657291,-6.55623149722993,
0.876956708931811));
#4357=CARTESIAN_POINT('Ctrl Pts',(-0.686685431117728,-6.5878436043825,0.89804040063124));
#4358=CARTESIAN_POINT('Ctrl Pts',(-0.663748484717177,-6.60655404683508,
0.915243316468845));
#4359=CARTESIAN_POINT('Ctrl Pts',(-0.599670108859952,-6.64503712788628,
0.959536880872939));
#4360=CARTESIAN_POINT('Ctrl Pts',(-0.541012450134182,-6.66142348074211,
0.994095096766709));
#4361=CARTESIAN_POINT('Ctrl Pts',(-0.346219722597391,-6.69126947940546,
1.0875434814047));
#4362=CARTESIAN_POINT('Ctrl Pts',(-0.159745770881697,-6.67917444975899,
1.13029999999999));
#4363=CARTESIAN_POINT('Ctrl Pts',(-1.21430643318376E-16,-6.67917444975899,
1.13029999999999));
#4364=CARTESIAN_POINT('',(-0.948317852193276,-5.94004394923632,0.615037674627751));
#4365=CARTESIAN_POINT('Origin',(4.304098744079E-11,-4.48238646309281,-3.70076191913426E-11));
#4366=CARTESIAN_POINT('',(-1.12222926183549,-5.62967354238803,0.13483165014253));
#4367=CARTESIAN_POINT('Ctrl Pts',(-1.12222926183549,-5.62967354238803,0.13483165014253));
#4368=CARTESIAN_POINT('Ctrl Pts',(-1.12174014061173,-5.62957604008248,0.138902698366827));
#4369=CARTESIAN_POINT('Ctrl Pts',(-1.12123043671782,-5.62952790790942,0.142957947384273));
#4370=CARTESIAN_POINT('Ctrl Pts',(-1.11197683760475,-5.62952790790942,0.213508155661486));
#4371=CARTESIAN_POINT('Ctrl Pts',(-1.09631744614804,-5.64330584631023,0.282867602643209));
#4372=CARTESIAN_POINT('Ctrl Pts',(-1.05598902704092,-5.6966541178941,0.408427707241692));
#4373=CARTESIAN_POINT('Ctrl Pts',(-1.03153818389566,-5.73614663164381,0.464731379270519));
#4374=CARTESIAN_POINT('Ctrl Pts',(-0.987653587198036,-5.82455214504451,
0.551723570800688));
#4375=CARTESIAN_POINT('Ctrl Pts',(-0.964962037351911,-5.87922085462175,
0.589374242008447));
#4376=CARTESIAN_POINT('Ctrl Pts',(-0.948317852193279,-5.94004394923633,
0.615037674627748));
#4377=CARTESIAN_POINT('',(-1.1222292618355,-5.62967354238803,-0.134831650142457));
#4378=CARTESIAN_POINT('Origin',(-0.0433422831437,-5.41383291935546,1.12757025938493E-14));
#4379=CARTESIAN_POINT('',(-0.948317852193329,-5.94004394923635,-0.615037674627669));
#4380=CARTESIAN_POINT('Ctrl Pts',(-0.948317852193328,-5.94004394923635,
-0.615037674627674));
#4381=CARTESIAN_POINT('Ctrl Pts',(-0.964962037351957,-5.87922085462176,
-0.589374242008372));
#4382=CARTESIAN_POINT('Ctrl Pts',(-0.98765358719808,-5.82455214504451,-0.551723570800609));
#4383=CARTESIAN_POINT('Ctrl Pts',(-1.0315381838957,-5.7361466316438,-0.464731379270434));
#4384=CARTESIAN_POINT('Ctrl Pts',(-1.05598902704095,-5.6966541178941,-0.408427707241608));
#4385=CARTESIAN_POINT('Ctrl Pts',(-1.09631744614806,-5.64330584631023,-0.282867602643125));
#4386=CARTESIAN_POINT('Ctrl Pts',(-1.11197683760477,-5.62952790790942,-0.213508155661401));
#4387=CARTESIAN_POINT('Ctrl Pts',(-1.12123043671783,-5.62952790790942,-0.142957947384193));
#4388=CARTESIAN_POINT('Ctrl Pts',(-1.12174014061173,-5.62957604008248,-0.138902698366751));
#4389=CARTESIAN_POINT('Ctrl Pts',(-1.1222292618355,-5.62967354238803,-0.134831650142457));
#4390=CARTESIAN_POINT('',(-0.730700253851401,-6.52619206766291,-0.862354468314205));
#4391=CARTESIAN_POINT('Origin',(4.3451353626267E-12,-4.48238646317102,4.03656275071995E-12));
#4392=CARTESIAN_POINT('',(0.730700253851408,-6.52619206766291,-0.862354468314205));
#4393=CARTESIAN_POINT('Ctrl Pts',(0.730700253851402,-6.52619206766291,-0.862354468314207));
#4394=CARTESIAN_POINT('Ctrl Pts',(0.722836635989562,-6.5419837939682,-0.869017560788315));
#4395=CARTESIAN_POINT('Ctrl Pts',(0.713228483657386,-6.55623149722995,-0.876956708931734));
#4396=CARTESIAN_POINT('Ctrl Pts',(0.686685431117821,-6.58784360438252,-0.898040400631169));
#4397=CARTESIAN_POINT('Ctrl Pts',(0.663748484717268,-6.60655404683511,-0.915243316468779));
#4398=CARTESIAN_POINT('Ctrl Pts',(0.599670108860039,-6.64503712788631,-0.959536880872884));
#4399=CARTESIAN_POINT('Ctrl Pts',(0.541012450134265,-6.66142348074213,-0.994095096766665));
#4400=CARTESIAN_POINT('Ctrl Pts',(0.346219722597449,-6.69126947940547,-1.08754348140468));
#4401=CARTESIAN_POINT('Ctrl Pts',(0.159745770881725,-6.67917444975898,-1.13029999999999));
#4402=CARTESIAN_POINT('Ctrl Pts',(-0.159745770881725,-6.67917444975898,
-1.13029999999999));
#4403=CARTESIAN_POINT('Ctrl Pts',(-0.346219722597449,-6.69126947940547,
-1.08754348140468));
#4404=CARTESIAN_POINT('Ctrl Pts',(-0.541012450134265,-6.66142348074213,
-0.994095096766664));
#4405=CARTESIAN_POINT('Ctrl Pts',(-0.599670108860039,-6.64503712788631,
-0.959536880872885));
#4406=CARTESIAN_POINT('Ctrl Pts',(-0.663748484717268,-6.60655404683511,
-0.915243316468779));
#4407=CARTESIAN_POINT('Ctrl Pts',(-0.68668543111782,-6.58784360438252,-0.898040400631169));
#4408=CARTESIAN_POINT('Ctrl Pts',(-0.713228483657385,-6.55623149722995,
-0.876956708931734));
#4409=CARTESIAN_POINT('Ctrl Pts',(-0.72283663598956,-6.5419837939682,-0.869017560788316));
#4410=CARTESIAN_POINT('Ctrl Pts',(-0.730700253851401,-6.52619206766291,
-0.862354468314209));
#4411=CARTESIAN_POINT('',(0.948317852193332,-5.94004394923635,-0.615037674627669));
#4412=CARTESIAN_POINT('Origin',(1.71011815819355E-11,-4.48238646321704,
-1.53423107551731E-11));
#4413=CARTESIAN_POINT('',(1.1222292618355,-5.62967354238803,-0.134831650142457));
#4414=CARTESIAN_POINT('Ctrl Pts',(1.1222292618355,-5.62967354238803,-0.134831650142457));
#4415=CARTESIAN_POINT('Ctrl Pts',(1.12174014061173,-5.62957604008248,-0.138902698366751));
#4416=CARTESIAN_POINT('Ctrl Pts',(1.12123043671783,-5.62952790790942,-0.142957947384193));
#4417=CARTESIAN_POINT('Ctrl Pts',(1.11197683760477,-5.62952790790942,-0.213508155661401));
#4418=CARTESIAN_POINT('Ctrl Pts',(1.09631744614806,-5.64330584631023,-0.282867602643125));
#4419=CARTESIAN_POINT('Ctrl Pts',(1.05598902704095,-5.6966541178941,-0.408427707241608));
#4420=CARTESIAN_POINT('Ctrl Pts',(1.0315381838957,-5.7361466316438,-0.464731379270434));
#4421=CARTESIAN_POINT('Ctrl Pts',(0.98765358719808,-5.82455214504451,-0.551723570800608));
#4422=CARTESIAN_POINT('Ctrl Pts',(0.964962037351956,-5.87922085462176,-0.589374242008373));
#4423=CARTESIAN_POINT('Ctrl Pts',(0.948317852193328,-5.94004394923635,-0.615037674627674));
#4424=CARTESIAN_POINT('',(1.12222926183549,-5.62967354238803,0.13483165014253));
#4425=CARTESIAN_POINT('Origin',(0.0433422831436952,-5.41383291935546,-4.16333634234434E-16));
#4426=CARTESIAN_POINT('',(0.948317852193284,-5.94004394923632,0.615037674627751));
#4427=CARTESIAN_POINT('Ctrl Pts',(0.94831785219328,-5.94004394923632,0.615037674627747));
#4428=CARTESIAN_POINT('Ctrl Pts',(0.964962037351912,-5.87922085462175,0.589374242008446));
#4429=CARTESIAN_POINT('Ctrl Pts',(0.987653587198036,-5.82455214504451,0.551723570800687));
#4430=CARTESIAN_POINT('Ctrl Pts',(1.03153818389566,-5.73614663164381,0.464731379270519));
#4431=CARTESIAN_POINT('Ctrl Pts',(1.05598902704092,-5.6966541178941,0.408427707241692));
#4432=CARTESIAN_POINT('Ctrl Pts',(1.09631744614804,-5.64330584631023,0.282867602643209));
#4433=CARTESIAN_POINT('Ctrl Pts',(1.11197683760475,-5.62952790790942,0.213508155661486));
#4434=CARTESIAN_POINT('Ctrl Pts',(1.12123043671782,-5.62952790790942,0.142957947384273));
#4435=CARTESIAN_POINT('Ctrl Pts',(1.12174014061173,-5.62957604008248,0.138902698366827));
#4436=CARTESIAN_POINT('Ctrl Pts',(1.12222926183549,-5.62967354238803,0.13483165014253));
#4437=CARTESIAN_POINT('',(0.730700253851302,-6.52619206766289,0.862354468314294));
#4438=CARTESIAN_POINT('Origin',(6.92626511700211E-12,-4.48238646319502,
6.11719008780653E-12));
#4439=CARTESIAN_POINT('Ctrl Pts',(-1.73472347597681E-17,-6.67917444975899,
1.13029999999999));
#4440=CARTESIAN_POINT('Ctrl Pts',(0.159745770881697,-6.67917444975899,1.13029999999999));
#4441=CARTESIAN_POINT('Ctrl Pts',(0.346219722597391,-6.69126947940546,1.0875434814047));
#4442=CARTESIAN_POINT('Ctrl Pts',(0.541012450134182,-6.66142348074211,0.994095096766709));
#4443=CARTESIAN_POINT('Ctrl Pts',(0.599670108859952,-6.64503712788628,0.959536880872939));
#4444=CARTESIAN_POINT('Ctrl Pts',(0.663748484717176,-6.60655404683508,0.915243316468845));
#4445=CARTESIAN_POINT('Ctrl Pts',(0.686685431117727,-6.5878436043825,0.89804040063124));
#4446=CARTESIAN_POINT('Ctrl Pts',(0.713228483657291,-6.55623149722993,0.876956708931811));
#4447=CARTESIAN_POINT('Ctrl Pts',(0.722836635989467,-6.54198379396818,0.869017560788394));
#4448=CARTESIAN_POINT('Ctrl Pts',(0.730700253851307,-6.52619206766289,0.862354468314288));
#4449=CARTESIAN_POINT('Origin',(5.65000000000001,0.,0.));
#4450=CARTESIAN_POINT('',(4.15000000000001,-6.12323399573678E-16,-4.99999999999999));
#4451=CARTESIAN_POINT('Origin',(4.15000000000001,0.,0.));
#4452=CARTESIAN_POINT('',(5.65000000000001,-6.12323399573678E-16,-4.99999999999999));
#4453=CARTESIAN_POINT('',(5.65000000000001,-6.12323399573675E-16,-4.99999999999999));
#4454=CARTESIAN_POINT('Origin',(5.65000000000001,0.,0.));
#4455=CARTESIAN_POINT('Origin',(5.65000000000001,0.,0.));
#4456=CARTESIAN_POINT('',(5.65000000000001,-6.12323399573675E-16,-4.99999999999999));
#4457=CARTESIAN_POINT('Origin',(4.15000000000001,5.84434992567492,2.8909736519484));
#4458=CARTESIAN_POINT('',(4.15000000000001,6.07201853428713,3.00359249873959));
#4459=CARTESIAN_POINT('',(4.15000000000001,5.78667953001795,3.1383400309589));
#4460=CARTESIAN_POINT('Origin',(4.15000000000001,5.84434992567492,2.8909736519484));
#4461=CARTESIAN_POINT('',(4.15000000000001,6.07201853428713,3.00359249873959));
#4462=CARTESIAN_POINT('',(4.15000000000001,5.78667953001795,3.1383400309589));
#4463=CARTESIAN_POINT('Origin',(4.15000000000001,4.16321440906009,5.01814711763121));
#4464=CARTESIAN_POINT('',(4.15000000000001,4.32539382061469,5.21363071916292));
#4465=CARTESIAN_POINT('',(4.15000000000001,4.00991691045867,5.2206708864154));
#4466=CARTESIAN_POINT('Origin',(4.15000000000001,4.16321440906009,5.01814711763121));
#4467=CARTESIAN_POINT('',(4.15000000000001,4.32539382061469,5.21363071916292));
#4468=CARTESIAN_POINT('',(4.15000000000001,4.00991691045867,5.2206708864154));
#4469=CARTESIAN_POINT('Origin',(4.15000000000001,1.76222129950325,6.27763735824023));
#4470=CARTESIAN_POINT('',(4.15000000000001,1.83086922038871,6.52218482389484));
#4471=CARTESIAN_POINT('',(4.15000000000001,1.5398032281296,6.4003003173046));
#4472=CARTESIAN_POINT('Origin',(4.15000000000001,1.76222129950325,6.27763735824023));
#4473=CARTESIAN_POINT('',(4.15000000000001,1.83086922038871,6.52218482389484));
#4474=CARTESIAN_POINT('',(4.15000000000001,1.5398032281296,6.4003003173046));
#4475=CARTESIAN_POINT('Origin',(4.15000000000001,-0.418518338578522,6.50684233021438));
#4476=CARTESIAN_POINT('',(4.15000000000001,-0.175457572484769,6.58058149203439));
#4477=CARTESIAN_POINT('',(4.15000000000001,-0.434821860618548,6.76031855231241));
#4478=CARTESIAN_POINT('Origin',(4.15000000000001,-0.418518338578522,6.50684233021438));
#4479=CARTESIAN_POINT('',(4.15000000000001,-0.175457572484769,6.58058149203439));
#4480=CARTESIAN_POINT('',(4.15000000000001,-0.434821860618548,6.76031855231241));
#4481=CARTESIAN_POINT('Origin',(4.15000000000001,-3.02890673356344,5.77406951026486));
#4482=CARTESIAN_POINT('',(4.15000000000001,-2.83685209390928,5.9402953066603));
#4483=CARTESIAN_POINT('',(4.15000000000001,-3.1468988097424,5.99900032175804));
#4484=CARTESIAN_POINT('Origin',(4.15000000000001,-3.02890673356344,5.77406951026486));
#4485=CARTESIAN_POINT('',(4.15000000000001,-2.83685209390928,5.9402953066603));
#4486=CARTESIAN_POINT('',(4.15000000000001,-3.1468988097424,5.99900032175804));
#4487=CARTESIAN_POINT('Origin',(4.15000000000001,-5.11556963756145,4.04290761621579));
#4488=CARTESIAN_POINT('',(4.15000000000001,-5.00772911630467,4.27287809687597));
#4489=CARTESIAN_POINT('',(4.15000000000001,-5.31484836598358,4.2004004363647));
#4490=CARTESIAN_POINT('Origin',(4.15000000000001,-5.11556963756145,4.04290761621579));
#4491=CARTESIAN_POINT('',(4.15000000000001,-5.00772911630467,4.27287809687597));
#4492=CARTESIAN_POINT('',(4.15000000000001,-5.31484836598358,4.2004004363647));
#4493=CARTESIAN_POINT('Origin',(4.15000000000001,-6.31770407773386,1.61269026666039));
#4494=CARTESIAN_POINT('',(4.15000000000001,-6.31272428070015,1.86664144626289));
#4495=CARTESIAN_POINT('',(4.15000000000001,-6.5638123558646,1.67551315608391));
#4496=CARTESIAN_POINT('Origin',(4.15000000000001,-6.31770407773386,1.61269026666039));
#4497=CARTESIAN_POINT('',(4.15000000000001,-6.31272428070015,1.86664144626289));
#4498=CARTESIAN_POINT('',(4.15000000000001,-6.5638123558646,1.67551315608391));
#4499=CARTESIAN_POINT('Origin',(4.15000000000001,-5.66669893309811,-2.36207102090487));
#4500=CARTESIAN_POINT('',(4.15000000000001,-5.6766585271655,-1.85416866169986));
#4501=CARTESIAN_POINT('',(4.15000000000001,-5.19780366541867,-2.1666196767094));
#4502=CARTESIAN_POINT('Origin',(4.15000000000001,-5.66669893309811,-2.36207102090487));
#4503=CARTESIAN_POINT('',(4.15000000000001,-5.6766585271655,-1.85416866169986));
#4504=CARTESIAN_POINT('',(4.15000000000001,-5.19780366541867,-2.1666196767094));
#4505=CARTESIAN_POINT('Origin',(4.15000000000001,-4.21604623241048,-4.4627133531464));
#4506=CARTESIAN_POINT('',(4.15000000000001,-4.43172727492401,-4.00277239182607));
#4507=CARTESIAN_POINT('',(4.15000000000001,-3.86718631413451,-4.09344277833642));
#4508=CARTESIAN_POINT('Origin',(4.15000000000001,-4.21604623241048,-4.4627133531464));
#4509=CARTESIAN_POINT('',(4.15000000000001,-4.43172727492401,-4.00277239182607));
#4510=CARTESIAN_POINT('',(4.15000000000001,-3.86718631413451,-4.09344277833642));
#4511=CARTESIAN_POINT('Origin',(4.15000000000001,-2.03640083656146,-5.7917120041509));
#4512=CARTESIAN_POINT('',(4.15000000000001,-2.42051011586983,-5.45926041135998));
#4513=CARTESIAN_POINT('',(4.15000000000001,-1.86789731685178,-5.3124724358289));
#4514=CARTESIAN_POINT('Origin',(4.15000000000001,-2.03640083656146,-5.7917120041509));
#4515=CARTESIAN_POINT('',(4.15000000000001,-2.42051011586983,-5.45926041135998));
#4516=CARTESIAN_POINT('',(4.15000000000001,-1.86789731685178,-5.3124724358289));
#4517=CARTESIAN_POINT('Origin',(4.15000000000001,0.787735956902339,-6.08854074211357));
#4518=CARTESIAN_POINT('',(4.15000000000001,0.722554152339712,-5.58473985649114));
#4519=CARTESIAN_POINT('',(4.15000000000001,1.23257209964963,-5.84321482398483));
#4520=CARTESIAN_POINT('Origin',(4.15000000000001,0.787735956902339,-6.08854074211357));
#4521=CARTESIAN_POINT('',(4.15000000000001,0.722554152339712,-5.58473985649114));
#4522=CARTESIAN_POINT('',(4.15000000000001,1.23257209964963,-5.84321482398483));
#4523=CARTESIAN_POINT('Origin',(4.15000000000001,3.1960652279274,-5.24175765988922));
#4524=CARTESIAN_POINT('',(4.15000000000001,2.93160440545157,-4.80802447764992));
#4525=CARTESIAN_POINT('',(4.15000000000001,3.50266022513026,-4.83671012232086));
#4526=CARTESIAN_POINT('Origin',(4.15000000000001,3.1960652279274,-5.24175765988922));
#4527=CARTESIAN_POINT('',(4.15000000000001,2.93160440545157,-4.80802447764992));
#4528=CARTESIAN_POINT('',(4.15000000000001,3.50266022513026,-4.83671012232086));
#4529=CARTESIAN_POINT('Origin',(4.15000000000001,5.05176578570276,-3.4886270583966));
#4530=CARTESIAN_POINT('',(4.15000000000001,4.63375362407094,-3.19995798709193));
#4531=CARTESIAN_POINT('',(4.15000000000001,5.1671065770167,-2.9938943003756));
#4532=CARTESIAN_POINT('Origin',(4.15000000000001,5.05176578570276,-3.4886270583966));
#4533=CARTESIAN_POINT('',(4.15000000000001,4.63375362407094,-3.19995798709193));
#4534=CARTESIAN_POINT('',(4.15000000000001,5.1671065770167,-2.9938943003756));
#4535=CARTESIAN_POINT('Origin',(4.15000000000001,-6.13752790790942,-0.146994849592603));
#4536=CARTESIAN_POINT('',(4.15000000000001,-5.94004394923635,-0.615037674627669));
#4537=CARTESIAN_POINT('',(4.15000000000001,-5.62967354238803,-0.134831650142453));
#4538=CARTESIAN_POINT('Origin',(4.15000000000001,-6.13752790790942,0.146994849592686));
#4539=CARTESIAN_POINT('',(4.15000000000001,-5.62967354238803,0.13483165014253));
#4540=CARTESIAN_POINT('',(4.15000000000001,-5.94004394923632,0.615037674627751));
#4541=CARTESIAN_POINT('Origin',(4.15000000000001,-1.9210993820027,1.08069835714578));
#4542=CARTESIAN_POINT('',(4.15000000000001,-6.52619206766291,-0.862354468314205));
#4543=CARTESIAN_POINT('',(4.15000000000001,-6.52619206766291,-0.862354468314205));
#4544=CARTESIAN_POINT('',(4.15000000000001,-5.94004394923635,-0.615037674627669));
#4545=CARTESIAN_POINT('',(4.15000000000001,-1.9210993820027,1.08069835714578));
#4546=CARTESIAN_POINT('',(4.15000000000001,-5.94004394923635,-0.615037674627669));
#4547=CARTESIAN_POINT('Origin',(4.15000000000001,-4.96732758319144,0.204613951930446));
#4548=CARTESIAN_POINT('',(4.15000000000001,-6.52619206766289,0.862354468314294));
#4549=CARTESIAN_POINT('',(4.15000000000001,-6.52619206766289,0.862354468314294));
#4550=CARTESIAN_POINT('',(4.15000000000001,-5.94004394923632,0.615037674627751));
#4551=CARTESIAN_POINT('',(4.15000000000001,-5.94004394923632,0.615037674627751));
#4552=CARTESIAN_POINT('',(4.15000000000001,-4.96732758319144,0.204613951930446));
#4553=CARTESIAN_POINT('Origin',(4.15000000000001,0.,0.));
#4554=CARTESIAN_POINT('Origin',(4.15000000000001,0.,0.));
#4555=CARTESIAN_POINT('',(4.15000000000001,-5.62967354238803,0.13483165014253));
#4556=CARTESIAN_POINT('',(4.15000000000001,-5.62967354238803,0.13483165014253));
#4557=CARTESIAN_POINT('',(4.15000000000001,-5.62967354238803,-0.134831650142453));
#4558=CARTESIAN_POINT('',(4.15000000000001,-5.62967354238803,-0.134831650142453));
#4559=CARTESIAN_POINT('Origin',(4.15000000000001,0.,0.));
#4560=CARTESIAN_POINT('Origin',(4.15000000000001,-6.13752790790942,-0.146994849592603));
#4561=CARTESIAN_POINT('Origin',(4.15000000000001,-6.13752790790942,-0.146994849592603));
#4562=CARTESIAN_POINT('Origin',(4.15000000000001,-6.13752790790942,0.146994849592686));
#4563=CARTESIAN_POINT('Origin',(4.15000000000001,-6.13752790790942,0.146994849592686));
#4564=CARTESIAN_POINT('Origin',(4.15000000000001,4.07230305899466,-3.48188987062894));
#4565=CARTESIAN_POINT('',(4.15000000000001,5.53468474475831,1.03858968986004));
#4566=CARTESIAN_POINT('',(4.15000000000001,5.47861859204456,1.30236020003976));
#4567=CARTESIAN_POINT('Origin',(4.15000000000001,0.,0.));
#4568=CARTESIAN_POINT('',(4.15000000000001,5.6823662143504,1.83660220681552));
#4569=CARTESIAN_POINT('Origin',(4.15000000000001,5.97284624983807,1.41984646422391));
#4570=CARTESIAN_POINT('',(4.15000000000001,6.204285537321,2.20038158155291));
#4571=CARTESIAN_POINT('',(4.15000000000001,2.1038085739753,-0.657663484417962));
#4572=CARTESIAN_POINT('',(4.15000000000001,6.29507766695085,2.5025934840217));
#4573=CARTESIAN_POINT('Origin',(4.15000000000001,6.05904551957716,2.40875945284871));
#4574=CARTESIAN_POINT('Origin',(4.15000000000001,0.,0.));
#4575=CARTESIAN_POINT('',(4.15000000000001,5.16710657701672,2.99389430037552));
#4576=CARTESIAN_POINT('',(4.15000000000001,4.13892149478732,2.75418573230756));
#4577=CARTESIAN_POINT('',(4.15000000000001,4.63375362407099,3.19995798709188));
#4578=CARTESIAN_POINT('Origin',(4.15000000000001,5.05176578570278,3.48862705839655));
#4579=CARTESIAN_POINT('',(4.15000000000001,4.47524951307896,3.41812017978166));
#4580=CARTESIAN_POINT('Origin',(4.15000000000001,0.,0.));
#4581=CARTESIAN_POINT('',(4.15000000000001,4.4440864275159,3.98904616228486));
#4582=CARTESIAN_POINT('Origin',(4.15000000000001,4.87896297619578,3.72646972120862));
#4583=CARTESIAN_POINT('',(4.15000000000001,4.77292105257068,4.53365887104172));
#4584=CARTESIAN_POINT('',(4.15000000000001,2.18942060443039,0.254890548205336));
#4585=CARTESIAN_POINT('',(4.15000000000001,4.73294313547603,4.84667166781096));
#4586=CARTESIAN_POINT('Origin',(4.15000000000001,4.55548277823075,4.66494709157984));
#4587=CARTESIAN_POINT('Origin',(4.15000000000001,0.,0.));
#4588=CARTESIAN_POINT('',(4.15000000000001,3.50266022513034,4.83671012232081));
#4589=CARTESIAN_POINT('',(4.15000000000001,2.66086467193624,4.19952489999769));
#4590=CARTESIAN_POINT('',(4.15000000000001,2.93160440545165,4.8080244776499));
#4591=CARTESIAN_POINT('Origin',(4.15000000000001,3.19606522792747,5.24175765988916));
#4592=CARTESIAN_POINT('',(4.15000000000001,2.69806913693651,4.94285612779238));
#4593=CARTESIAN_POINT('Origin',(4.15000000000001,0.,0.));
#4594=CARTESIAN_POINT('',(4.15000000000001,2.43738372410612,5.45174779694854));
#4595=CARTESIAN_POINT('Origin',(4.15000000000001,2.94146267998208,5.38875250948181));
#4596=CARTESIAN_POINT('',(4.15000000000001,2.51627515720436,6.08302535472966));
#4597=CARTESIAN_POINT('',(4.15000000000001,1.89646192211771,1.12337168943602));
#4598=CARTESIAN_POINT('',(4.15000000000001,2.35243973843883,6.35271628960597));
#4599=CARTESIAN_POINT('Origin',(4.15000000000001,2.26423567926638,6.11452299846302));
#4600=CARTESIAN_POINT('Origin',(4.15000000000001,0.,0.));
#4601=CARTESIAN_POINT('',(4.15000000000001,1.2325720996497,5.8432148239848));
#4602=CARTESIAN_POINT('',(4.15000000000001,0.722720174110703,4.91872806099222));
#4603=CARTESIAN_POINT('',(4.15000000000001,0.722554152339785,5.58473985649112));
#4604=CARTESIAN_POINT('Origin',(4.15000000000001,0.787735956902421,6.08854074211357));
#4605=CARTESIAN_POINT('',(4.15000000000001,0.454368095829103,5.61292734686959));
#4606=CARTESIAN_POINT('Origin',(4.15000000000001,0.,0.));
#4607=CARTESIAN_POINT('',(4.15000000000001,0.00923523186241122,5.97179270994591));
#4608=CARTESIAN_POINT('Origin',(4.15000000000001,0.495356764049918,6.11927103358593));
#4609=CARTESIAN_POINT('',(4.15000000000001,1.27558774465519,1.79761166005181));
#4610=CARTESIAN_POINT('',(4.15000000000001,-0.980229300967167,6.70299392038636));
#4611=CARTESIAN_POINT('Origin',(4.15000000000001,0.,0.));
#4612=CARTESIAN_POINT('',(4.15000000000001,-1.19655642101624,6.47325967842884));
#4613=CARTESIAN_POINT('Origin',(4.15000000000001,-0.943475882015636,6.45166706906446));
#4614=CARTESIAN_POINT('',(4.15000000000001,-1.25063893942635,5.83937459864164));
#4615=CARTESIAN_POINT('',(4.15000000000001,-1.34038920752522,4.7874384549996));
#4616=CARTESIAN_POINT('',(4.15000000000001,-1.61143227791002,5.39580297837622));
#4617=CARTESIAN_POINT('Origin',(4.15000000000001,-1.75680001742756,5.88255981737035));
#4618=CARTESIAN_POINT('',(4.15000000000001,-1.86789731685171,5.31247243582893));
#4619=CARTESIAN_POINT('Origin',(4.15000000000001,0.,0.));
#4620=CARTESIAN_POINT('',(4.15000000000001,-2.42051011586976,5.45926041136003));
#4621=CARTESIAN_POINT('Origin',(4.15000000000001,-2.03640083656139,5.79171200415092));
#4622=CARTESIAN_POINT('',(4.15000000000001,0.434152857790925,2.16102824385539));
#4623=CARTESIAN_POINT('',(4.15000000000001,-3.62183727108219,5.72479447325501));
#4624=CARTESIAN_POINT('Origin',(4.15000000000001,0.,0.));
#4625=CARTESIAN_POINT('',(4.15000000000001,-3.72602059459455,5.42693363343472));
#4626=CARTESIAN_POINT('Origin',(4.15000000000001,-3.4860375123247,5.51014493209219));
#4627=CARTESIAN_POINT('',(4.15000000000001,-3.51760314417751,4.82585345614051));
#4628=CARTESIAN_POINT('',(4.15000000000001,-3.17173311812636,3.82835724762455));
#4629=CARTESIAN_POINT('',(4.15000000000001,-3.66678742790651,4.2738827459689));
#4630=CARTESIAN_POINT('Origin',(4.15000000000001,-3.9975693087172,4.65943085882556));
#4631=CARTESIAN_POINT('',(4.15000000000001,-3.86718631413446,4.09344277833647));
#4632=CARTESIAN_POINT('Origin',(4.15000000000001,0.,0.));
#4633=CARTESIAN_POINT('',(4.15000000000001,-4.43172727492396,4.00277239182615));
#4634=CARTESIAN_POINT('Origin',(4.15000000000001,-4.21604623241041,4.46271335314648));
#4635=CARTESIAN_POINT('',(4.15000000000001,-0.48235100234028,2.1507834119711));
#4636=CARTESIAN_POINT('',(4.15000000000001,-5.63719667366843,3.75672605357279));
#4637=CARTESIAN_POINT('Origin',(4.15000000000001,0.,0.));
#4638=CARTESIAN_POINT('',(4.15000000000001,-5.61122195753303,3.44224146107545));
#4639=CARTESIAN_POINT('Origin',(4.15000000000001,-5.42583158709625,3.61586867826593));
#4640=CARTESIAN_POINT('',(4.15000000000001,-5.17634180887901,2.97789840957036));
#4641=CARTESIAN_POINT('',(4.15000000000001,-4.45465555831267,2.20731829260147));
#4642=CARTESIAN_POINT('',(4.15000000000001,-5.08812171989996,2.41296935977773));
#4643=CARTESIAN_POINT('Origin',(4.15000000000001,-5.54712254975257,2.63064397518939));
#4644=CARTESIAN_POINT('',(4.15000000000001,-5.19780366541864,2.16661967670947));
#4645=CARTESIAN_POINT('Origin',(4.15000000000001,0.,0.));
#4646=CARTESIAN_POINT('',(4.15000000000001,-5.67665852716547,1.85416866169994));
#4647=CARTESIAN_POINT('Origin',(4.15000000000001,-5.66669893309809,2.36207102090494));
#4648=CARTESIAN_POINT('',(4.15000000000001,-1.31545199214556,1.76864858890312));
#4649=CARTESIAN_POINT('',(4.15000000000001,-6.67783355905339,1.13908557044305));
#4650=CARTESIAN_POINT('Origin',(4.15000000000001,0.,0.));
#4651=CARTESIAN_POINT('Origin',(4.15000000000001,-6.42745008832636,1.09637588083183));
#4652=CARTESIAN_POINT('',(4.15000000000001,-6.67783355905339,-1.13908557044296));
#4653=CARTESIAN_POINT('Origin',(4.15000000000001,-6.42745008832636,-1.09637588083174));
#4654=CARTESIAN_POINT('',(4.15000000000001,-6.56381235586463,-1.67551315608382));
#4655=CARTESIAN_POINT('Origin',(4.15000000000001,0.,0.));
#4656=CARTESIAN_POINT('',(4.15000000000001,-6.31272428070018,-1.8666414462628));
#4657=CARTESIAN_POINT('Origin',(4.15000000000001,-6.31770407773388,-1.6126902666603));
#4658=CARTESIAN_POINT('',(4.15000000000001,-4.621103542182,-1.83346999988875));
#4659=CARTESIAN_POINT('',(4.15000000000001,-5.08812171990001,-2.41296935977766));
#4660=CARTESIAN_POINT('Origin',(4.15000000000001,0.,0.));
#4661=CARTESIAN_POINT('',(4.15000000000001,-5.17634180887906,-2.97789840957029));
#4662=CARTESIAN_POINT('Origin',(4.15000000000001,-5.54712254975263,-2.63064397518931));
#4663=CARTESIAN_POINT('',(4.15000000000001,-5.61122195753308,-3.44224146107537));
#4664=CARTESIAN_POINT('',(4.15000000000001,-2.19457123607158,0.205885561601575));
#4665=CARTESIAN_POINT('',(4.15000000000001,-5.63719667366848,-3.75672605357272));
#4666=CARTESIAN_POINT('Origin',(4.15000000000001,-5.4258315870963,-3.61586867826586));
#4667=CARTESIAN_POINT('',(4.15000000000001,-5.31484836598363,-4.20040043636462));
#4668=CARTESIAN_POINT('Origin',(4.15000000000001,0.,0.));
#4669=CARTESIAN_POINT('',(4.15000000000001,-5.00772911630472,-4.27287809687589));
#4670=CARTESIAN_POINT('Origin',(4.15000000000001,-5.1155696375615,-4.04290761621574));
#4671=CARTESIAN_POINT('',(4.15000000000001,-3.47584871732155,-3.55453033217516));
#4672=CARTESIAN_POINT('',(4.15000000000001,-3.66678742790656,-4.27388274596885));
#4673=CARTESIAN_POINT('Origin',(4.15000000000001,0.,0.));
#4674=CARTESIAN_POINT('',(4.15000000000001,-3.51760314417756,-4.82585345614046));
#4675=CARTESIAN_POINT('Origin',(4.15000000000001,-3.99756930871727,-4.65943085882551));
#4676=CARTESIAN_POINT('',(4.15000000000001,-3.72602059459463,-5.42693363343467));
#4677=CARTESIAN_POINT('',(4.15000000000001,-2.0885817863699,-0.704526717955151));
#4678=CARTESIAN_POINT('',(4.15000000000001,-3.62183727108227,-5.72479447325496));
#4679=CARTESIAN_POINT('Origin',(4.15000000000001,-3.48603751232477,-5.51014493209213));
#4680=CARTESIAN_POINT('',(4.15000000000001,-3.14689880974247,-5.99900032175799));
#4681=CARTESIAN_POINT('Origin',(4.15000000000001,0.,0.));
#4682=CARTESIAN_POINT('',(4.15000000000001,-2.83685209390936,-5.94029530666025));
#4683=CARTESIAN_POINT('Origin',(4.15000000000001,-3.02890673356352,-5.77406951026481));
#4684=CARTESIAN_POINT('',(4.15000000000001,-1.72958807214193,-4.66098007813415));
#4685=CARTESIAN_POINT('',(4.15000000000001,-1.61143227791009,-5.39580297837619));
#4686=CARTESIAN_POINT('Origin',(4.15000000000001,0.,0.));
#4687=CARTESIAN_POINT('',(4.15000000000001,-1.25063893942643,-5.83937459864162));
#4688=CARTESIAN_POINT('Origin',(4.15000000000001,-1.75680001742764,-5.88255981737032));
#4689=CARTESIAN_POINT('',(4.15000000000001,-1.19655642101633,-6.47325967842882));
#4690=CARTESIAN_POINT('',(4.15000000000001,-1.621457571635,-1.49311992755313));
#4691=CARTESIAN_POINT('',(4.15000000000001,-0.980229300967259,-6.70299392038634));
#4692=CARTESIAN_POINT('Origin',(4.15000000000001,-0.943475882015722,-6.45166706906446));
#4693=CARTESIAN_POINT('',(4.15000000000001,-0.434821860618637,-6.76031855231241));
#4694=CARTESIAN_POINT('Origin',(4.15000000000001,0.,0.));
#4695=CARTESIAN_POINT('',(4.15000000000001,-0.175457572484856,-6.58058149203439));
#4696=CARTESIAN_POINT('Origin',(4.15000000000001,-0.418518338578608,-6.50684233021438));
#4697=CARTESIAN_POINT('',(4.15000000000001,0.00923523186233241,-5.97179270994591));
#4698=CARTESIAN_POINT('',(4.15000000000001,0.315734063525385,-4.96150402490906));
#4699=CARTESIAN_POINT('',(4.15000000000001,0.454368095829027,-5.61292734686962));
#4700=CARTESIAN_POINT('Origin',(4.15000000000001,0.495356764049837,-6.11927103358593));
#4701=CARTESIAN_POINT('Origin',(4.15000000000001,0.,0.));
#4702=CARTESIAN_POINT('',(4.15000000000001,1.53980322812952,-6.40030031730463));
#4703=CARTESIAN_POINT('',(4.15000000000001,-0.873968612284812,-2.02353913710847));
#4704=CARTESIAN_POINT('',(4.15000000000001,1.83086922038863,-6.52218482389487));
#4705=CARTESIAN_POINT('Origin',(4.15000000000001,1.76222129950316,-6.27763735824025));
#4706=CARTESIAN_POINT('',(4.15000000000001,2.35243973843875,-6.35271628960599));
#4707=CARTESIAN_POINT('Origin',(4.15000000000001,0.,0.));
#4708=CARTESIAN_POINT('',(4.15000000000001,2.51627515720427,-6.08302535472971));
#4709=CARTESIAN_POINT('Origin',(4.15000000000001,2.2642356792663,-6.11452299846305));
#4710=CARTESIAN_POINT('',(4.15000000000001,2.43738372410605,-5.45174779694856));
#4711=CARTESIAN_POINT('',(4.15000000000001,2.30646291125524,-4.40413885192815));
#4712=CARTESIAN_POINT('',(4.15000000000001,2.69806913693643,-4.94285612779241));
#4713=CARTESIAN_POINT('Origin',(4.15000000000001,2.941462679982,-5.38875250948186));
#4714=CARTESIAN_POINT('Origin',(4.15000000000001,0.,0.));
#4715=CARTESIAN_POINT('',(4.15000000000001,4.0099169104586,-5.22067088641545));
#4716=CARTESIAN_POINT('',(4.15000000000001,0.024637459885005,-2.20407004658181));
#4717=CARTESIAN_POINT('',(4.15000000000001,4.32539382061462,-5.213630719163));
#4718=CARTESIAN_POINT('Origin',(4.15000000000001,4.16321440906004,-5.01814711763129));
#4719=CARTESIAN_POINT('',(4.15000000000001,4.73294313547598,-4.84667166781101));
#4720=CARTESIAN_POINT('Origin',(4.15000000000001,0.,0.));
#4721=CARTESIAN_POINT('',(4.15000000000001,4.77292105257063,-4.53365887104177));
#4722=CARTESIAN_POINT('Origin',(4.15000000000001,4.55548277823067,-4.66494709157992));
#4723=CARTESIAN_POINT('',(4.15000000000001,4.44408642751585,-3.98904616228494));
#4724=CARTESIAN_POINT('',(4.15000000000001,3.89838336807132,-3.08525806110346));
#4725=CARTESIAN_POINT('',(4.15000000000001,4.47524951307891,-3.41812017978171));
#4726=CARTESIAN_POINT('Origin',(4.15000000000001,4.87896297619573,-3.72646972120867));
#4727=CARTESIAN_POINT('Origin',(4.15000000000001,0.,0.));
#4728=CARTESIAN_POINT('',(4.15000000000001,5.78667953001789,-3.13834003095897));
#4729=CARTESIAN_POINT('',(4.15000000000001,0.918983491416408,-2.00349722165339));
#4730=CARTESIAN_POINT('',(4.15000000000001,6.07201853428708,-3.00359249873967));
#4731=CARTESIAN_POINT('Origin',(4.15000000000001,5.84434992567487,-2.89097365194847));
#4732=CARTESIAN_POINT('',(4.15000000000001,6.29507766695083,-2.5025934840217));
#4733=CARTESIAN_POINT('Origin',(4.15000000000001,0.,0.));
#4734=CARTESIAN_POINT('',(4.15000000000001,6.204285537321,-2.20038158155291));
#4735=CARTESIAN_POINT('Origin',(4.15000000000001,6.05904551957716,-2.40875945284871));
#4736=CARTESIAN_POINT('',(4.15000000000001,5.6823662143504,-1.83660220681552));
#4737=CARTESIAN_POINT('',(4.15000000000001,4.8162379248468,-1.23290812282442));
#4738=CARTESIAN_POINT('',(4.15000000000001,5.47861859204456,-1.30236020003976));
#4739=CARTESIAN_POINT('Origin',(4.15000000000001,5.97284624983807,-1.41984646422391));
#4740=CARTESIAN_POINT('',(4.15000000000001,5.53468474475831,-1.03858968986004));
#4741=CARTESIAN_POINT('Origin',(4.15000000000001,0.,0.));
#4742=CARTESIAN_POINT('',(4.15000000000001,5.93811326004734,-0.633406955219535));
#4743=CARTESIAN_POINT('Origin',(4.15000000000001,6.03397014527868,-1.13228114532536));
#4744=CARTESIAN_POINT('',(4.15000000000001,6.56287268850394,-0.513361673225586));
#4745=CARTESIAN_POINT('',(4.15000000000001,1.65442892857899,-1.45650152590023));
#4746=CARTESIAN_POINT('',(4.15000000000001,6.76873608082469,-0.274205848503041));
#4747=CARTESIAN_POINT('Origin',(4.15000000000001,6.51494424588827,-0.263924578172671));
#4748=CARTESIAN_POINT('',(4.15000000000001,6.76873608082466,0.274205848503041));
#4749=CARTESIAN_POINT('Origin',(4.15000000000001,0.,0.));
#4750=CARTESIAN_POINT('',(4.15000000000001,6.56287268850394,0.513361673225586));
#4751=CARTESIAN_POINT('Origin',(4.15000000000001,6.51494424588827,0.263924578172671));
#4752=CARTESIAN_POINT('',(4.15000000000001,5.93811326004734,0.633406955219535));
#4753=CARTESIAN_POINT('',(4.15000000000001,4.90132119026832,0.832622830509632));
#4754=CARTESIAN_POINT('Origin',(4.15000000000001,6.03397014527868,1.13228114532536));
#4755=CARTESIAN_POINT('Origin',(4.15000000000001,0.,0.));
#4756=CARTESIAN_POINT('',(-4.15000000000001,5.53468474475831,1.03858968986004));
#4757=CARTESIAN_POINT('',(4.15000000000001,5.47861859204456,1.30236020003976));
#4758=CARTESIAN_POINT('Origin',(4.15000000000001,5.97284624983807,1.41984646422391));
#4759=CARTESIAN_POINT('',(-4.15000000000001,5.6823662143504,1.83660220681552));
#4760=CARTESIAN_POINT('Origin',(4.15000000000001,2.1038085739753,-0.657663484417962));
#4761=CARTESIAN_POINT('',(-4.15000000000001,6.204285537321,2.20038158155291));
#4762=CARTESIAN_POINT('Origin',(4.15000000000001,6.05904551957716,2.40875945284871));
#4763=CARTESIAN_POINT('',(-4.15000000000001,6.29507766695085,2.5025934840217));
#4764=CARTESIAN_POINT('Origin',(4.15000000000001,0.,0.));
#4765=CARTESIAN_POINT('Origin',(4.15000000000001,0.,0.));
#4766=CARTESIAN_POINT('',(-4.15000000000001,6.76873608082469,-0.274205848503041));
#4767=CARTESIAN_POINT('',(-4.15000000000001,6.76873608082466,0.274205848503041));
#4768=CARTESIAN_POINT('Origin',(4.15000000000001,6.51494424588827,0.263924578172671));
#4769=CARTESIAN_POINT('',(-4.15000000000001,6.56287268850394,0.513361673225586));
#4770=CARTESIAN_POINT('Origin',(4.15000000000001,4.90132119026832,0.832622830509632));
#4771=CARTESIAN_POINT('',(-4.15000000000001,5.93811326004734,0.633406955219535));
#4772=CARTESIAN_POINT('Origin',(4.15000000000001,6.03397014527868,1.13228114532536));
#4773=CARTESIAN_POINT('Origin',(4.15000000000001,0.,0.));
#4774=CARTESIAN_POINT('',(-4.15000000000001,5.47861859204456,-1.30236020003976));
#4775=CARTESIAN_POINT('',(-4.15000000000001,5.53468474475831,-1.03858968986004));
#4776=CARTESIAN_POINT('Origin',(4.15000000000001,6.03397014527868,-1.13228114532536));
#4777=CARTESIAN_POINT('',(-4.15000000000001,5.93811326004734,-0.633406955219535));
#4778=CARTESIAN_POINT('Origin',(4.15000000000001,1.65442892857899,-1.45650152590023));
#4779=CARTESIAN_POINT('',(-4.15000000000001,6.56287268850394,-0.513361673225586));
#4780=CARTESIAN_POINT('Origin',(4.15000000000001,6.51494424588827,-0.263924578172671));
#4781=CARTESIAN_POINT('Origin',(4.15000000000001,0.,0.));
#4782=CARTESIAN_POINT('',(-4.15000000000001,6.07201853428708,-3.00359249873967));
#4783=CARTESIAN_POINT('',(-4.15000000000001,6.29507766695083,-2.5025934840217));
#4784=CARTESIAN_POINT('Origin',(4.15000000000001,6.05904551957716,-2.40875945284871));
#4785=CARTESIAN_POINT('',(-4.15000000000001,6.204285537321,-2.20038158155291));
#4786=CARTESIAN_POINT('Origin',(4.15000000000001,4.8162379248468,-1.23290812282442));
#4787=CARTESIAN_POINT('',(-4.15000000000001,5.6823662143504,-1.83660220681552));
#4788=CARTESIAN_POINT('Origin',(4.15000000000001,5.97284624983807,-1.41984646422391));
#4789=CARTESIAN_POINT('Origin',(4.15000000000001,0.,0.));
#4790=CARTESIAN_POINT('',(-4.15000000000001,4.47524951307891,-3.41812017978171));
#4791=CARTESIAN_POINT('Origin',(4.15000000000001,0.918983491416408,-2.00349722165339));
#4792=CARTESIAN_POINT('',(-4.15000000000001,5.78667953001789,-3.13834003095897));
#4793=CARTESIAN_POINT('Origin',(4.15000000000001,5.84434992567487,-2.89097365194847));
#4794=CARTESIAN_POINT('Origin',(4.15000000000001,0.,0.));
#4795=CARTESIAN_POINT('',(-4.15000000000001,4.32539382061462,-5.213630719163));
#4796=CARTESIAN_POINT('',(-4.15000000000001,4.73294313547598,-4.84667166781101));
#4797=CARTESIAN_POINT('Origin',(4.15000000000001,4.55548277823067,-4.66494709157992));
#4798=CARTESIAN_POINT('',(-4.15000000000001,4.77292105257063,-4.53365887104177));
#4799=CARTESIAN_POINT('Origin',(4.15000000000001,3.89838336807132,-3.08525806110346));
#4800=CARTESIAN_POINT('',(-4.15000000000001,4.44408642751585,-3.98904616228494));
#4801=CARTESIAN_POINT('Origin',(4.15000000000001,4.87896297619573,-3.72646972120867));
#4802=CARTESIAN_POINT('Origin',(4.15000000000001,0.,0.));
#4803=CARTESIAN_POINT('',(-4.15000000000001,2.69806913693643,-4.94285612779241));
#4804=CARTESIAN_POINT('Origin',(4.15000000000001,0.024637459885005,-2.20407004658181));
#4805=CARTESIAN_POINT('',(-4.15000000000001,4.0099169104586,-5.22067088641545));
#4806=CARTESIAN_POINT('Origin',(4.15000000000001,4.16321440906004,-5.01814711763129));
#4807=CARTESIAN_POINT('Origin',(4.15000000000001,0.,0.));
#4808=CARTESIAN_POINT('',(-4.15000000000001,1.83086922038863,-6.52218482389487));
#4809=CARTESIAN_POINT('',(-4.15000000000001,2.35243973843875,-6.35271628960599));
#4810=CARTESIAN_POINT('Origin',(4.15000000000001,2.2642356792663,-6.11452299846305));
#4811=CARTESIAN_POINT('',(-4.15000000000001,2.51627515720427,-6.08302535472971));
#4812=CARTESIAN_POINT('Origin',(4.15000000000001,2.30646291125524,-4.40413885192815));
#4813=CARTESIAN_POINT('',(-4.15000000000001,2.43738372410605,-5.45174779694856));
#4814=CARTESIAN_POINT('Origin',(4.15000000000001,2.941462679982,-5.38875250948186));
#4815=CARTESIAN_POINT('Origin',(4.15000000000001,0.,0.));
#4816=CARTESIAN_POINT('',(-4.15000000000001,0.454368095829027,-5.61292734686962));
#4817=CARTESIAN_POINT('Origin',(4.15000000000001,-0.873968612284812,-2.02353913710847));
#4818=CARTESIAN_POINT('',(-4.15000000000001,1.53980322812952,-6.40030031730463));
#4819=CARTESIAN_POINT('Origin',(4.15000000000001,1.76222129950316,-6.27763735824025));
#4820=CARTESIAN_POINT('Origin',(4.15000000000001,0.,0.));
#4821=CARTESIAN_POINT('',(-4.15000000000001,-0.980229300967259,-6.70299392038634));
#4822=CARTESIAN_POINT('',(-4.15000000000001,-0.434821860618637,-6.76031855231241));
#4823=CARTESIAN_POINT('Origin',(4.15000000000001,-0.418518338578608,-6.50684233021438));
#4824=CARTESIAN_POINT('',(-4.15000000000001,-0.175457572484856,-6.58058149203439));
#4825=CARTESIAN_POINT('Origin',(4.15000000000001,0.315734063525385,-4.96150402490906));
#4826=CARTESIAN_POINT('',(-4.15000000000001,0.00923523186233241,-5.97179270994591));
#4827=CARTESIAN_POINT('Origin',(4.15000000000001,0.495356764049837,-6.11927103358593));
#4828=CARTESIAN_POINT('Origin',(4.15000000000001,0.,0.));
#4829=CARTESIAN_POINT('',(-4.15000000000001,-1.61143227791009,-5.39580297837619));
#4830=CARTESIAN_POINT('Origin',(4.15000000000001,-1.75680001742764,-5.88255981737032));
#4831=CARTESIAN_POINT('',(-4.15000000000001,-1.25063893942643,-5.83937459864162));
#4832=CARTESIAN_POINT('Origin',(4.15000000000001,-1.621457571635,-1.49311992755313));
#4833=CARTESIAN_POINT('',(-4.15000000000001,-1.19655642101633,-6.47325967842882));
#4834=CARTESIAN_POINT('Origin',(4.15000000000001,-0.943475882015722,-6.45166706906446));
#4835=CARTESIAN_POINT('Origin',(4.15000000000001,0.,0.));
#4836=CARTESIAN_POINT('',(-4.15000000000001,-3.62183727108227,-5.72479447325496));
#4837=CARTESIAN_POINT('',(-4.15000000000001,-3.14689880974247,-5.99900032175799));
#4838=CARTESIAN_POINT('Origin',(4.15000000000001,-3.02890673356352,-5.77406951026481));
#4839=CARTESIAN_POINT('',(-4.15000000000001,-2.83685209390936,-5.94029530666025));
#4840=CARTESIAN_POINT('Origin',(4.15000000000001,-1.72958807214193,-4.66098007813415));
#4841=CARTESIAN_POINT('Origin',(4.15000000000001,0.,0.));
#4842=CARTESIAN_POINT('',(-4.15000000000001,-3.66678742790656,-4.27388274596885));
#4843=CARTESIAN_POINT('Origin',(4.15000000000001,-3.99756930871727,-4.65943085882551));
#4844=CARTESIAN_POINT('',(-4.15000000000001,-3.51760314417756,-4.82585345614046));
#4845=CARTESIAN_POINT('Origin',(4.15000000000001,-2.0885817863699,-0.704526717955151));
#4846=CARTESIAN_POINT('',(-4.15000000000001,-3.72602059459463,-5.42693363343467));
#4847=CARTESIAN_POINT('Origin',(4.15000000000001,-3.48603751232477,-5.51014493209213));
#4848=CARTESIAN_POINT('Origin',(4.15000000000001,0.,0.));
#4849=CARTESIAN_POINT('',(-4.15000000000001,-5.63719667366848,-3.75672605357272));
#4850=CARTESIAN_POINT('',(-4.15000000000001,-5.31484836598363,-4.20040043636462));
#4851=CARTESIAN_POINT('Origin',(4.15000000000001,-5.1155696375615,-4.04290761621574));
#4852=CARTESIAN_POINT('',(-4.15000000000001,-5.00772911630472,-4.27287809687589));
#4853=CARTESIAN_POINT('Origin',(4.15000000000001,-3.47584871732155,-3.55453033217516));
#4854=CARTESIAN_POINT('Origin',(4.15000000000001,0.,0.));
#4855=CARTESIAN_POINT('',(-4.15000000000001,-5.08812171990001,-2.41296935977766));
#4856=CARTESIAN_POINT('Origin',(4.15000000000001,-5.54712254975263,-2.63064397518931));
#4857=CARTESIAN_POINT('',(-4.15000000000001,-5.17634180887906,-2.97789840957029));
#4858=CARTESIAN_POINT('Origin',(4.15000000000001,-2.19457123607158,0.205885561601575));
#4859=CARTESIAN_POINT('',(-4.15000000000001,-5.61122195753308,-3.44224146107537));
#4860=CARTESIAN_POINT('Origin',(4.15000000000001,-5.4258315870963,-3.61586867826586));
#4861=CARTESIAN_POINT('Origin',(4.15000000000001,0.,0.));
#4862=CARTESIAN_POINT('',(-4.15000000000001,-6.67783355905339,-1.13908557044296));
#4863=CARTESIAN_POINT('',(-4.15000000000001,-6.56381235586463,-1.67551315608382));
#4864=CARTESIAN_POINT('Origin',(4.15000000000001,-6.31770407773388,-1.6126902666603));
#4865=CARTESIAN_POINT('',(-4.15000000000001,-6.31272428070018,-1.8666414462628));
#4866=CARTESIAN_POINT('Origin',(4.15000000000001,-4.621103542182,-1.83346999988875));
#4867=CARTESIAN_POINT('Origin',(4.15000000000001,-1.9210993820027,1.08069835714578));
#4868=CARTESIAN_POINT('',(-4.15000000000001,-6.52619206766291,-0.862354468314205));
#4869=CARTESIAN_POINT('Origin',(4.15000000000001,-6.42745008832636,-1.09637588083174));
#4870=CARTESIAN_POINT('Origin',(4.15000000000001,0.,0.));
#4871=CARTESIAN_POINT('',(-4.15000000000001,-6.67783355905339,1.13908557044305));
#4872=CARTESIAN_POINT('Origin',(4.15000000000001,-6.42745008832636,1.09637588083183));
#4873=CARTESIAN_POINT('',(-4.15000000000001,-6.52619206766289,0.862354468314294));
#4874=CARTESIAN_POINT('Origin',(4.15000000000001,-4.96732758319144,0.204613951930446));
#4875=CARTESIAN_POINT('Origin',(4.15000000000001,0.,0.));
#4876=CARTESIAN_POINT('',(-4.15000000000001,-5.08812171989996,2.41296935977773));
#4877=CARTESIAN_POINT('',(-4.15000000000001,-5.19780366541864,2.16661967670947));
#4878=CARTESIAN_POINT('Origin',(4.15000000000001,-5.66669893309809,2.36207102090494));
#4879=CARTESIAN_POINT('',(-4.15000000000001,-5.67665852716547,1.85416866169994));
#4880=CARTESIAN_POINT('Origin',(4.15000000000001,-1.31545199214556,1.76864858890312));
#4881=CARTESIAN_POINT('Origin',(4.15000000000001,0.,0.));
#4882=CARTESIAN_POINT('',(-4.15000000000001,-5.63719667366843,3.75672605357279));
#4883=CARTESIAN_POINT('Origin',(4.15000000000001,-5.42583158709625,3.61586867826593));
#4884=CARTESIAN_POINT('',(-4.15000000000001,-5.61122195753303,3.44224146107545));
#4885=CARTESIAN_POINT('Origin',(4.15000000000001,-4.45465555831267,2.20731829260147));
#4886=CARTESIAN_POINT('',(-4.15000000000001,-5.17634180887901,2.97789840957036));
#4887=CARTESIAN_POINT('Origin',(4.15000000000001,-5.54712254975257,2.63064397518939));
#4888=CARTESIAN_POINT('Origin',(4.15000000000001,0.,0.));
#4889=CARTESIAN_POINT('',(-4.15000000000001,-3.66678742790651,4.2738827459689));
#4890=CARTESIAN_POINT('',(-4.15000000000001,-3.86718631413446,4.09344277833647));
#4891=CARTESIAN_POINT('Origin',(4.15000000000001,-4.21604623241041,4.46271335314648));
#4892=CARTESIAN_POINT('',(-4.15000000000001,-4.43172727492396,4.00277239182615));
#4893=CARTESIAN_POINT('Origin',(4.15000000000001,-0.48235100234028,2.1507834119711));
#4894=CARTESIAN_POINT('Origin',(4.15000000000001,0.,0.));
#4895=CARTESIAN_POINT('',(-4.15000000000001,-3.62183727108219,5.72479447325501));
#4896=CARTESIAN_POINT('Origin',(4.15000000000001,-3.4860375123247,5.51014493209219));
#4897=CARTESIAN_POINT('',(-4.15000000000001,-3.72602059459455,5.42693363343472));
#4898=CARTESIAN_POINT('Origin',(4.15000000000001,-3.17173311812636,3.82835724762455));
#4899=CARTESIAN_POINT('',(-4.15000000000001,-3.51760314417751,4.82585345614051));
#4900=CARTESIAN_POINT('Origin',(4.15000000000001,-3.9975693087172,4.65943085882556));
#4901=CARTESIAN_POINT('Origin',(4.15000000000001,0.,0.));
#4902=CARTESIAN_POINT('',(-4.15000000000001,-1.61143227791002,5.39580297837622));
#4903=CARTESIAN_POINT('',(-4.15000000000001,-1.86789731685171,5.31247243582893));
#4904=CARTESIAN_POINT('Origin',(4.15000000000001,-2.03640083656139,5.79171200415092));
#4905=CARTESIAN_POINT('',(-4.15000000000001,-2.42051011586976,5.45926041136003));
#4906=CARTESIAN_POINT('Origin',(4.15000000000001,0.434152857790925,2.16102824385539));
#4907=CARTESIAN_POINT('Origin',(4.15000000000001,0.,0.));
#4908=CARTESIAN_POINT('',(-4.15000000000001,-0.980229300967167,6.70299392038636));
#4909=CARTESIAN_POINT('Origin',(4.15000000000001,-0.943475882015636,6.45166706906446));
#4910=CARTESIAN_POINT('',(-4.15000000000001,-1.19655642101624,6.47325967842884));
#4911=CARTESIAN_POINT('Origin',(4.15000000000001,-1.34038920752522,4.7874384549996));
#4912=CARTESIAN_POINT('',(-4.15000000000001,-1.25063893942635,5.83937459864164));
#4913=CARTESIAN_POINT('Origin',(4.15000000000001,-1.75680001742756,5.88255981737035));
#4914=CARTESIAN_POINT('Origin',(4.15000000000001,0.,0.));
#4915=CARTESIAN_POINT('',(-4.15000000000001,0.722554152339785,5.58473985649112));
#4916=CARTESIAN_POINT('',(-4.15000000000001,0.454368095829103,5.61292734686959));
#4917=CARTESIAN_POINT('Origin',(4.15000000000001,0.495356764049918,6.11927103358593));
#4918=CARTESIAN_POINT('',(-4.15000000000001,0.00923523186241122,5.97179270994591));
#4919=CARTESIAN_POINT('Origin',(4.15000000000001,1.27558774465519,1.79761166005181));
#4920=CARTESIAN_POINT('Origin',(4.15000000000001,0.,0.));
#4921=CARTESIAN_POINT('',(-4.15000000000001,2.35243973843883,6.35271628960597));
#4922=CARTESIAN_POINT('Origin',(4.15000000000001,0.722720174110703,4.91872806099222));
#4923=CARTESIAN_POINT('',(-4.15000000000001,1.2325720996497,5.8432148239848));
#4924=CARTESIAN_POINT('Origin',(4.15000000000001,0.787735956902421,6.08854074211357));
#4925=CARTESIAN_POINT('Origin',(4.15000000000001,0.,0.));
#4926=CARTESIAN_POINT('',(-4.15000000000001,2.93160440545165,4.8080244776499));
#4927=CARTESIAN_POINT('',(-4.15000000000001,2.69806913693651,4.94285612779238));
#4928=CARTESIAN_POINT('Origin',(4.15000000000001,2.94146267998208,5.38875250948181));
#4929=CARTESIAN_POINT('',(-4.15000000000001,2.43738372410612,5.45174779694854));
#4930=CARTESIAN_POINT('Origin',(4.15000000000001,1.89646192211771,1.12337168943602));
#4931=CARTESIAN_POINT('',(-4.15000000000001,2.51627515720436,6.08302535472966));
#4932=CARTESIAN_POINT('Origin',(4.15000000000001,2.26423567926638,6.11452299846302));
#4933=CARTESIAN_POINT('Origin',(4.15000000000001,0.,0.));
#4934=CARTESIAN_POINT('',(-4.15000000000001,4.73294313547603,4.84667166781096));
#4935=CARTESIAN_POINT('Origin',(4.15000000000001,2.66086467193624,4.19952489999769));
#4936=CARTESIAN_POINT('',(-4.15000000000001,3.50266022513034,4.83671012232081));
#4937=CARTESIAN_POINT('Origin',(4.15000000000001,3.19606522792747,5.24175765988916));
#4938=CARTESIAN_POINT('Origin',(4.15000000000001,0.,0.));
#4939=CARTESIAN_POINT('',(-4.15000000000001,4.63375362407099,3.19995798709188));
#4940=CARTESIAN_POINT('',(-4.15000000000001,4.47524951307896,3.41812017978166));
#4941=CARTESIAN_POINT('Origin',(4.15000000000001,4.87896297619578,3.72646972120862));
#4942=CARTESIAN_POINT('',(-4.15000000000001,4.4440864275159,3.98904616228486));
#4943=CARTESIAN_POINT('Origin',(4.15000000000001,2.18942060443039,0.254890548205336));
#4944=CARTESIAN_POINT('',(-4.15000000000001,4.77292105257068,4.53365887104172));
#4945=CARTESIAN_POINT('Origin',(4.15000000000001,4.55548277823075,4.66494709157984));
#4946=CARTESIAN_POINT('Origin',(4.15000000000001,4.13892149478732,2.75418573230756));
#4947=CARTESIAN_POINT('',(-4.15000000000001,5.16710657701672,2.99389430037552));
#4948=CARTESIAN_POINT('Origin',(4.15000000000001,5.05176578570278,3.48862705839655));
#4949=CARTESIAN_POINT('Origin',(5.65000000000001,0.,0.));
#4950=UNCERTAINTY_MEASURE_WITH_UNIT(LENGTH_MEASURE(0.01),#4954,
'DISTANCE_ACCURACY_VALUE',
'Maximum model space distance between geometric entities at asserted c
onnectivities');
#4951=UNCERTAINTY_MEASURE_WITH_UNIT(LENGTH_MEASURE(0.01),#4954,
'DISTANCE_ACCURACY_VALUE',
'Maximum model space distance between geometric entities at asserted c
onnectivities');
#4952=(
GEOMETRIC_REPRESENTATION_CONTEXT(3)
GLOBAL_UNCERTAINTY_ASSIGNED_CONTEXT((#4950))
GLOBAL_UNIT_ASSIGNED_CONTEXT((#4954,#4956,#4957))
REPRESENTATION_CONTEXT('','3D')
);
#4953=(
GEOMETRIC_REPRESENTATION_CONTEXT(3)
GLOBAL_UNCERTAINTY_ASSIGNED_CONTEXT((#4951))
GLOBAL_UNIT_ASSIGNED_CONTEXT((#4954,#4956,#4957))
REPRESENTATION_CONTEXT('','3D')
);
#4954=(
LENGTH_UNIT()
NAMED_UNIT(*)
SI_UNIT(.MILLI.,.METRE.)
);
#4955=(
LENGTH_UNIT()
NAMED_UNIT(*)
SI_UNIT($,.METRE.)
);
#4956=(
NAMED_UNIT(*)
PLANE_ANGLE_UNIT()
SI_UNIT($,.RADIAN.)
);
#4957=(
NAMED_UNIT(*)
SI_UNIT($,.STERADIAN.)
SOLID_ANGLE_UNIT()
);
#4958=SHAPE_DEFINITION_REPRESENTATION(#4959,#4960);
#4959=PRODUCT_DEFINITION_SHAPE('',$,#4962);
#4960=SHAPE_REPRESENTATION('',(#2757),#4952);
#4961=PRODUCT_DEFINITION_CONTEXT('part definition',#4966,'design');
#4962=PRODUCT_DEFINITION('15T_pulley_dual (1)','15T_pulley_dual (1) v1',
#4963,#4961);
#4963=PRODUCT_DEFINITION_FORMATION('',$,#4968);
#4964=PRODUCT_RELATED_PRODUCT_CATEGORY('15T_pulley_dual (1) v1',
'15T_pulley_dual (1) v1',(#4968));
#4965=APPLICATION_PROTOCOL_DEFINITION('international standard',
'automotive_design',2009,#4966);
#4966=APPLICATION_CONTEXT(
'Core Data for Automotive Mechanical Design Process');
#4967=PRODUCT_CONTEXT('part definition',#4966,'mechanical');
#4968=PRODUCT('15T_pulley_dual (1)','15T_pulley_dual (1) v1',$,(#4967));
#4969=PRESENTATION_STYLE_ASSIGNMENT((#4972));
#4970=PRESENTATION_STYLE_ASSIGNMENT((#4973));
#4971=PRESENTATION_STYLE_ASSIGNMENT((#4974));
#4972=SURFACE_STYLE_USAGE(.BOTH.,#4975);
#4973=SURFACE_STYLE_USAGE(.BOTH.,#4976);
#4974=SURFACE_STYLE_USAGE(.BOTH.,#4977);
#4975=SURFACE_SIDE_STYLE('',(#4978));
#4976=SURFACE_SIDE_STYLE('',(#4979));
#4977=SURFACE_SIDE_STYLE('',(#4980));
#4978=SURFACE_STYLE_FILL_AREA(#4981);
#4979=SURFACE_STYLE_FILL_AREA(#4982);
#4980=SURFACE_STYLE_FILL_AREA(#4983);
#4981=FILL_AREA_STYLE('Steel - Satin',(#4984));
#4982=FILL_AREA_STYLE('Opaque(221,221,227)',(#4985));
#4983=FILL_AREA_STYLE('Opaque(192,0,0)',(#4986));
#4984=FILL_AREA_STYLE_COLOUR('Steel - Satin',#4987);
#4985=FILL_AREA_STYLE_COLOUR('Opaque(221,221,227)',#4988);
#4986=FILL_AREA_STYLE_COLOUR('Opaque(192,0,0)',#4989);
#4987=COLOUR_RGB('Steel - Satin',0.627450980392157,0.627450980392157,0.627450980392157);
#4988=COLOUR_RGB('Opaque(221,221,227)',0.866666666666667,0.866666666666667,
0.890196078431372);
#4989=COLOUR_RGB('Opaque(192,0,0)',0.752941176470588,0.,0.);
ENDSEC;
END-ISO-10303-21;
