ISO-10303-21;
HEADER;
/* Generated by software containing ST-Developer
 * from STEP Tools, Inc. (www.steptools.com) 
 */

FILE_DESCRIPTION(
/* description */ (''),
/* implementation_level */ '2;1');

FILE_NAME(
/* name */ 'Base.step',
/* time_stamp */ '2026-09-06T19:54:56+03:00',
/* author */ (''),
/* organization */ (''),
/* preprocessor_version */ 'ST-DEVELOPER v20.1',
/* originating_system */ 'Autodesk Translation Framework v15.8.0.0',
/* authorisation */ '');

FILE_SCHEMA (('AUTOMOTIVE_DESIGN { 1 0 10303 214 3 1 1 }'));
ENDSEC;

DATA;
#10=MECHANICAL_DESIGN_GEOMETRIC_PRESENTATION_REPRESENTATION('',(#13),#2460);
#11=SHAPE_REPRESENTATION_RELATIONSHIP('SRR','None',#2467,#12);
#12=ADVANCED_BREP_SHAPE_REPRESENTATION('',(#14),#2459);
#13=STYLED_ITEM('',(#2477),#14);
#14=MANIFOLD_SOLID_BREP('Body1',#1440);
#15=FACE_BOUND('',#173,.T.);
#16=FACE_BOUND('',#174,.T.);
#17=FACE_BOUND('',#175,.T.);
#18=FACE_BOUND('',#176,.T.);
#19=FACE_BOUND('',#177,.T.);
#20=FACE_BOUND('',#178,.T.);
#21=FACE_BOUND('',#179,.T.);
#22=FACE_BOUND('',#180,.T.);
#23=FACE_BOUND('',#181,.T.);
#24=FACE_BOUND('',#182,.T.);
#25=FACE_BOUND('',#183,.T.);
#26=FACE_BOUND('',#184,.T.);
#27=FACE_BOUND('',#185,.T.);
#28=FACE_BOUND('',#186,.T.);
#29=FACE_BOUND('',#187,.T.);
#30=FACE_BOUND('',#188,.T.);
#31=FACE_BOUND('',#189,.T.);
#32=FACE_BOUND('',#190,.T.);
#33=FACE_BOUND('',#191,.T.);
#34=FACE_BOUND('',#192,.T.);
#35=FACE_BOUND('',#193,.T.);
#36=FACE_BOUND('',#194,.T.);
#37=FACE_BOUND('',#195,.T.);
#38=FACE_BOUND('',#196,.T.);
#39=FACE_BOUND('',#197,.T.);
#40=FACE_BOUND('',#198,.T.);
#41=FACE_BOUND('',#200,.T.);
#42=FACE_BOUND('',#201,.T.);
#43=FACE_BOUND('',#202,.T.);
#44=FACE_BOUND('',#203,.T.);
#45=FACE_BOUND('',#204,.T.);
#46=FACE_BOUND('',#205,.T.);
#47=FACE_BOUND('',#206,.T.);
#48=FACE_BOUND('',#207,.T.);
#49=FACE_BOUND('',#208,.T.);
#50=FACE_BOUND('',#209,.T.);
#51=FACE_BOUND('',#210,.T.);
#52=FACE_BOUND('',#211,.T.);
#53=FACE_BOUND('',#212,.T.);
#54=FACE_BOUND('',#213,.T.);
#55=FACE_BOUND('',#214,.T.);
#56=FACE_BOUND('',#215,.T.);
#57=FACE_BOUND('',#216,.T.);
#58=FACE_BOUND('',#217,.T.);
#59=FACE_BOUND('',#218,.T.);
#60=FACE_BOUND('',#219,.T.);
#61=FACE_BOUND('',#220,.T.);
#62=FACE_BOUND('',#221,.T.);
#63=FACE_BOUND('',#222,.T.);
#64=FACE_BOUND('',#223,.T.);
#65=FACE_BOUND('',#224,.T.);
#66=FACE_BOUND('',#225,.T.);
#67=PLANE('',#1487);
#68=PLANE('',#1488);
#69=PLANE('',#1489);
#70=PLANE('',#1490);
#71=PLANE('',#1526);
#72=PLANE('',#1566);
#73=PLANE('',#1570);
#74=PLANE('',#1578);
#75=PLANE('',#1579);
#76=PLANE('',#1580);
#77=PLANE('',#1581);
#78=PLANE('',#1584);
#79=PLANE('',#1587);
#80=PLANE('',#1588);
#81=PLANE('',#1591);
#82=PLANE('',#1596);
#83=PLANE('',#1599);
#84=PLANE('',#1600);
#85=PLANE('',#1603);
#86=PLANE('',#1609);
#87=PLANE('',#1613);
#88=PLANE('',#1616);
#89=FACE_OUTER_BOUND('',#158,.T.);
#90=FACE_OUTER_BOUND('',#159,.T.);
#91=FACE_OUTER_BOUND('',#160,.T.);
#92=FACE_OUTER_BOUND('',#161,.T.);
#93=FACE_OUTER_BOUND('',#162,.T.);
#94=FACE_OUTER_BOUND('',#163,.T.);
#95=FACE_OUTER_BOUND('',#164,.T.);
#96=FACE_OUTER_BOUND('',#165,.T.);
#97=FACE_OUTER_BOUND('',#166,.T.);
#98=FACE_OUTER_BOUND('',#167,.T.);
#99=FACE_OUTER_BOUND('',#168,.T.);
#100=FACE_OUTER_BOUND('',#169,.T.);
#101=FACE_OUTER_BOUND('',#170,.T.);
#102=FACE_OUTER_BOUND('',#171,.T.);
#103=FACE_OUTER_BOUND('',#172,.T.);
#104=FACE_OUTER_BOUND('',#199,.T.);
#105=FACE_OUTER_BOUND('',#226,.T.);
#106=FACE_OUTER_BOUND('',#227,.T.);
#107=FACE_OUTER_BOUND('',#228,.T.);
#108=FACE_OUTER_BOUND('',#229,.T.);
#109=FACE_OUTER_BOUND('',#230,.T.);
#110=FACE_OUTER_BOUND('',#231,.T.);
#111=FACE_OUTER_BOUND('',#232,.T.);
#112=FACE_OUTER_BOUND('',#233,.T.);
#113=FACE_OUTER_BOUND('',#234,.T.);
#114=FACE_OUTER_BOUND('',#235,.T.);
#115=FACE_OUTER_BOUND('',#236,.T.);
#116=FACE_OUTER_BOUND('',#237,.T.);
#117=FACE_OUTER_BOUND('',#238,.T.);
#118=FACE_OUTER_BOUND('',#239,.T.);
#119=FACE_OUTER_BOUND('',#240,.T.);
#120=FACE_OUTER_BOUND('',#241,.T.);
#121=FACE_OUTER_BOUND('',#242,.T.);
#122=FACE_OUTER_BOUND('',#243,.T.);
#123=FACE_OUTER_BOUND('',#244,.T.);
#124=FACE_OUTER_BOUND('',#245,.T.);
#125=FACE_OUTER_BOUND('',#246,.T.);
#126=FACE_OUTER_BOUND('',#247,.T.);
#127=FACE_OUTER_BOUND('',#248,.T.);
#128=FACE_OUTER_BOUND('',#249,.T.);
#129=FACE_OUTER_BOUND('',#250,.T.);
#130=FACE_OUTER_BOUND('',#251,.T.);
#131=FACE_OUTER_BOUND('',#252,.T.);
#132=FACE_OUTER_BOUND('',#253,.T.);
#133=FACE_OUTER_BOUND('',#254,.T.);
#134=FACE_OUTER_BOUND('',#255,.T.);
#135=FACE_OUTER_BOUND('',#256,.T.);
#136=FACE_OUTER_BOUND('',#257,.T.);
#137=FACE_OUTER_BOUND('',#258,.T.);
#138=FACE_OUTER_BOUND('',#259,.T.);
#139=FACE_OUTER_BOUND('',#260,.T.);
#140=FACE_OUTER_BOUND('',#261,.T.);
#141=FACE_OUTER_BOUND('',#262,.T.);
#142=FACE_OUTER_BOUND('',#263,.T.);
#143=FACE_OUTER_BOUND('',#264,.T.);
#144=FACE_OUTER_BOUND('',#265,.T.);
#145=FACE_OUTER_BOUND('',#266,.T.);
#146=FACE_OUTER_BOUND('',#267,.T.);
#147=FACE_OUTER_BOUND('',#268,.T.);
#148=FACE_OUTER_BOUND('',#269,.T.);
#149=FACE_OUTER_BOUND('',#270,.T.);
#150=FACE_OUTER_BOUND('',#271,.T.);
#151=FACE_OUTER_BOUND('',#272,.T.);
#152=FACE_OUTER_BOUND('',#273,.T.);
#153=FACE_OUTER_BOUND('',#274,.T.);
#154=FACE_OUTER_BOUND('',#275,.T.);
#155=FACE_OUTER_BOUND('',#276,.T.);
#156=FACE_OUTER_BOUND('',#277,.T.);
#157=FACE_OUTER_BOUND('',#278,.T.);
#158=EDGE_LOOP('',(#922,#923,#924,#925));
#159=EDGE_LOOP('',(#926,#927,#928,#929));
#160=EDGE_LOOP('',(#930,#931,#932,#933));
#161=EDGE_LOOP('',(#934,#935,#936,#937));
#162=EDGE_LOOP('',(#938,#939,#940,#941));
#163=EDGE_LOOP('',(#942,#943,#944,#945));
#164=EDGE_LOOP('',(#946,#947,#948,#949));
#165=EDGE_LOOP('',(#950,#951,#952,#953));
#166=EDGE_LOOP('',(#954,#955,#956,#957));
#167=EDGE_LOOP('',(#958,#959,#960,#961));
#168=EDGE_LOOP('',(#962,#963,#964,#965));
#169=EDGE_LOOP('',(#966,#967,#968,#969));
#170=EDGE_LOOP('',(#970,#971,#972,#973));
#171=EDGE_LOOP('',(#974,#975,#976,#977));
#172=EDGE_LOOP('',(#978,#979,#980,#981));
#173=EDGE_LOOP('',(#982));
#174=EDGE_LOOP('',(#983));
#175=EDGE_LOOP('',(#984));
#176=EDGE_LOOP('',(#985));
#177=EDGE_LOOP('',(#986));
#178=EDGE_LOOP('',(#987));
#179=EDGE_LOOP('',(#988));
#180=EDGE_LOOP('',(#989));
#181=EDGE_LOOP('',(#990));
#182=EDGE_LOOP('',(#991));
#183=EDGE_LOOP('',(#992));
#184=EDGE_LOOP('',(#993));
#185=EDGE_LOOP('',(#994));
#186=EDGE_LOOP('',(#995));
#187=EDGE_LOOP('',(#996));
#188=EDGE_LOOP('',(#997,#998,#999,#1000,#1001,#1002));
#189=EDGE_LOOP('',(#1003,#1004,#1005,#1006,#1007,#1008));
#190=EDGE_LOOP('',(#1009,#1010,#1011,#1012,#1013,#1014));
#191=EDGE_LOOP('',(#1015,#1016,#1017,#1018,#1019,#1020,#1021,#1022));
#192=EDGE_LOOP('',(#1023,#1024,#1025,#1026,#1027,#1028));
#193=EDGE_LOOP('',(#1029));
#194=EDGE_LOOP('',(#1030));
#195=EDGE_LOOP('',(#1031));
#196=EDGE_LOOP('',(#1032));
#197=EDGE_LOOP('',(#1033));
#198=EDGE_LOOP('',(#1034,#1035,#1036,#1037,#1038,#1039,#1040,#1041,#1042,
#1043,#1044,#1045));
#199=EDGE_LOOP('',(#1046,#1047,#1048,#1049));
#200=EDGE_LOOP('',(#1050));
#201=EDGE_LOOP('',(#1051));
#202=EDGE_LOOP('',(#1052));
#203=EDGE_LOOP('',(#1053));
#204=EDGE_LOOP('',(#1054));
#205=EDGE_LOOP('',(#1055));
#206=EDGE_LOOP('',(#1056));
#207=EDGE_LOOP('',(#1057));
#208=EDGE_LOOP('',(#1058,#1059,#1060,#1061,#1062,#1063));
#209=EDGE_LOOP('',(#1064,#1065,#1066,#1067,#1068,#1069));
#210=EDGE_LOOP('',(#1070,#1071,#1072,#1073,#1074,#1075));
#211=EDGE_LOOP('',(#1076,#1077,#1078,#1079,#1080,#1081,#1082,#1083));
#212=EDGE_LOOP('',(#1084,#1085,#1086,#1087,#1088,#1089));
#213=EDGE_LOOP('',(#1090));
#214=EDGE_LOOP('',(#1091));
#215=EDGE_LOOP('',(#1092));
#216=EDGE_LOOP('',(#1093));
#217=EDGE_LOOP('',(#1094));
#218=EDGE_LOOP('',(#1095));
#219=EDGE_LOOP('',(#1096));
#220=EDGE_LOOP('',(#1097));
#221=EDGE_LOOP('',(#1098));
#222=EDGE_LOOP('',(#1099));
#223=EDGE_LOOP('',(#1100));
#224=EDGE_LOOP('',(#1101));
#225=EDGE_LOOP('',(#1102,#1103,#1104,#1105,#1106,#1107,#1108,#1109));
#226=EDGE_LOOP('',(#1110,#1111,#1112,#1113));
#227=EDGE_LOOP('',(#1114,#1115,#1116,#1117));
#228=EDGE_LOOP('',(#1118,#1119,#1120,#1121));
#229=EDGE_LOOP('',(#1122,#1123,#1124,#1125));
#230=EDGE_LOOP('',(#1126,#1127,#1128));
#231=EDGE_LOOP('',(#1129,#1130,#1131,#1132));
#232=EDGE_LOOP('',(#1133,#1134,#1135));
#233=EDGE_LOOP('',(#1136,#1137,#1138,#1139));
#234=EDGE_LOOP('',(#1140,#1141,#1142,#1143));
#235=EDGE_LOOP('',(#1144,#1145,#1146,#1147));
#236=EDGE_LOOP('',(#1148,#1149,#1150,#1151));
#237=EDGE_LOOP('',(#1152,#1153,#1154,#1155));
#238=EDGE_LOOP('',(#1156,#1157,#1158,#1159));
#239=EDGE_LOOP('',(#1160,#1161,#1162,#1163));
#240=EDGE_LOOP('',(#1164,#1165,#1166,#1167));
#241=EDGE_LOOP('',(#1168,#1169,#1170,#1171));
#242=EDGE_LOOP('',(#1172,#1173,#1174,#1175));
#243=EDGE_LOOP('',(#1176,#1177,#1178,#1179));
#244=EDGE_LOOP('',(#1180,#1181,#1182,#1183));
#245=EDGE_LOOP('',(#1184,#1185,#1186,#1187));
#246=EDGE_LOOP('',(#1188,#1189,#1190,#1191));
#247=EDGE_LOOP('',(#1192,#1193,#1194,#1195));
#248=EDGE_LOOP('',(#1196,#1197,#1198,#1199));
#249=EDGE_LOOP('',(#1200,#1201,#1202,#1203));
#250=EDGE_LOOP('',(#1204,#1205,#1206,#1207));
#251=EDGE_LOOP('',(#1208,#1209,#1210,#1211));
#252=EDGE_LOOP('',(#1212,#1213,#1214,#1215));
#253=EDGE_LOOP('',(#1216,#1217,#1218,#1219));
#254=EDGE_LOOP('',(#1220,#1221,#1222,#1223));
#255=EDGE_LOOP('',(#1224,#1225,#1226,#1227));
#256=EDGE_LOOP('',(#1228,#1229,#1230,#1231));
#257=EDGE_LOOP('',(#1232,#1233,#1234,#1235));
#258=EDGE_LOOP('',(#1236,#1237,#1238,#1239));
#259=EDGE_LOOP('',(#1240,#1241,#1242,#1243));
#260=EDGE_LOOP('',(#1244,#1245,#1246,#1247));
#261=EDGE_LOOP('',(#1248,#1249,#1250,#1251));
#262=EDGE_LOOP('',(#1252,#1253,#1254,#1255));
#263=EDGE_LOOP('',(#1256,#1257,#1258,#1259));
#264=EDGE_LOOP('',(#1260,#1261,#1262,#1263));
#265=EDGE_LOOP('',(#1264,#1265,#1266,#1267));
#266=EDGE_LOOP('',(#1268,#1269,#1270,#1271));
#267=EDGE_LOOP('',(#1272,#1273,#1274,#1275));
#268=EDGE_LOOP('',(#1276,#1277,#1278,#1279));
#269=EDGE_LOOP('',(#1280,#1281,#1282,#1283));
#270=EDGE_LOOP('',(#1284,#1285,#1286,#1287));
#271=EDGE_LOOP('',(#1288,#1289,#1290,#1291,#1292,#1293,#1294,#1295));
#272=EDGE_LOOP('',(#1296,#1297,#1298,#1299));
#273=EDGE_LOOP('',(#1300,#1301,#1302,#1303));
#274=EDGE_LOOP('',(#1304,#1305,#1306,#1307));
#275=EDGE_LOOP('',(#1308,#1309,#1310,#1311));
#276=EDGE_LOOP('',(#1312,#1313,#1314,#1315));
#277=EDGE_LOOP('',(#1316,#1317,#1318,#1319));
#278=EDGE_LOOP('',(#1320,#1321,#1322,#1323));
#279=LINE('',#2057,#386);
#280=LINE('',#2063,#387);
#281=LINE('',#2069,#388);
#282=LINE('',#2075,#389);
#283=LINE('',#2081,#390);
#284=LINE('',#2087,#391);
#285=LINE('',#2093,#392);
#286=LINE('',#2099,#393);
#287=LINE('',#2106,#394);
#288=LINE('',#2109,#395);
#289=LINE('',#2114,#396);
#290=LINE('',#2121,#397);
#291=LINE('',#2124,#398);
#292=LINE('',#2127,#399);
#293=LINE('',#2129,#400);
#294=LINE('',#2130,#401);
#295=LINE('',#2133,#402);
#296=LINE('',#2135,#403);
#297=LINE('',#2136,#404);
#298=LINE('',#2139,#405);
#299=LINE('',#2141,#406);
#300=LINE('',#2142,#407);
#301=LINE('',#2146,#408);
#302=LINE('',#2148,#409);
#303=LINE('',#2150,#410);
#304=LINE('',#2151,#411);
#305=LINE('',#2172,#412);
#306=LINE('',#2177,#413);
#307=LINE('',#2180,#414);
#308=LINE('',#2186,#415);
#309=LINE('',#2196,#416);
#310=LINE('',#2201,#417);
#311=LINE('',#2207,#418);
#312=LINE('',#2212,#419);
#313=LINE('',#2219,#420);
#314=LINE('',#2224,#421);
#315=LINE('',#2238,#422);
#316=LINE('',#2240,#423);
#317=LINE('',#2242,#424);
#318=LINE('',#2244,#425);
#319=LINE('',#2246,#426);
#320=LINE('',#2253,#427);
#321=LINE('',#2255,#428);
#322=LINE('',#2257,#429);
#323=LINE('',#2258,#430);
#324=LINE('',#2263,#431);
#325=LINE('',#2269,#432);
#326=LINE('',#2275,#433);
#327=LINE('',#2281,#434);
#328=LINE('',#2285,#435);
#329=LINE('',#2291,#436);
#330=LINE('',#2300,#437);
#331=LINE('',#2308,#438);
#332=LINE('',#2314,#439);
#333=LINE('',#2339,#440);
#334=LINE('',#2345,#441);
#335=LINE('',#2350,#442);
#336=LINE('',#2352,#443);
#337=LINE('',#2354,#444);
#338=LINE('',#2356,#445);
#339=LINE('',#2360,#446);
#340=LINE('',#2364,#447);
#341=LINE('',#2366,#448);
#342=LINE('',#2368,#449);
#343=LINE('',#2370,#450);
#344=LINE('',#2372,#451);
#345=LINE('',#2374,#452);
#346=LINE('',#2376,#453);
#347=LINE('',#2378,#454);
#348=LINE('',#2380,#455);
#349=LINE('',#2382,#456);
#350=LINE('',#2383,#457);
#351=LINE('',#2385,#458);
#352=LINE('',#2387,#459);
#353=LINE('',#2390,#460);
#354=LINE('',#2391,#461);
#355=LINE('',#2393,#462);
#356=LINE('',#2395,#463);
#357=LINE('',#2397,#464);
#358=LINE('',#2399,#465);
#359=LINE('',#2402,#466);
#360=LINE('',#2403,#467);
#361=LINE('',#2405,#468);
#362=LINE('',#2407,#469);
#363=LINE('',#2410,#470);
#364=LINE('',#2413,#471);
#365=LINE('',#2414,#472);
#366=LINE('',#2416,#473);
#367=LINE('',#2418,#474);
#368=LINE('',#2420,#475);
#369=LINE('',#2422,#476);
#370=LINE('',#2425,#477);
#371=LINE('',#2426,#478);
#372=LINE('',#2428,#479);
#373=LINE('',#2430,#480);
#374=LINE('',#2432,#481);
#375=LINE('',#2434,#482);
#376=LINE('',#2437,#483);
#377=LINE('',#2439,#484);
#378=LINE('',#2441,#485);
#379=LINE('',#2443,#486);
#380=LINE('',#2446,#487);
#381=LINE('',#2447,#488);
#382=LINE('',#2449,#489);
#383=LINE('',#2451,#490);
#384=LINE('',#2453,#491);
#385=LINE('',#2455,#492);
#386=VECTOR('',#1623,1.45);
#387=VECTOR('',#1630,1.45);
#388=VECTOR('',#1637,1.45);
#389=VECTOR('',#1644,1.45);
#390=VECTOR('',#1651,1.45);
#391=VECTOR('',#1658,1.45);
#392=VECTOR('',#1665,1.45);
#393=VECTOR('',#1672,1.45);
#394=VECTOR('',#1679,10.);
#395=VECTOR('',#1682,10.);
#396=VECTOR('',#1687,1.45);
#397=VECTOR('',#1694,10.);
#398=VECTOR('',#1697,10.);
#399=VECTOR('',#1700,10.);
#400=VECTOR('',#1701,10.);
#401=VECTOR('',#1702,10.);
#402=VECTOR('',#1705,10.);
#403=VECTOR('',#1706,10.);
#404=VECTOR('',#1707,10.);
#405=VECTOR('',#1710,10.);
#406=VECTOR('',#1711,10.);
#407=VECTOR('',#1712,10.);
#408=VECTOR('',#1715,10.);
#409=VECTOR('',#1716,10.);
#410=VECTOR('',#1717,10.);
#411=VECTOR('',#1718,10.);
#412=VECTOR('',#1737,10.);
#413=VECTOR('',#1742,10.);
#414=VECTOR('',#1743,10.);
#415=VECTOR('',#1748,10.);
#416=VECTOR('',#1757,10.);
#417=VECTOR('',#1762,10.);
#418=VECTOR('',#1767,10.);
#419=VECTOR('',#1772,10.);
#420=VECTOR('',#1777,10.);
#421=VECTOR('',#1782,10.);
#422=VECTOR('',#1795,10.);
#423=VECTOR('',#1796,10.);
#424=VECTOR('',#1797,10.);
#425=VECTOR('',#1798,10.);
#426=VECTOR('',#1799,10.);
#427=VECTOR('',#1806,10.);
#428=VECTOR('',#1807,10.);
#429=VECTOR('',#1808,10.);
#430=VECTOR('',#1809,10.);
#431=VECTOR('',#1812,10.);
#432=VECTOR('',#1817,10.);
#433=VECTOR('',#1822,10.);
#434=VECTOR('',#1827,10.);
#435=VECTOR('',#1830,10.);
#436=VECTOR('',#1835,10.);
#437=VECTOR('',#1844,10.);
#438=VECTOR('',#1851,10.);
#439=VECTOR('',#1856,10.);
#440=VECTOR('',#1881,10.);
#441=VECTOR('',#1886,10.);
#442=VECTOR('',#1893,1.45);
#443=VECTOR('',#1896,1.45);
#444=VECTOR('',#1899,1.45);
#445=VECTOR('',#1902,1.45);
#446=VECTOR('',#1907,10.);
#447=VECTOR('',#1912,10.);
#448=VECTOR('',#1915,10.);
#449=VECTOR('',#1918,1.75);
#450=VECTOR('',#1921,1.75);
#451=VECTOR('',#1924,1.75);
#452=VECTOR('',#1927,1.75);
#453=VECTOR('',#1930,1.75);
#454=VECTOR('',#1933,1.75);
#455=VECTOR('',#1936,1.75);
#456=VECTOR('',#1939,10.);
#457=VECTOR('',#1940,10.);
#458=VECTOR('',#1943,10.);
#459=VECTOR('',#1946,10.);
#460=VECTOR('',#1951,10.);
#461=VECTOR('',#1952,10.);
#462=VECTOR('',#1955,10.);
#463=VECTOR('',#1958,10.);
#464=VECTOR('',#1961,10.);
#465=VECTOR('',#1964,10.);
#466=VECTOR('',#1969,10.);
#467=VECTOR('',#1970,10.);
#468=VECTOR('',#1973,10.);
#469=VECTOR('',#1976,10.);
#470=VECTOR('',#1981,10.);
#471=VECTOR('',#1986,10.);
#472=VECTOR('',#1987,10.);
#473=VECTOR('',#1990,10.);
#474=VECTOR('',#1993,10.);
#475=VECTOR('',#1996,10.);
#476=VECTOR('',#1999,10.);
#477=VECTOR('',#2004,10.);
#478=VECTOR('',#2005,10.);
#479=VECTOR('',#2008,10.);
#480=VECTOR('',#2011,10.);
#481=VECTOR('',#2014,10.);
#482=VECTOR('',#2017,10.);
#483=VECTOR('',#2022,10.);
#484=VECTOR('',#2025,10.);
#485=VECTOR('',#2028,10.);
#486=VECTOR('',#2031,10.);
#487=VECTOR('',#2036,10.);
#488=VECTOR('',#2037,10.);
#489=VECTOR('',#2040,10.);
#490=VECTOR('',#2043,10.);
#491=VECTOR('',#2046,10.);
#492=VECTOR('',#2049,10.);
#493=CIRCLE('',#1455,1.45);
#494=CIRCLE('',#1456,1.45);
#495=CIRCLE('',#1458,1.45);
#496=CIRCLE('',#1459,1.45);
#497=CIRCLE('',#1461,1.45);
#498=CIRCLE('',#1462,1.45);
#499=CIRCLE('',#1464,1.45);
#500=CIRCLE('',#1465,1.45);
#501=CIRCLE('',#1467,1.45);
#502=CIRCLE('',#1468,1.45);
#503=CIRCLE('',#1470,1.45);
#504=CIRCLE('',#1471,1.45);
#505=CIRCLE('',#1473,1.45);
#506=CIRCLE('',#1474,1.45);
#507=CIRCLE('',#1476,1.45);
#508=CIRCLE('',#1477,1.45);
#509=CIRCLE('',#1479,1.45);
#510=CIRCLE('',#1480,1.45);
#511=CIRCLE('',#1482,1.45);
#512=CIRCLE('',#1483,1.45);
#513=CIRCLE('',#1485,1.45);
#514=CIRCLE('',#1486,1.45);
#515=CIRCLE('',#1491,1.75);
#516=CIRCLE('',#1492,1.75);
#517=CIRCLE('',#1493,1.75);
#518=CIRCLE('',#1494,1.75);
#519=CIRCLE('',#1495,1.75);
#520=CIRCLE('',#1496,1.75);
#521=CIRCLE('',#1497,1.75);
#522=CIRCLE('',#1498,2.);
#523=CIRCLE('',#1499,2.00000000000001);
#524=CIRCLE('',#1500,2.);
#525=CIRCLE('',#1501,2.00000000000001);
#526=CIRCLE('',#1502,2.00000000000001);
#527=CIRCLE('',#1503,2.);
#528=CIRCLE('',#1504,2.00000000000001);
#529=CIRCLE('',#1505,2.);
#530=CIRCLE('',#1506,2.);
#531=CIRCLE('',#1507,2.00000000000001);
#532=CIRCLE('',#1508,2.);
#533=CIRCLE('',#1509,2.00000000000001);
#534=CIRCLE('',#1510,2.00000000000001);
#535=CIRCLE('',#1511,2.);
#536=CIRCLE('',#1512,2.00000000000001);
#537=CIRCLE('',#1513,2.);
#538=CIRCLE('',#1514,1.99999999999999);
#539=CIRCLE('',#1515,2.00000000000001);
#540=CIRCLE('',#1516,2.00000000000001);
#541=CIRCLE('',#1517,2.00000000000001);
#542=CIRCLE('',#1518,1.45);
#543=CIRCLE('',#1519,1.45);
#544=CIRCLE('',#1520,1.45);
#545=CIRCLE('',#1521,1.45);
#546=CIRCLE('',#1522,2.00000000000001);
#547=CIRCLE('',#1523,2.);
#548=CIRCLE('',#1524,2.00000000000001);
#549=CIRCLE('',#1525,2.);
#550=CIRCLE('',#1527,1.99999999999999);
#551=CIRCLE('',#1528,2.00000000000001);
#552=CIRCLE('',#1529,2.00000000000001);
#553=CIRCLE('',#1530,2.00000000000001);
#554=CIRCLE('',#1531,2.);
#555=CIRCLE('',#1532,2.00000000000001);
#556=CIRCLE('',#1533,2.);
#557=CIRCLE('',#1534,2.00000000000001);
#558=CIRCLE('',#1535,2.);
#559=CIRCLE('',#1536,2.00000000000001);
#560=CIRCLE('',#1537,2.);
#561=CIRCLE('',#1538,2.00000000000001);
#562=CIRCLE('',#1539,2.);
#563=CIRCLE('',#1540,2.00000000000001);
#564=CIRCLE('',#1541,2.);
#565=CIRCLE('',#1542,2.00000000000001);
#566=CIRCLE('',#1543,2.);
#567=CIRCLE('',#1544,2.00000000000001);
#568=CIRCLE('',#1545,2.);
#569=CIRCLE('',#1546,2.00000000000001);
#570=CIRCLE('',#1547,1.75);
#571=CIRCLE('',#1548,1.75);
#572=CIRCLE('',#1549,1.75);
#573=CIRCLE('',#1550,1.75);
#574=CIRCLE('',#1551,1.75);
#575=CIRCLE('',#1552,1.75);
#576=CIRCLE('',#1553,1.75);
#577=CIRCLE('',#1554,1.45);
#578=CIRCLE('',#1555,1.45);
#579=CIRCLE('',#1556,1.45);
#580=CIRCLE('',#1557,1.45);
#581=CIRCLE('',#1558,2.);
#582=CIRCLE('',#1559,2.00000000000001);
#583=CIRCLE('',#1560,2.);
#584=CIRCLE('',#1561,2.00000000000001);
#585=CIRCLE('',#1567,17.65);
#586=CIRCLE('',#1569,17.65);
#587=VERTEX_POINT('',#2054);
#588=VERTEX_POINT('',#2056);
#589=VERTEX_POINT('',#2060);
#590=VERTEX_POINT('',#2062);
#591=VERTEX_POINT('',#2066);
#592=VERTEX_POINT('',#2068);
#593=VERTEX_POINT('',#2072);
#594=VERTEX_POINT('',#2074);
#595=VERTEX_POINT('',#2078);
#596=VERTEX_POINT('',#2080);
#597=VERTEX_POINT('',#2084);
#598=VERTEX_POINT('',#2086);
#599=VERTEX_POINT('',#2090);
#600=VERTEX_POINT('',#2092);
#601=VERTEX_POINT('',#2096);
#602=VERTEX_POINT('',#2098);
#603=VERTEX_POINT('',#2102);
#604=VERTEX_POINT('',#2103);
#605=VERTEX_POINT('',#2105);
#606=VERTEX_POINT('',#2107);
#607=VERTEX_POINT('',#2111);
#608=VERTEX_POINT('',#2113);
#609=VERTEX_POINT('',#2117);
#610=VERTEX_POINT('',#2118);
#611=VERTEX_POINT('',#2120);
#612=VERTEX_POINT('',#2122);
#613=VERTEX_POINT('',#2126);
#614=VERTEX_POINT('',#2128);
#615=VERTEX_POINT('',#2132);
#616=VERTEX_POINT('',#2134);
#617=VERTEX_POINT('',#2138);
#618=VERTEX_POINT('',#2140);
#619=VERTEX_POINT('',#2144);
#620=VERTEX_POINT('',#2145);
#621=VERTEX_POINT('',#2147);
#622=VERTEX_POINT('',#2149);
#623=VERTEX_POINT('',#2152);
#624=VERTEX_POINT('',#2154);
#625=VERTEX_POINT('',#2156);
#626=VERTEX_POINT('',#2158);
#627=VERTEX_POINT('',#2160);
#628=VERTEX_POINT('',#2162);
#629=VERTEX_POINT('',#2164);
#630=VERTEX_POINT('',#2166);
#631=VERTEX_POINT('',#2167);
#632=VERTEX_POINT('',#2169);
#633=VERTEX_POINT('',#2171);
#634=VERTEX_POINT('',#2173);
#635=VERTEX_POINT('',#2175);
#636=VERTEX_POINT('',#2178);
#637=VERTEX_POINT('',#2179);
#638=VERTEX_POINT('',#2181);
#639=VERTEX_POINT('',#2183);
#640=VERTEX_POINT('',#2185);
#641=VERTEX_POINT('',#2187);
#642=VERTEX_POINT('',#2190);
#643=VERTEX_POINT('',#2191);
#644=VERTEX_POINT('',#2193);
#645=VERTEX_POINT('',#2195);
#646=VERTEX_POINT('',#2197);
#647=VERTEX_POINT('',#2199);
#648=VERTEX_POINT('',#2202);
#649=VERTEX_POINT('',#2204);
#650=VERTEX_POINT('',#2206);
#651=VERTEX_POINT('',#2208);
#652=VERTEX_POINT('',#2210);
#653=VERTEX_POINT('',#2213);
#654=VERTEX_POINT('',#2214);
#655=VERTEX_POINT('',#2216);
#656=VERTEX_POINT('',#2218);
#657=VERTEX_POINT('',#2220);
#658=VERTEX_POINT('',#2222);
#659=VERTEX_POINT('',#2225);
#660=VERTEX_POINT('',#2227);
#661=VERTEX_POINT('',#2229);
#662=VERTEX_POINT('',#2231);
#663=VERTEX_POINT('',#2233);
#664=VERTEX_POINT('',#2235);
#665=VERTEX_POINT('',#2237);
#666=VERTEX_POINT('',#2239);
#667=VERTEX_POINT('',#2241);
#668=VERTEX_POINT('',#2243);
#669=VERTEX_POINT('',#2245);
#670=VERTEX_POINT('',#2247);
#671=VERTEX_POINT('',#2251);
#672=VERTEX_POINT('',#2252);
#673=VERTEX_POINT('',#2254);
#674=VERTEX_POINT('',#2256);
#675=VERTEX_POINT('',#2259);
#676=VERTEX_POINT('',#2260);
#677=VERTEX_POINT('',#2262);
#678=VERTEX_POINT('',#2264);
#679=VERTEX_POINT('',#2266);
#680=VERTEX_POINT('',#2268);
#681=VERTEX_POINT('',#2271);
#682=VERTEX_POINT('',#2272);
#683=VERTEX_POINT('',#2274);
#684=VERTEX_POINT('',#2276);
#685=VERTEX_POINT('',#2278);
#686=VERTEX_POINT('',#2280);
#687=VERTEX_POINT('',#2283);
#688=VERTEX_POINT('',#2284);
#689=VERTEX_POINT('',#2286);
#690=VERTEX_POINT('',#2288);
#691=VERTEX_POINT('',#2290);
#692=VERTEX_POINT('',#2292);
#693=VERTEX_POINT('',#2295);
#694=VERTEX_POINT('',#2297);
#695=VERTEX_POINT('',#2299);
#696=VERTEX_POINT('',#2301);
#697=VERTEX_POINT('',#2304);
#698=VERTEX_POINT('',#2305);
#699=VERTEX_POINT('',#2307);
#700=VERTEX_POINT('',#2309);
#701=VERTEX_POINT('',#2311);
#702=VERTEX_POINT('',#2313);
#703=VERTEX_POINT('',#2316);
#704=VERTEX_POINT('',#2318);
#705=VERTEX_POINT('',#2320);
#706=VERTEX_POINT('',#2322);
#707=VERTEX_POINT('',#2324);
#708=VERTEX_POINT('',#2326);
#709=VERTEX_POINT('',#2328);
#710=VERTEX_POINT('',#2330);
#711=VERTEX_POINT('',#2332);
#712=VERTEX_POINT('',#2334);
#713=VERTEX_POINT('',#2336);
#714=VERTEX_POINT('',#2338);
#715=VERTEX_POINT('',#2340);
#716=VERTEX_POINT('',#2342);
#717=VERTEX_POINT('',#2344);
#718=VERTEX_POINT('',#2346);
#719=VERTEX_POINT('',#2358);
#720=VERTEX_POINT('',#2362);
#721=EDGE_CURVE('',#587,#587,#493,.T.);
#722=EDGE_CURVE('',#587,#588,#279,.T.);
#723=EDGE_CURVE('',#588,#588,#494,.T.);
#724=EDGE_CURVE('',#589,#589,#495,.T.);
#725=EDGE_CURVE('',#589,#590,#280,.T.);
#726=EDGE_CURVE('',#590,#590,#496,.T.);
#727=EDGE_CURVE('',#591,#591,#497,.T.);
#728=EDGE_CURVE('',#591,#592,#281,.T.);
#729=EDGE_CURVE('',#592,#592,#498,.T.);
#730=EDGE_CURVE('',#593,#593,#499,.T.);
#731=EDGE_CURVE('',#593,#594,#282,.T.);
#732=EDGE_CURVE('',#594,#594,#500,.T.);
#733=EDGE_CURVE('',#595,#595,#501,.T.);
#734=EDGE_CURVE('',#595,#596,#283,.T.);
#735=EDGE_CURVE('',#596,#596,#502,.T.);
#736=EDGE_CURVE('',#597,#597,#503,.T.);
#737=EDGE_CURVE('',#597,#598,#284,.T.);
#738=EDGE_CURVE('',#598,#598,#504,.T.);
#739=EDGE_CURVE('',#599,#599,#505,.T.);
#740=EDGE_CURVE('',#599,#600,#285,.T.);
#741=EDGE_CURVE('',#600,#600,#506,.T.);
#742=EDGE_CURVE('',#601,#601,#507,.T.);
#743=EDGE_CURVE('',#601,#602,#286,.T.);
#744=EDGE_CURVE('',#602,#602,#508,.T.);
#745=EDGE_CURVE('',#603,#604,#509,.T.);
#746=EDGE_CURVE('',#605,#603,#287,.T.);
#747=EDGE_CURVE('',#606,#605,#510,.T.);
#748=EDGE_CURVE('',#604,#606,#288,.T.);
#749=EDGE_CURVE('',#607,#607,#511,.T.);
#750=EDGE_CURVE('',#607,#608,#289,.T.);
#751=EDGE_CURVE('',#608,#608,#512,.T.);
#752=EDGE_CURVE('',#609,#610,#513,.T.);
#753=EDGE_CURVE('',#611,#609,#290,.T.);
#754=EDGE_CURVE('',#612,#611,#514,.T.);
#755=EDGE_CURVE('',#610,#612,#291,.T.);
#756=EDGE_CURVE('',#613,#606,#292,.T.);
#757=EDGE_CURVE('',#613,#614,#293,.T.);
#758=EDGE_CURVE('',#604,#614,#294,.T.);
#759=EDGE_CURVE('',#615,#609,#295,.T.);
#760=EDGE_CURVE('',#616,#615,#296,.T.);
#761=EDGE_CURVE('',#611,#616,#297,.T.);
#762=EDGE_CURVE('',#617,#612,#298,.T.);
#763=EDGE_CURVE('',#617,#618,#299,.T.);
#764=EDGE_CURVE('',#610,#618,#300,.T.);
#765=EDGE_CURVE('',#619,#620,#301,.T.);
#766=EDGE_CURVE('',#621,#620,#302,.T.);
#767=EDGE_CURVE('',#622,#621,#303,.T.);
#768=EDGE_CURVE('',#622,#619,#304,.T.);
#769=EDGE_CURVE('',#623,#623,#515,.T.);
#770=EDGE_CURVE('',#624,#624,#516,.T.);
#771=EDGE_CURVE('',#625,#625,#517,.T.);
#772=EDGE_CURVE('',#626,#626,#518,.T.);
#773=EDGE_CURVE('',#627,#627,#519,.T.);
#774=EDGE_CURVE('',#628,#628,#520,.T.);
#775=EDGE_CURVE('',#629,#629,#521,.T.);
#776=EDGE_CURVE('',#630,#631,#522,.T.);
#777=EDGE_CURVE('',#631,#632,#523,.T.);
#778=EDGE_CURVE('',#632,#633,#305,.T.);
#779=EDGE_CURVE('',#633,#634,#524,.T.);
#780=EDGE_CURVE('',#634,#635,#525,.T.);
#781=EDGE_CURVE('',#635,#630,#306,.T.);
#782=EDGE_CURVE('',#636,#637,#307,.T.);
#783=EDGE_CURVE('',#637,#638,#526,.T.);
#784=EDGE_CURVE('',#638,#639,#527,.T.);
#785=EDGE_CURVE('',#639,#640,#308,.T.);
#786=EDGE_CURVE('',#640,#641,#528,.T.);
#787=EDGE_CURVE('',#641,#636,#529,.T.);
#788=EDGE_CURVE('',#642,#643,#530,.T.);
#789=EDGE_CURVE('',#643,#644,#531,.T.);
#790=EDGE_CURVE('',#644,#645,#309,.T.);
#791=EDGE_CURVE('',#645,#646,#532,.T.);
#792=EDGE_CURVE('',#646,#647,#533,.T.);
#793=EDGE_CURVE('',#647,#642,#310,.T.);
#794=EDGE_CURVE('',#614,#648,#534,.T.);
#795=EDGE_CURVE('',#648,#649,#535,.T.);
#796=EDGE_CURVE('',#649,#650,#311,.T.);
#797=EDGE_CURVE('',#650,#651,#536,.T.);
#798=EDGE_CURVE('',#651,#652,#537,.T.);
#799=EDGE_CURVE('',#652,#603,#312,.T.);
#800=EDGE_CURVE('',#653,#654,#538,.T.);
#801=EDGE_CURVE('',#654,#655,#539,.T.);
#802=EDGE_CURVE('',#655,#656,#313,.T.);
#803=EDGE_CURVE('',#656,#657,#540,.T.);
#804=EDGE_CURVE('',#657,#658,#541,.T.);
#805=EDGE_CURVE('',#658,#653,#314,.T.);
#806=EDGE_CURVE('',#659,#659,#542,.T.);
#807=EDGE_CURVE('',#660,#660,#543,.T.);
#808=EDGE_CURVE('',#661,#661,#544,.T.);
#809=EDGE_CURVE('',#662,#662,#545,.T.);
#810=EDGE_CURVE('',#618,#663,#546,.T.);
#811=EDGE_CURVE('',#663,#664,#547,.T.);
#812=EDGE_CURVE('',#664,#665,#315,.T.);
#813=EDGE_CURVE('',#665,#666,#316,.T.);
#814=EDGE_CURVE('',#666,#667,#317,.T.);
#815=EDGE_CURVE('',#667,#668,#318,.T.);
#816=EDGE_CURVE('',#668,#669,#319,.T.);
#817=EDGE_CURVE('',#669,#670,#548,.T.);
#818=EDGE_CURVE('',#670,#615,#549,.T.);
#819=EDGE_CURVE('',#671,#672,#320,.T.);
#820=EDGE_CURVE('',#672,#673,#321,.T.);
#821=EDGE_CURVE('',#674,#673,#322,.T.);
#822=EDGE_CURVE('',#671,#674,#323,.T.);
#823=EDGE_CURVE('',#675,#676,#550,.T.);
#824=EDGE_CURVE('',#676,#677,#324,.T.);
#825=EDGE_CURVE('',#677,#678,#551,.T.);
#826=EDGE_CURVE('',#678,#679,#552,.T.);
#827=EDGE_CURVE('',#679,#680,#325,.T.);
#828=EDGE_CURVE('',#680,#675,#553,.T.);
#829=EDGE_CURVE('',#681,#682,#554,.T.);
#830=EDGE_CURVE('',#682,#683,#326,.T.);
#831=EDGE_CURVE('',#683,#684,#555,.T.);
#832=EDGE_CURVE('',#684,#685,#556,.T.);
#833=EDGE_CURVE('',#685,#686,#327,.T.);
#834=EDGE_CURVE('',#686,#681,#557,.T.);
#835=EDGE_CURVE('',#687,#688,#328,.T.);
#836=EDGE_CURVE('',#688,#689,#558,.T.);
#837=EDGE_CURVE('',#689,#690,#559,.T.);
#838=EDGE_CURVE('',#690,#691,#329,.T.);
#839=EDGE_CURVE('',#691,#692,#560,.T.);
#840=EDGE_CURVE('',#692,#687,#561,.T.);
#841=EDGE_CURVE('',#616,#693,#562,.T.);
#842=EDGE_CURVE('',#693,#694,#563,.T.);
#843=EDGE_CURVE('',#694,#695,#330,.T.);
#844=EDGE_CURVE('',#695,#696,#564,.T.);
#845=EDGE_CURVE('',#696,#617,#565,.T.);
#846=EDGE_CURVE('',#697,#698,#566,.T.);
#847=EDGE_CURVE('',#698,#699,#331,.T.);
#848=EDGE_CURVE('',#699,#700,#567,.T.);
#849=EDGE_CURVE('',#700,#701,#568,.T.);
#850=EDGE_CURVE('',#701,#702,#332,.T.);
#851=EDGE_CURVE('',#702,#697,#569,.T.);
#852=EDGE_CURVE('',#703,#703,#570,.T.);
#853=EDGE_CURVE('',#704,#704,#571,.T.);
#854=EDGE_CURVE('',#705,#705,#572,.T.);
#855=EDGE_CURVE('',#706,#706,#573,.T.);
#856=EDGE_CURVE('',#707,#707,#574,.T.);
#857=EDGE_CURVE('',#708,#708,#575,.T.);
#858=EDGE_CURVE('',#709,#709,#576,.T.);
#859=EDGE_CURVE('',#710,#710,#577,.T.);
#860=EDGE_CURVE('',#711,#711,#578,.T.);
#861=EDGE_CURVE('',#712,#712,#579,.T.);
#862=EDGE_CURVE('',#713,#713,#580,.T.);
#863=EDGE_CURVE('',#605,#714,#333,.T.);
#864=EDGE_CURVE('',#714,#715,#581,.T.);
#865=EDGE_CURVE('',#715,#716,#582,.T.);
#866=EDGE_CURVE('',#716,#717,#334,.T.);
#867=EDGE_CURVE('',#717,#718,#583,.T.);
#868=EDGE_CURVE('',#718,#613,#584,.T.);
#869=EDGE_CURVE('',#713,#662,#335,.T.);
#870=EDGE_CURVE('',#712,#661,#336,.T.);
#871=EDGE_CURVE('',#711,#660,#337,.T.);
#872=EDGE_CURVE('',#710,#659,#338,.T.);
#873=EDGE_CURVE('',#719,#667,#585,.T.);
#874=EDGE_CURVE('',#668,#719,#339,.T.);
#875=EDGE_CURVE('',#666,#720,#586,.T.);
#876=EDGE_CURVE('',#719,#720,#340,.T.);
#877=EDGE_CURVE('',#720,#665,#341,.T.);
#878=EDGE_CURVE('',#709,#623,#342,.T.);
#879=EDGE_CURVE('',#708,#624,#343,.T.);
#880=EDGE_CURVE('',#707,#625,#344,.T.);
#881=EDGE_CURVE('',#706,#626,#345,.T.);
#882=EDGE_CURVE('',#705,#627,#346,.T.);
#883=EDGE_CURVE('',#704,#628,#347,.T.);
#884=EDGE_CURVE('',#703,#629,#348,.T.);
#885=EDGE_CURVE('',#672,#619,#349,.T.);
#886=EDGE_CURVE('',#620,#671,#350,.T.);
#887=EDGE_CURVE('',#621,#674,#351,.T.);
#888=EDGE_CURVE('',#673,#622,#352,.T.);
#889=EDGE_CURVE('',#675,#654,#353,.T.);
#890=EDGE_CURVE('',#676,#653,#354,.T.);
#891=EDGE_CURVE('',#680,#655,#355,.T.);
#892=EDGE_CURVE('',#679,#656,#356,.T.);
#893=EDGE_CURVE('',#678,#657,#357,.T.);
#894=EDGE_CURVE('',#677,#658,#358,.T.);
#895=EDGE_CURVE('',#716,#650,#359,.T.);
#896=EDGE_CURVE('',#717,#649,#360,.T.);
#897=EDGE_CURVE('',#715,#651,#361,.T.);
#898=EDGE_CURVE('',#714,#652,#362,.T.);
#899=EDGE_CURVE('',#718,#648,#363,.T.);
#900=EDGE_CURVE('',#681,#643,#364,.T.);
#901=EDGE_CURVE('',#682,#642,#365,.T.);
#902=EDGE_CURVE('',#686,#644,#366,.T.);
#903=EDGE_CURVE('',#685,#645,#367,.T.);
#904=EDGE_CURVE('',#684,#646,#368,.T.);
#905=EDGE_CURVE('',#683,#647,#369,.T.);
#906=EDGE_CURVE('',#687,#637,#370,.T.);
#907=EDGE_CURVE('',#688,#636,#371,.T.);
#908=EDGE_CURVE('',#692,#638,#372,.T.);
#909=EDGE_CURVE('',#691,#639,#373,.T.);
#910=EDGE_CURVE('',#690,#640,#374,.T.);
#911=EDGE_CURVE('',#689,#641,#375,.T.);
#912=EDGE_CURVE('',#693,#670,#376,.T.);
#913=EDGE_CURVE('',#696,#663,#377,.T.);
#914=EDGE_CURVE('',#695,#664,#378,.T.);
#915=EDGE_CURVE('',#694,#669,#379,.T.);
#916=EDGE_CURVE('',#697,#631,#380,.T.);
#917=EDGE_CURVE('',#698,#630,#381,.T.);
#918=EDGE_CURVE('',#702,#632,#382,.T.);
#919=EDGE_CURVE('',#701,#633,#383,.T.);
#920=EDGE_CURVE('',#700,#634,#384,.T.);
#921=EDGE_CURVE('',#699,#635,#385,.T.);
#922=ORIENTED_EDGE('',*,*,#721,.F.);
#923=ORIENTED_EDGE('',*,*,#722,.T.);
#924=ORIENTED_EDGE('',*,*,#723,.F.);
#925=ORIENTED_EDGE('',*,*,#722,.F.);
#926=ORIENTED_EDGE('',*,*,#724,.F.);
#927=ORIENTED_EDGE('',*,*,#725,.T.);
#928=ORIENTED_EDGE('',*,*,#726,.F.);
#929=ORIENTED_EDGE('',*,*,#725,.F.);
#930=ORIENTED_EDGE('',*,*,#727,.F.);
#931=ORIENTED_EDGE('',*,*,#728,.T.);
#932=ORIENTED_EDGE('',*,*,#729,.F.);
#933=ORIENTED_EDGE('',*,*,#728,.F.);
#934=ORIENTED_EDGE('',*,*,#730,.F.);
#935=ORIENTED_EDGE('',*,*,#731,.T.);
#936=ORIENTED_EDGE('',*,*,#732,.F.);
#937=ORIENTED_EDGE('',*,*,#731,.F.);
#938=ORIENTED_EDGE('',*,*,#733,.F.);
#939=ORIENTED_EDGE('',*,*,#734,.T.);
#940=ORIENTED_EDGE('',*,*,#735,.F.);
#941=ORIENTED_EDGE('',*,*,#734,.F.);
#942=ORIENTED_EDGE('',*,*,#736,.F.);
#943=ORIENTED_EDGE('',*,*,#737,.T.);
#944=ORIENTED_EDGE('',*,*,#738,.F.);
#945=ORIENTED_EDGE('',*,*,#737,.F.);
#946=ORIENTED_EDGE('',*,*,#739,.F.);
#947=ORIENTED_EDGE('',*,*,#740,.T.);
#948=ORIENTED_EDGE('',*,*,#741,.F.);
#949=ORIENTED_EDGE('',*,*,#740,.F.);
#950=ORIENTED_EDGE('',*,*,#742,.F.);
#951=ORIENTED_EDGE('',*,*,#743,.T.);
#952=ORIENTED_EDGE('',*,*,#744,.F.);
#953=ORIENTED_EDGE('',*,*,#743,.F.);
#954=ORIENTED_EDGE('',*,*,#745,.F.);
#955=ORIENTED_EDGE('',*,*,#746,.F.);
#956=ORIENTED_EDGE('',*,*,#747,.F.);
#957=ORIENTED_EDGE('',*,*,#748,.F.);
#958=ORIENTED_EDGE('',*,*,#749,.F.);
#959=ORIENTED_EDGE('',*,*,#750,.T.);
#960=ORIENTED_EDGE('',*,*,#751,.F.);
#961=ORIENTED_EDGE('',*,*,#750,.F.);
#962=ORIENTED_EDGE('',*,*,#752,.F.);
#963=ORIENTED_EDGE('',*,*,#753,.F.);
#964=ORIENTED_EDGE('',*,*,#754,.F.);
#965=ORIENTED_EDGE('',*,*,#755,.F.);
#966=ORIENTED_EDGE('',*,*,#748,.T.);
#967=ORIENTED_EDGE('',*,*,#756,.F.);
#968=ORIENTED_EDGE('',*,*,#757,.T.);
#969=ORIENTED_EDGE('',*,*,#758,.F.);
#970=ORIENTED_EDGE('',*,*,#753,.T.);
#971=ORIENTED_EDGE('',*,*,#759,.F.);
#972=ORIENTED_EDGE('',*,*,#760,.F.);
#973=ORIENTED_EDGE('',*,*,#761,.F.);
#974=ORIENTED_EDGE('',*,*,#755,.T.);
#975=ORIENTED_EDGE('',*,*,#762,.F.);
#976=ORIENTED_EDGE('',*,*,#763,.T.);
#977=ORIENTED_EDGE('',*,*,#764,.F.);
#978=ORIENTED_EDGE('',*,*,#765,.T.);
#979=ORIENTED_EDGE('',*,*,#766,.F.);
#980=ORIENTED_EDGE('',*,*,#767,.F.);
#981=ORIENTED_EDGE('',*,*,#768,.T.);
#982=ORIENTED_EDGE('',*,*,#723,.T.);
#983=ORIENTED_EDGE('',*,*,#726,.T.);
#984=ORIENTED_EDGE('',*,*,#729,.T.);
#985=ORIENTED_EDGE('',*,*,#732,.T.);
#986=ORIENTED_EDGE('',*,*,#733,.T.);
#987=ORIENTED_EDGE('',*,*,#736,.T.);
#988=ORIENTED_EDGE('',*,*,#739,.T.);
#989=ORIENTED_EDGE('',*,*,#742,.T.);
#990=ORIENTED_EDGE('',*,*,#769,.T.);
#991=ORIENTED_EDGE('',*,*,#770,.T.);
#992=ORIENTED_EDGE('',*,*,#771,.T.);
#993=ORIENTED_EDGE('',*,*,#772,.T.);
#994=ORIENTED_EDGE('',*,*,#773,.T.);
#995=ORIENTED_EDGE('',*,*,#774,.T.);
#996=ORIENTED_EDGE('',*,*,#775,.T.);
#997=ORIENTED_EDGE('',*,*,#776,.T.);
#998=ORIENTED_EDGE('',*,*,#777,.T.);
#999=ORIENTED_EDGE('',*,*,#778,.T.);
#1000=ORIENTED_EDGE('',*,*,#779,.T.);
#1001=ORIENTED_EDGE('',*,*,#780,.T.);
#1002=ORIENTED_EDGE('',*,*,#781,.T.);
#1003=ORIENTED_EDGE('',*,*,#782,.T.);
#1004=ORIENTED_EDGE('',*,*,#783,.T.);
#1005=ORIENTED_EDGE('',*,*,#784,.T.);
#1006=ORIENTED_EDGE('',*,*,#785,.T.);
#1007=ORIENTED_EDGE('',*,*,#786,.T.);
#1008=ORIENTED_EDGE('',*,*,#787,.T.);
#1009=ORIENTED_EDGE('',*,*,#788,.T.);
#1010=ORIENTED_EDGE('',*,*,#789,.T.);
#1011=ORIENTED_EDGE('',*,*,#790,.T.);
#1012=ORIENTED_EDGE('',*,*,#791,.T.);
#1013=ORIENTED_EDGE('',*,*,#792,.T.);
#1014=ORIENTED_EDGE('',*,*,#793,.T.);
#1015=ORIENTED_EDGE('',*,*,#745,.T.);
#1016=ORIENTED_EDGE('',*,*,#758,.T.);
#1017=ORIENTED_EDGE('',*,*,#794,.T.);
#1018=ORIENTED_EDGE('',*,*,#795,.T.);
#1019=ORIENTED_EDGE('',*,*,#796,.T.);
#1020=ORIENTED_EDGE('',*,*,#797,.T.);
#1021=ORIENTED_EDGE('',*,*,#798,.T.);
#1022=ORIENTED_EDGE('',*,*,#799,.T.);
#1023=ORIENTED_EDGE('',*,*,#800,.T.);
#1024=ORIENTED_EDGE('',*,*,#801,.T.);
#1025=ORIENTED_EDGE('',*,*,#802,.T.);
#1026=ORIENTED_EDGE('',*,*,#803,.T.);
#1027=ORIENTED_EDGE('',*,*,#804,.T.);
#1028=ORIENTED_EDGE('',*,*,#805,.T.);
#1029=ORIENTED_EDGE('',*,*,#806,.T.);
#1030=ORIENTED_EDGE('',*,*,#807,.T.);
#1031=ORIENTED_EDGE('',*,*,#808,.T.);
#1032=ORIENTED_EDGE('',*,*,#809,.T.);
#1033=ORIENTED_EDGE('',*,*,#749,.T.);
#1034=ORIENTED_EDGE('',*,*,#752,.T.);
#1035=ORIENTED_EDGE('',*,*,#764,.T.);
#1036=ORIENTED_EDGE('',*,*,#810,.T.);
#1037=ORIENTED_EDGE('',*,*,#811,.T.);
#1038=ORIENTED_EDGE('',*,*,#812,.T.);
#1039=ORIENTED_EDGE('',*,*,#813,.T.);
#1040=ORIENTED_EDGE('',*,*,#814,.T.);
#1041=ORIENTED_EDGE('',*,*,#815,.T.);
#1042=ORIENTED_EDGE('',*,*,#816,.T.);
#1043=ORIENTED_EDGE('',*,*,#817,.T.);
#1044=ORIENTED_EDGE('',*,*,#818,.T.);
#1045=ORIENTED_EDGE('',*,*,#759,.T.);
#1046=ORIENTED_EDGE('',*,*,#819,.T.);
#1047=ORIENTED_EDGE('',*,*,#820,.T.);
#1048=ORIENTED_EDGE('',*,*,#821,.F.);
#1049=ORIENTED_EDGE('',*,*,#822,.F.);
#1050=ORIENTED_EDGE('',*,*,#721,.T.);
#1051=ORIENTED_EDGE('',*,*,#724,.T.);
#1052=ORIENTED_EDGE('',*,*,#727,.T.);
#1053=ORIENTED_EDGE('',*,*,#730,.T.);
#1054=ORIENTED_EDGE('',*,*,#735,.T.);
#1055=ORIENTED_EDGE('',*,*,#738,.T.);
#1056=ORIENTED_EDGE('',*,*,#741,.T.);
#1057=ORIENTED_EDGE('',*,*,#744,.T.);
#1058=ORIENTED_EDGE('',*,*,#823,.T.);
#1059=ORIENTED_EDGE('',*,*,#824,.T.);
#1060=ORIENTED_EDGE('',*,*,#825,.T.);
#1061=ORIENTED_EDGE('',*,*,#826,.T.);
#1062=ORIENTED_EDGE('',*,*,#827,.T.);
#1063=ORIENTED_EDGE('',*,*,#828,.T.);
#1064=ORIENTED_EDGE('',*,*,#829,.T.);
#1065=ORIENTED_EDGE('',*,*,#830,.T.);
#1066=ORIENTED_EDGE('',*,*,#831,.T.);
#1067=ORIENTED_EDGE('',*,*,#832,.T.);
#1068=ORIENTED_EDGE('',*,*,#833,.T.);
#1069=ORIENTED_EDGE('',*,*,#834,.T.);
#1070=ORIENTED_EDGE('',*,*,#835,.T.);
#1071=ORIENTED_EDGE('',*,*,#836,.T.);
#1072=ORIENTED_EDGE('',*,*,#837,.T.);
#1073=ORIENTED_EDGE('',*,*,#838,.T.);
#1074=ORIENTED_EDGE('',*,*,#839,.T.);
#1075=ORIENTED_EDGE('',*,*,#840,.T.);
#1076=ORIENTED_EDGE('',*,*,#754,.T.);
#1077=ORIENTED_EDGE('',*,*,#761,.T.);
#1078=ORIENTED_EDGE('',*,*,#841,.T.);
#1079=ORIENTED_EDGE('',*,*,#842,.T.);
#1080=ORIENTED_EDGE('',*,*,#843,.T.);
#1081=ORIENTED_EDGE('',*,*,#844,.T.);
#1082=ORIENTED_EDGE('',*,*,#845,.T.);
#1083=ORIENTED_EDGE('',*,*,#762,.T.);
#1084=ORIENTED_EDGE('',*,*,#846,.T.);
#1085=ORIENTED_EDGE('',*,*,#847,.T.);
#1086=ORIENTED_EDGE('',*,*,#848,.T.);
#1087=ORIENTED_EDGE('',*,*,#849,.T.);
#1088=ORIENTED_EDGE('',*,*,#850,.T.);
#1089=ORIENTED_EDGE('',*,*,#851,.T.);
#1090=ORIENTED_EDGE('',*,*,#852,.T.);
#1091=ORIENTED_EDGE('',*,*,#853,.T.);
#1092=ORIENTED_EDGE('',*,*,#854,.T.);
#1093=ORIENTED_EDGE('',*,*,#855,.T.);
#1094=ORIENTED_EDGE('',*,*,#856,.T.);
#1095=ORIENTED_EDGE('',*,*,#857,.T.);
#1096=ORIENTED_EDGE('',*,*,#858,.T.);
#1097=ORIENTED_EDGE('',*,*,#859,.T.);
#1098=ORIENTED_EDGE('',*,*,#860,.T.);
#1099=ORIENTED_EDGE('',*,*,#861,.T.);
#1100=ORIENTED_EDGE('',*,*,#862,.T.);
#1101=ORIENTED_EDGE('',*,*,#751,.T.);
#1102=ORIENTED_EDGE('',*,*,#747,.T.);
#1103=ORIENTED_EDGE('',*,*,#863,.T.);
#1104=ORIENTED_EDGE('',*,*,#864,.T.);
#1105=ORIENTED_EDGE('',*,*,#865,.T.);
#1106=ORIENTED_EDGE('',*,*,#866,.T.);
#1107=ORIENTED_EDGE('',*,*,#867,.T.);
#1108=ORIENTED_EDGE('',*,*,#868,.T.);
#1109=ORIENTED_EDGE('',*,*,#756,.T.);
#1110=ORIENTED_EDGE('',*,*,#862,.F.);
#1111=ORIENTED_EDGE('',*,*,#869,.T.);
#1112=ORIENTED_EDGE('',*,*,#809,.F.);
#1113=ORIENTED_EDGE('',*,*,#869,.F.);
#1114=ORIENTED_EDGE('',*,*,#861,.F.);
#1115=ORIENTED_EDGE('',*,*,#870,.T.);
#1116=ORIENTED_EDGE('',*,*,#808,.F.);
#1117=ORIENTED_EDGE('',*,*,#870,.F.);
#1118=ORIENTED_EDGE('',*,*,#860,.F.);
#1119=ORIENTED_EDGE('',*,*,#871,.T.);
#1120=ORIENTED_EDGE('',*,*,#807,.F.);
#1121=ORIENTED_EDGE('',*,*,#871,.F.);
#1122=ORIENTED_EDGE('',*,*,#859,.F.);
#1123=ORIENTED_EDGE('',*,*,#872,.T.);
#1124=ORIENTED_EDGE('',*,*,#806,.F.);
#1125=ORIENTED_EDGE('',*,*,#872,.F.);
#1126=ORIENTED_EDGE('',*,*,#815,.F.);
#1127=ORIENTED_EDGE('',*,*,#873,.F.);
#1128=ORIENTED_EDGE('',*,*,#874,.F.);
#1129=ORIENTED_EDGE('',*,*,#814,.F.);
#1130=ORIENTED_EDGE('',*,*,#875,.T.);
#1131=ORIENTED_EDGE('',*,*,#876,.F.);
#1132=ORIENTED_EDGE('',*,*,#873,.T.);
#1133=ORIENTED_EDGE('',*,*,#813,.F.);
#1134=ORIENTED_EDGE('',*,*,#877,.F.);
#1135=ORIENTED_EDGE('',*,*,#875,.F.);
#1136=ORIENTED_EDGE('',*,*,#858,.F.);
#1137=ORIENTED_EDGE('',*,*,#878,.T.);
#1138=ORIENTED_EDGE('',*,*,#769,.F.);
#1139=ORIENTED_EDGE('',*,*,#878,.F.);
#1140=ORIENTED_EDGE('',*,*,#857,.F.);
#1141=ORIENTED_EDGE('',*,*,#879,.T.);
#1142=ORIENTED_EDGE('',*,*,#770,.F.);
#1143=ORIENTED_EDGE('',*,*,#879,.F.);
#1144=ORIENTED_EDGE('',*,*,#856,.F.);
#1145=ORIENTED_EDGE('',*,*,#880,.T.);
#1146=ORIENTED_EDGE('',*,*,#771,.F.);
#1147=ORIENTED_EDGE('',*,*,#880,.F.);
#1148=ORIENTED_EDGE('',*,*,#855,.F.);
#1149=ORIENTED_EDGE('',*,*,#881,.T.);
#1150=ORIENTED_EDGE('',*,*,#772,.F.);
#1151=ORIENTED_EDGE('',*,*,#881,.F.);
#1152=ORIENTED_EDGE('',*,*,#854,.F.);
#1153=ORIENTED_EDGE('',*,*,#882,.T.);
#1154=ORIENTED_EDGE('',*,*,#773,.F.);
#1155=ORIENTED_EDGE('',*,*,#882,.F.);
#1156=ORIENTED_EDGE('',*,*,#853,.F.);
#1157=ORIENTED_EDGE('',*,*,#883,.T.);
#1158=ORIENTED_EDGE('',*,*,#774,.F.);
#1159=ORIENTED_EDGE('',*,*,#883,.F.);
#1160=ORIENTED_EDGE('',*,*,#852,.F.);
#1161=ORIENTED_EDGE('',*,*,#884,.T.);
#1162=ORIENTED_EDGE('',*,*,#775,.F.);
#1163=ORIENTED_EDGE('',*,*,#884,.F.);
#1164=ORIENTED_EDGE('',*,*,#885,.F.);
#1165=ORIENTED_EDGE('',*,*,#819,.F.);
#1166=ORIENTED_EDGE('',*,*,#886,.F.);
#1167=ORIENTED_EDGE('',*,*,#765,.F.);
#1168=ORIENTED_EDGE('',*,*,#886,.T.);
#1169=ORIENTED_EDGE('',*,*,#822,.T.);
#1170=ORIENTED_EDGE('',*,*,#887,.F.);
#1171=ORIENTED_EDGE('',*,*,#766,.T.);
#1172=ORIENTED_EDGE('',*,*,#885,.T.);
#1173=ORIENTED_EDGE('',*,*,#768,.F.);
#1174=ORIENTED_EDGE('',*,*,#888,.F.);
#1175=ORIENTED_EDGE('',*,*,#820,.F.);
#1176=ORIENTED_EDGE('',*,*,#888,.T.);
#1177=ORIENTED_EDGE('',*,*,#767,.T.);
#1178=ORIENTED_EDGE('',*,*,#887,.T.);
#1179=ORIENTED_EDGE('',*,*,#821,.T.);
#1180=ORIENTED_EDGE('',*,*,#823,.F.);
#1181=ORIENTED_EDGE('',*,*,#889,.T.);
#1182=ORIENTED_EDGE('',*,*,#800,.F.);
#1183=ORIENTED_EDGE('',*,*,#890,.F.);
#1184=ORIENTED_EDGE('',*,*,#828,.F.);
#1185=ORIENTED_EDGE('',*,*,#891,.T.);
#1186=ORIENTED_EDGE('',*,*,#801,.F.);
#1187=ORIENTED_EDGE('',*,*,#889,.F.);
#1188=ORIENTED_EDGE('',*,*,#827,.F.);
#1189=ORIENTED_EDGE('',*,*,#892,.T.);
#1190=ORIENTED_EDGE('',*,*,#802,.F.);
#1191=ORIENTED_EDGE('',*,*,#891,.F.);
#1192=ORIENTED_EDGE('',*,*,#826,.F.);
#1193=ORIENTED_EDGE('',*,*,#893,.T.);
#1194=ORIENTED_EDGE('',*,*,#803,.F.);
#1195=ORIENTED_EDGE('',*,*,#892,.F.);
#1196=ORIENTED_EDGE('',*,*,#825,.F.);
#1197=ORIENTED_EDGE('',*,*,#894,.T.);
#1198=ORIENTED_EDGE('',*,*,#804,.F.);
#1199=ORIENTED_EDGE('',*,*,#893,.F.);
#1200=ORIENTED_EDGE('',*,*,#824,.F.);
#1201=ORIENTED_EDGE('',*,*,#890,.T.);
#1202=ORIENTED_EDGE('',*,*,#805,.F.);
#1203=ORIENTED_EDGE('',*,*,#894,.F.);
#1204=ORIENTED_EDGE('',*,*,#866,.F.);
#1205=ORIENTED_EDGE('',*,*,#895,.T.);
#1206=ORIENTED_EDGE('',*,*,#796,.F.);
#1207=ORIENTED_EDGE('',*,*,#896,.F.);
#1208=ORIENTED_EDGE('',*,*,#865,.F.);
#1209=ORIENTED_EDGE('',*,*,#897,.T.);
#1210=ORIENTED_EDGE('',*,*,#797,.F.);
#1211=ORIENTED_EDGE('',*,*,#895,.F.);
#1212=ORIENTED_EDGE('',*,*,#864,.F.);
#1213=ORIENTED_EDGE('',*,*,#898,.T.);
#1214=ORIENTED_EDGE('',*,*,#798,.F.);
#1215=ORIENTED_EDGE('',*,*,#897,.F.);
#1216=ORIENTED_EDGE('',*,*,#746,.T.);
#1217=ORIENTED_EDGE('',*,*,#799,.F.);
#1218=ORIENTED_EDGE('',*,*,#898,.F.);
#1219=ORIENTED_EDGE('',*,*,#863,.F.);
#1220=ORIENTED_EDGE('',*,*,#868,.F.);
#1221=ORIENTED_EDGE('',*,*,#899,.T.);
#1222=ORIENTED_EDGE('',*,*,#794,.F.);
#1223=ORIENTED_EDGE('',*,*,#757,.F.);
#1224=ORIENTED_EDGE('',*,*,#867,.F.);
#1225=ORIENTED_EDGE('',*,*,#896,.T.);
#1226=ORIENTED_EDGE('',*,*,#795,.F.);
#1227=ORIENTED_EDGE('',*,*,#899,.F.);
#1228=ORIENTED_EDGE('',*,*,#829,.F.);
#1229=ORIENTED_EDGE('',*,*,#900,.T.);
#1230=ORIENTED_EDGE('',*,*,#788,.F.);
#1231=ORIENTED_EDGE('',*,*,#901,.F.);
#1232=ORIENTED_EDGE('',*,*,#834,.F.);
#1233=ORIENTED_EDGE('',*,*,#902,.T.);
#1234=ORIENTED_EDGE('',*,*,#789,.F.);
#1235=ORIENTED_EDGE('',*,*,#900,.F.);
#1236=ORIENTED_EDGE('',*,*,#833,.F.);
#1237=ORIENTED_EDGE('',*,*,#903,.T.);
#1238=ORIENTED_EDGE('',*,*,#790,.F.);
#1239=ORIENTED_EDGE('',*,*,#902,.F.);
#1240=ORIENTED_EDGE('',*,*,#832,.F.);
#1241=ORIENTED_EDGE('',*,*,#904,.T.);
#1242=ORIENTED_EDGE('',*,*,#791,.F.);
#1243=ORIENTED_EDGE('',*,*,#903,.F.);
#1244=ORIENTED_EDGE('',*,*,#831,.F.);
#1245=ORIENTED_EDGE('',*,*,#905,.T.);
#1246=ORIENTED_EDGE('',*,*,#792,.F.);
#1247=ORIENTED_EDGE('',*,*,#904,.F.);
#1248=ORIENTED_EDGE('',*,*,#830,.F.);
#1249=ORIENTED_EDGE('',*,*,#901,.T.);
#1250=ORIENTED_EDGE('',*,*,#793,.F.);
#1251=ORIENTED_EDGE('',*,*,#905,.F.);
#1252=ORIENTED_EDGE('',*,*,#835,.F.);
#1253=ORIENTED_EDGE('',*,*,#906,.T.);
#1254=ORIENTED_EDGE('',*,*,#782,.F.);
#1255=ORIENTED_EDGE('',*,*,#907,.F.);
#1256=ORIENTED_EDGE('',*,*,#840,.F.);
#1257=ORIENTED_EDGE('',*,*,#908,.T.);
#1258=ORIENTED_EDGE('',*,*,#783,.F.);
#1259=ORIENTED_EDGE('',*,*,#906,.F.);
#1260=ORIENTED_EDGE('',*,*,#839,.F.);
#1261=ORIENTED_EDGE('',*,*,#909,.T.);
#1262=ORIENTED_EDGE('',*,*,#784,.F.);
#1263=ORIENTED_EDGE('',*,*,#908,.F.);
#1264=ORIENTED_EDGE('',*,*,#838,.F.);
#1265=ORIENTED_EDGE('',*,*,#910,.T.);
#1266=ORIENTED_EDGE('',*,*,#785,.F.);
#1267=ORIENTED_EDGE('',*,*,#909,.F.);
#1268=ORIENTED_EDGE('',*,*,#837,.F.);
#1269=ORIENTED_EDGE('',*,*,#911,.T.);
#1270=ORIENTED_EDGE('',*,*,#786,.F.);
#1271=ORIENTED_EDGE('',*,*,#910,.F.);
#1272=ORIENTED_EDGE('',*,*,#836,.F.);
#1273=ORIENTED_EDGE('',*,*,#907,.T.);
#1274=ORIENTED_EDGE('',*,*,#787,.F.);
#1275=ORIENTED_EDGE('',*,*,#911,.F.);
#1276=ORIENTED_EDGE('',*,*,#841,.F.);
#1277=ORIENTED_EDGE('',*,*,#760,.T.);
#1278=ORIENTED_EDGE('',*,*,#818,.F.);
#1279=ORIENTED_EDGE('',*,*,#912,.F.);
#1280=ORIENTED_EDGE('',*,*,#845,.F.);
#1281=ORIENTED_EDGE('',*,*,#913,.T.);
#1282=ORIENTED_EDGE('',*,*,#810,.F.);
#1283=ORIENTED_EDGE('',*,*,#763,.F.);
#1284=ORIENTED_EDGE('',*,*,#844,.F.);
#1285=ORIENTED_EDGE('',*,*,#914,.T.);
#1286=ORIENTED_EDGE('',*,*,#811,.F.);
#1287=ORIENTED_EDGE('',*,*,#913,.F.);
#1288=ORIENTED_EDGE('',*,*,#877,.T.);
#1289=ORIENTED_EDGE('',*,*,#812,.F.);
#1290=ORIENTED_EDGE('',*,*,#914,.F.);
#1291=ORIENTED_EDGE('',*,*,#843,.F.);
#1292=ORIENTED_EDGE('',*,*,#915,.T.);
#1293=ORIENTED_EDGE('',*,*,#816,.F.);
#1294=ORIENTED_EDGE('',*,*,#874,.T.);
#1295=ORIENTED_EDGE('',*,*,#876,.T.);
#1296=ORIENTED_EDGE('',*,*,#842,.F.);
#1297=ORIENTED_EDGE('',*,*,#912,.T.);
#1298=ORIENTED_EDGE('',*,*,#817,.F.);
#1299=ORIENTED_EDGE('',*,*,#915,.F.);
#1300=ORIENTED_EDGE('',*,*,#846,.F.);
#1301=ORIENTED_EDGE('',*,*,#916,.T.);
#1302=ORIENTED_EDGE('',*,*,#776,.F.);
#1303=ORIENTED_EDGE('',*,*,#917,.F.);
#1304=ORIENTED_EDGE('',*,*,#851,.F.);
#1305=ORIENTED_EDGE('',*,*,#918,.T.);
#1306=ORIENTED_EDGE('',*,*,#777,.F.);
#1307=ORIENTED_EDGE('',*,*,#916,.F.);
#1308=ORIENTED_EDGE('',*,*,#850,.F.);
#1309=ORIENTED_EDGE('',*,*,#919,.T.);
#1310=ORIENTED_EDGE('',*,*,#778,.F.);
#1311=ORIENTED_EDGE('',*,*,#918,.F.);
#1312=ORIENTED_EDGE('',*,*,#849,.F.);
#1313=ORIENTED_EDGE('',*,*,#920,.T.);
#1314=ORIENTED_EDGE('',*,*,#779,.F.);
#1315=ORIENTED_EDGE('',*,*,#919,.F.);
#1316=ORIENTED_EDGE('',*,*,#848,.F.);
#1317=ORIENTED_EDGE('',*,*,#921,.T.);
#1318=ORIENTED_EDGE('',*,*,#780,.F.);
#1319=ORIENTED_EDGE('',*,*,#920,.F.);
#1320=ORIENTED_EDGE('',*,*,#847,.F.);
#1321=ORIENTED_EDGE('',*,*,#917,.T.);
#1322=ORIENTED_EDGE('',*,*,#781,.F.);
#1323=ORIENTED_EDGE('',*,*,#921,.F.);
#1324=CYLINDRICAL_SURFACE('',#1454,1.45);
#1325=CYLINDRICAL_SURFACE('',#1457,1.45);
#1326=CYLINDRICAL_SURFACE('',#1460,1.45);
#1327=CYLINDRICAL_SURFACE('',#1463,1.45);
#1328=CYLINDRICAL_SURFACE('',#1466,1.45);
#1329=CYLINDRICAL_SURFACE('',#1469,1.45);
#1330=CYLINDRICAL_SURFACE('',#1472,1.45);
#1331=CYLINDRICAL_SURFACE('',#1475,1.45);
#1332=CYLINDRICAL_SURFACE('',#1478,1.45);
#1333=CYLINDRICAL_SURFACE('',#1481,1.45);
#1334=CYLINDRICAL_SURFACE('',#1484,1.45);
#1335=CYLINDRICAL_SURFACE('',#1562,1.45);
#1336=CYLINDRICAL_SURFACE('',#1563,1.45);
#1337=CYLINDRICAL_SURFACE('',#1564,1.45);
#1338=CYLINDRICAL_SURFACE('',#1565,1.45);
#1339=CYLINDRICAL_SURFACE('',#1568,17.65);
#1340=CYLINDRICAL_SURFACE('',#1571,1.75);
#1341=CYLINDRICAL_SURFACE('',#1572,1.75);
#1342=CYLINDRICAL_SURFACE('',#1573,1.75);
#1343=CYLINDRICAL_SURFACE('',#1574,1.75);
#1344=CYLINDRICAL_SURFACE('',#1575,1.75);
#1345=CYLINDRICAL_SURFACE('',#1576,1.75);
#1346=CYLINDRICAL_SURFACE('',#1577,1.75);
#1347=CYLINDRICAL_SURFACE('',#1582,1.99999999999999);
#1348=CYLINDRICAL_SURFACE('',#1583,2.00000000000001);
#1349=CYLINDRICAL_SURFACE('',#1585,2.00000000000001);
#1350=CYLINDRICAL_SURFACE('',#1586,2.00000000000001);
#1351=CYLINDRICAL_SURFACE('',#1589,2.00000000000001);
#1352=CYLINDRICAL_SURFACE('',#1590,2.);
#1353=CYLINDRICAL_SURFACE('',#1592,2.00000000000001);
#1354=CYLINDRICAL_SURFACE('',#1593,2.);
#1355=CYLINDRICAL_SURFACE('',#1594,2.);
#1356=CYLINDRICAL_SURFACE('',#1595,2.00000000000001);
#1357=CYLINDRICAL_SURFACE('',#1597,2.);
#1358=CYLINDRICAL_SURFACE('',#1598,2.00000000000001);
#1359=CYLINDRICAL_SURFACE('',#1601,2.00000000000001);
#1360=CYLINDRICAL_SURFACE('',#1602,2.);
#1361=CYLINDRICAL_SURFACE('',#1604,2.00000000000001);
#1362=CYLINDRICAL_SURFACE('',#1605,2.);
#1363=CYLINDRICAL_SURFACE('',#1606,2.);
#1364=CYLINDRICAL_SURFACE('',#1607,2.00000000000001);
#1365=CYLINDRICAL_SURFACE('',#1608,2.);
#1366=CYLINDRICAL_SURFACE('',#1610,2.00000000000001);
#1367=CYLINDRICAL_SURFACE('',#1611,2.);
#1368=CYLINDRICAL_SURFACE('',#1612,2.00000000000001);
#1369=CYLINDRICAL_SURFACE('',#1614,2.);
#1370=CYLINDRICAL_SURFACE('',#1615,2.00000000000001);
#1371=ADVANCED_FACE('',(#89),#1324,.F.);
#1372=ADVANCED_FACE('',(#90),#1325,.F.);
#1373=ADVANCED_FACE('',(#91),#1326,.F.);
#1374=ADVANCED_FACE('',(#92),#1327,.F.);
#1375=ADVANCED_FACE('',(#93),#1328,.F.);
#1376=ADVANCED_FACE('',(#94),#1329,.F.);
#1377=ADVANCED_FACE('',(#95),#1330,.F.);
#1378=ADVANCED_FACE('',(#96),#1331,.F.);
#1379=ADVANCED_FACE('',(#97),#1332,.F.);
#1380=ADVANCED_FACE('',(#98),#1333,.F.);
#1381=ADVANCED_FACE('',(#99),#1334,.F.);
#1382=ADVANCED_FACE('',(#100),#67,.F.);
#1383=ADVANCED_FACE('',(#101),#68,.F.);
#1384=ADVANCED_FACE('',(#102),#69,.F.);
#1385=ADVANCED_FACE('',(#103,#15,#16,#17,#18,#19,#20,#21,#22,#23,#24,#25,
#26,#27,#28,#29,#30,#31,#32,#33,#34,#35,#36,#37,#38,#39,#40),#70,.T.);
#1386=ADVANCED_FACE('',(#104,#41,#42,#43,#44,#45,#46,#47,#48,#49,#50,#51,
#52,#53,#54,#55,#56,#57,#58,#59,#60,#61,#62,#63,#64,#65,#66),#71,.T.);
#1387=ADVANCED_FACE('',(#105),#1335,.F.);
#1388=ADVANCED_FACE('',(#106),#1336,.F.);
#1389=ADVANCED_FACE('',(#107),#1337,.F.);
#1390=ADVANCED_FACE('',(#108),#1338,.F.);
#1391=ADVANCED_FACE('',(#109),#72,.T.);
#1392=ADVANCED_FACE('',(#110),#1339,.F.);
#1393=ADVANCED_FACE('',(#111),#73,.F.);
#1394=ADVANCED_FACE('',(#112),#1340,.F.);
#1395=ADVANCED_FACE('',(#113),#1341,.F.);
#1396=ADVANCED_FACE('',(#114),#1342,.F.);
#1397=ADVANCED_FACE('',(#115),#1343,.F.);
#1398=ADVANCED_FACE('',(#116),#1344,.F.);
#1399=ADVANCED_FACE('',(#117),#1345,.F.);
#1400=ADVANCED_FACE('',(#118),#1346,.F.);
#1401=ADVANCED_FACE('',(#119),#74,.F.);
#1402=ADVANCED_FACE('',(#120),#75,.T.);
#1403=ADVANCED_FACE('',(#121),#76,.F.);
#1404=ADVANCED_FACE('',(#122),#77,.T.);
#1405=ADVANCED_FACE('',(#123),#1347,.F.);
#1406=ADVANCED_FACE('',(#124),#1348,.F.);
#1407=ADVANCED_FACE('',(#125),#78,.F.);
#1408=ADVANCED_FACE('',(#126),#1349,.F.);
#1409=ADVANCED_FACE('',(#127),#1350,.F.);
#1410=ADVANCED_FACE('',(#128),#79,.F.);
#1411=ADVANCED_FACE('',(#129),#80,.F.);
#1412=ADVANCED_FACE('',(#130),#1351,.F.);
#1413=ADVANCED_FACE('',(#131),#1352,.F.);
#1414=ADVANCED_FACE('',(#132),#81,.F.);
#1415=ADVANCED_FACE('',(#133),#1353,.F.);
#1416=ADVANCED_FACE('',(#134),#1354,.F.);
#1417=ADVANCED_FACE('',(#135),#1355,.F.);
#1418=ADVANCED_FACE('',(#136),#1356,.F.);
#1419=ADVANCED_FACE('',(#137),#82,.F.);
#1420=ADVANCED_FACE('',(#138),#1357,.F.);
#1421=ADVANCED_FACE('',(#139),#1358,.F.);
#1422=ADVANCED_FACE('',(#140),#83,.F.);
#1423=ADVANCED_FACE('',(#141),#84,.F.);
#1424=ADVANCED_FACE('',(#142),#1359,.F.);
#1425=ADVANCED_FACE('',(#143),#1360,.F.);
#1426=ADVANCED_FACE('',(#144),#85,.F.);
#1427=ADVANCED_FACE('',(#145),#1361,.F.);
#1428=ADVANCED_FACE('',(#146),#1362,.F.);
#1429=ADVANCED_FACE('',(#147),#1363,.F.);
#1430=ADVANCED_FACE('',(#148),#1364,.F.);
#1431=ADVANCED_FACE('',(#149),#1365,.F.);
#1432=ADVANCED_FACE('',(#150),#86,.F.);
#1433=ADVANCED_FACE('',(#151),#1366,.F.);
#1434=ADVANCED_FACE('',(#152),#1367,.F.);
#1435=ADVANCED_FACE('',(#153),#1368,.F.);
#1436=ADVANCED_FACE('',(#154),#87,.F.);
#1437=ADVANCED_FACE('',(#155),#1369,.F.);
#1438=ADVANCED_FACE('',(#156),#1370,.F.);
#1439=ADVANCED_FACE('',(#157),#88,.F.);
#1440=CLOSED_SHELL('',(#1371,#1372,#1373,#1374,#1375,#1376,#1377,#1378,
#1379,#1380,#1381,#1382,#1383,#1384,#1385,#1386,#1387,#1388,#1389,#1390,
#1391,#1392,#1393,#1394,#1395,#1396,#1397,#1398,#1399,#1400,#1401,#1402,
#1403,#1404,#1405,#1406,#1407,#1408,#1409,#1410,#1411,#1412,#1413,#1414,
#1415,#1416,#1417,#1418,#1419,#1420,#1421,#1422,#1423,#1424,#1425,#1426,
#1427,#1428,#1429,#1430,#1431,#1432,#1433,#1434,#1435,#1436,#1437,#1438,
#1439));
#1441=DERIVED_UNIT_ELEMENT(#1443,1.);
#1442=DERIVED_UNIT_ELEMENT(#2462,-3.);
#1443=(
MASS_UNIT()
NAMED_UNIT(*)
SI_UNIT(.KILO.,.GRAM.)
);
#1444=DERIVED_UNIT((#1441,#1442));
#1445=MEASURE_REPRESENTATION_ITEM('density measure',
POSITIVE_RATIO_MEASURE(1430.),#1444);
#1446=PROPERTY_DEFINITION_REPRESENTATION(#1451,#1448);
#1447=PROPERTY_DEFINITION_REPRESENTATION(#1452,#1449);
#1448=REPRESENTATION('material name',(#1450),#2459);
#1449=REPRESENTATION('density',(#1445),#2459);
#1450=DESCRIPTIVE_REPRESENTATION_ITEM('CFRP','CFRP');
#1451=PROPERTY_DEFINITION('material property','material name',#2469);
#1452=PROPERTY_DEFINITION('material property','density of part',#2469);
#1453=AXIS2_PLACEMENT_3D('',#2052,#1617,#1618);
#1454=AXIS2_PLACEMENT_3D('',#2053,#1619,#1620);
#1455=AXIS2_PLACEMENT_3D('',#2055,#1621,#1622);
#1456=AXIS2_PLACEMENT_3D('',#2058,#1624,#1625);
#1457=AXIS2_PLACEMENT_3D('',#2059,#1626,#1627);
#1458=AXIS2_PLACEMENT_3D('',#2061,#1628,#1629);
#1459=AXIS2_PLACEMENT_3D('',#2064,#1631,#1632);
#1460=AXIS2_PLACEMENT_3D('',#2065,#1633,#1634);
#1461=AXIS2_PLACEMENT_3D('',#2067,#1635,#1636);
#1462=AXIS2_PLACEMENT_3D('',#2070,#1638,#1639);
#1463=AXIS2_PLACEMENT_3D('',#2071,#1640,#1641);
#1464=AXIS2_PLACEMENT_3D('',#2073,#1642,#1643);
#1465=AXIS2_PLACEMENT_3D('',#2076,#1645,#1646);
#1466=AXIS2_PLACEMENT_3D('',#2077,#1647,#1648);
#1467=AXIS2_PLACEMENT_3D('',#2079,#1649,#1650);
#1468=AXIS2_PLACEMENT_3D('',#2082,#1652,#1653);
#1469=AXIS2_PLACEMENT_3D('',#2083,#1654,#1655);
#1470=AXIS2_PLACEMENT_3D('',#2085,#1656,#1657);
#1471=AXIS2_PLACEMENT_3D('',#2088,#1659,#1660);
#1472=AXIS2_PLACEMENT_3D('',#2089,#1661,#1662);
#1473=AXIS2_PLACEMENT_3D('',#2091,#1663,#1664);
#1474=AXIS2_PLACEMENT_3D('',#2094,#1666,#1667);
#1475=AXIS2_PLACEMENT_3D('',#2095,#1668,#1669);
#1476=AXIS2_PLACEMENT_3D('',#2097,#1670,#1671);
#1477=AXIS2_PLACEMENT_3D('',#2100,#1673,#1674);
#1478=AXIS2_PLACEMENT_3D('',#2101,#1675,#1676);
#1479=AXIS2_PLACEMENT_3D('',#2104,#1677,#1678);
#1480=AXIS2_PLACEMENT_3D('',#2108,#1680,#1681);
#1481=AXIS2_PLACEMENT_3D('',#2110,#1683,#1684);
#1482=AXIS2_PLACEMENT_3D('',#2112,#1685,#1686);
#1483=AXIS2_PLACEMENT_3D('',#2115,#1688,#1689);
#1484=AXIS2_PLACEMENT_3D('',#2116,#1690,#1691);
#1485=AXIS2_PLACEMENT_3D('',#2119,#1692,#1693);
#1486=AXIS2_PLACEMENT_3D('',#2123,#1695,#1696);
#1487=AXIS2_PLACEMENT_3D('',#2125,#1698,#1699);
#1488=AXIS2_PLACEMENT_3D('',#2131,#1703,#1704);
#1489=AXIS2_PLACEMENT_3D('',#2137,#1708,#1709);
#1490=AXIS2_PLACEMENT_3D('',#2143,#1713,#1714);
#1491=AXIS2_PLACEMENT_3D('',#2153,#1719,#1720);
#1492=AXIS2_PLACEMENT_3D('',#2155,#1721,#1722);
#1493=AXIS2_PLACEMENT_3D('',#2157,#1723,#1724);
#1494=AXIS2_PLACEMENT_3D('',#2159,#1725,#1726);
#1495=AXIS2_PLACEMENT_3D('',#2161,#1727,#1728);
#1496=AXIS2_PLACEMENT_3D('',#2163,#1729,#1730);
#1497=AXIS2_PLACEMENT_3D('',#2165,#1731,#1732);
#1498=AXIS2_PLACEMENT_3D('',#2168,#1733,#1734);
#1499=AXIS2_PLACEMENT_3D('',#2170,#1735,#1736);
#1500=AXIS2_PLACEMENT_3D('',#2174,#1738,#1739);
#1501=AXIS2_PLACEMENT_3D('',#2176,#1740,#1741);
#1502=AXIS2_PLACEMENT_3D('',#2182,#1744,#1745);
#1503=AXIS2_PLACEMENT_3D('',#2184,#1746,#1747);
#1504=AXIS2_PLACEMENT_3D('',#2188,#1749,#1750);
#1505=AXIS2_PLACEMENT_3D('',#2189,#1751,#1752);
#1506=AXIS2_PLACEMENT_3D('',#2192,#1753,#1754);
#1507=AXIS2_PLACEMENT_3D('',#2194,#1755,#1756);
#1508=AXIS2_PLACEMENT_3D('',#2198,#1758,#1759);
#1509=AXIS2_PLACEMENT_3D('',#2200,#1760,#1761);
#1510=AXIS2_PLACEMENT_3D('',#2203,#1763,#1764);
#1511=AXIS2_PLACEMENT_3D('',#2205,#1765,#1766);
#1512=AXIS2_PLACEMENT_3D('',#2209,#1768,#1769);
#1513=AXIS2_PLACEMENT_3D('',#2211,#1770,#1771);
#1514=AXIS2_PLACEMENT_3D('',#2215,#1773,#1774);
#1515=AXIS2_PLACEMENT_3D('',#2217,#1775,#1776);
#1516=AXIS2_PLACEMENT_3D('',#2221,#1778,#1779);
#1517=AXIS2_PLACEMENT_3D('',#2223,#1780,#1781);
#1518=AXIS2_PLACEMENT_3D('',#2226,#1783,#1784);
#1519=AXIS2_PLACEMENT_3D('',#2228,#1785,#1786);
#1520=AXIS2_PLACEMENT_3D('',#2230,#1787,#1788);
#1521=AXIS2_PLACEMENT_3D('',#2232,#1789,#1790);
#1522=AXIS2_PLACEMENT_3D('',#2234,#1791,#1792);
#1523=AXIS2_PLACEMENT_3D('',#2236,#1793,#1794);
#1524=AXIS2_PLACEMENT_3D('',#2248,#1800,#1801);
#1525=AXIS2_PLACEMENT_3D('',#2249,#1802,#1803);
#1526=AXIS2_PLACEMENT_3D('',#2250,#1804,#1805);
#1527=AXIS2_PLACEMENT_3D('',#2261,#1810,#1811);
#1528=AXIS2_PLACEMENT_3D('',#2265,#1813,#1814);
#1529=AXIS2_PLACEMENT_3D('',#2267,#1815,#1816);
#1530=AXIS2_PLACEMENT_3D('',#2270,#1818,#1819);
#1531=AXIS2_PLACEMENT_3D('',#2273,#1820,#1821);
#1532=AXIS2_PLACEMENT_3D('',#2277,#1823,#1824);
#1533=AXIS2_PLACEMENT_3D('',#2279,#1825,#1826);
#1534=AXIS2_PLACEMENT_3D('',#2282,#1828,#1829);
#1535=AXIS2_PLACEMENT_3D('',#2287,#1831,#1832);
#1536=AXIS2_PLACEMENT_3D('',#2289,#1833,#1834);
#1537=AXIS2_PLACEMENT_3D('',#2293,#1836,#1837);
#1538=AXIS2_PLACEMENT_3D('',#2294,#1838,#1839);
#1539=AXIS2_PLACEMENT_3D('',#2296,#1840,#1841);
#1540=AXIS2_PLACEMENT_3D('',#2298,#1842,#1843);
#1541=AXIS2_PLACEMENT_3D('',#2302,#1845,#1846);
#1542=AXIS2_PLACEMENT_3D('',#2303,#1847,#1848);
#1543=AXIS2_PLACEMENT_3D('',#2306,#1849,#1850);
#1544=AXIS2_PLACEMENT_3D('',#2310,#1852,#1853);
#1545=AXIS2_PLACEMENT_3D('',#2312,#1854,#1855);
#1546=AXIS2_PLACEMENT_3D('',#2315,#1857,#1858);
#1547=AXIS2_PLACEMENT_3D('',#2317,#1859,#1860);
#1548=AXIS2_PLACEMENT_3D('',#2319,#1861,#1862);
#1549=AXIS2_PLACEMENT_3D('',#2321,#1863,#1864);
#1550=AXIS2_PLACEMENT_3D('',#2323,#1865,#1866);
#1551=AXIS2_PLACEMENT_3D('',#2325,#1867,#1868);
#1552=AXIS2_PLACEMENT_3D('',#2327,#1869,#1870);
#1553=AXIS2_PLACEMENT_3D('',#2329,#1871,#1872);
#1554=AXIS2_PLACEMENT_3D('',#2331,#1873,#1874);
#1555=AXIS2_PLACEMENT_3D('',#2333,#1875,#1876);
#1556=AXIS2_PLACEMENT_3D('',#2335,#1877,#1878);
#1557=AXIS2_PLACEMENT_3D('',#2337,#1879,#1880);
#1558=AXIS2_PLACEMENT_3D('',#2341,#1882,#1883);
#1559=AXIS2_PLACEMENT_3D('',#2343,#1884,#1885);
#1560=AXIS2_PLACEMENT_3D('',#2347,#1887,#1888);
#1561=AXIS2_PLACEMENT_3D('',#2348,#1889,#1890);
#1562=AXIS2_PLACEMENT_3D('',#2349,#1891,#1892);
#1563=AXIS2_PLACEMENT_3D('',#2351,#1894,#1895);
#1564=AXIS2_PLACEMENT_3D('',#2353,#1897,#1898);
#1565=AXIS2_PLACEMENT_3D('',#2355,#1900,#1901);
#1566=AXIS2_PLACEMENT_3D('',#2357,#1903,#1904);
#1567=AXIS2_PLACEMENT_3D('',#2359,#1905,#1906);
#1568=AXIS2_PLACEMENT_3D('',#2361,#1908,#1909);
#1569=AXIS2_PLACEMENT_3D('',#2363,#1910,#1911);
#1570=AXIS2_PLACEMENT_3D('',#2365,#1913,#1914);
#1571=AXIS2_PLACEMENT_3D('',#2367,#1916,#1917);
#1572=AXIS2_PLACEMENT_3D('',#2369,#1919,#1920);
#1573=AXIS2_PLACEMENT_3D('',#2371,#1922,#1923);
#1574=AXIS2_PLACEMENT_3D('',#2373,#1925,#1926);
#1575=AXIS2_PLACEMENT_3D('',#2375,#1928,#1929);
#1576=AXIS2_PLACEMENT_3D('',#2377,#1931,#1932);
#1577=AXIS2_PLACEMENT_3D('',#2379,#1934,#1935);
#1578=AXIS2_PLACEMENT_3D('',#2381,#1937,#1938);
#1579=AXIS2_PLACEMENT_3D('',#2384,#1941,#1942);
#1580=AXIS2_PLACEMENT_3D('',#2386,#1944,#1945);
#1581=AXIS2_PLACEMENT_3D('',#2388,#1947,#1948);
#1582=AXIS2_PLACEMENT_3D('',#2389,#1949,#1950);
#1583=AXIS2_PLACEMENT_3D('',#2392,#1953,#1954);
#1584=AXIS2_PLACEMENT_3D('',#2394,#1956,#1957);
#1585=AXIS2_PLACEMENT_3D('',#2396,#1959,#1960);
#1586=AXIS2_PLACEMENT_3D('',#2398,#1962,#1963);
#1587=AXIS2_PLACEMENT_3D('',#2400,#1965,#1966);
#1588=AXIS2_PLACEMENT_3D('',#2401,#1967,#1968);
#1589=AXIS2_PLACEMENT_3D('',#2404,#1971,#1972);
#1590=AXIS2_PLACEMENT_3D('',#2406,#1974,#1975);
#1591=AXIS2_PLACEMENT_3D('',#2408,#1977,#1978);
#1592=AXIS2_PLACEMENT_3D('',#2409,#1979,#1980);
#1593=AXIS2_PLACEMENT_3D('',#2411,#1982,#1983);
#1594=AXIS2_PLACEMENT_3D('',#2412,#1984,#1985);
#1595=AXIS2_PLACEMENT_3D('',#2415,#1988,#1989);
#1596=AXIS2_PLACEMENT_3D('',#2417,#1991,#1992);
#1597=AXIS2_PLACEMENT_3D('',#2419,#1994,#1995);
#1598=AXIS2_PLACEMENT_3D('',#2421,#1997,#1998);
#1599=AXIS2_PLACEMENT_3D('',#2423,#2000,#2001);
#1600=AXIS2_PLACEMENT_3D('',#2424,#2002,#2003);
#1601=AXIS2_PLACEMENT_3D('',#2427,#2006,#2007);
#1602=AXIS2_PLACEMENT_3D('',#2429,#2009,#2010);
#1603=AXIS2_PLACEMENT_3D('',#2431,#2012,#2013);
#1604=AXIS2_PLACEMENT_3D('',#2433,#2015,#2016);
#1605=AXIS2_PLACEMENT_3D('',#2435,#2018,#2019);
#1606=AXIS2_PLACEMENT_3D('',#2436,#2020,#2021);
#1607=AXIS2_PLACEMENT_3D('',#2438,#2023,#2024);
#1608=AXIS2_PLACEMENT_3D('',#2440,#2026,#2027);
#1609=AXIS2_PLACEMENT_3D('',#2442,#2029,#2030);
#1610=AXIS2_PLACEMENT_3D('',#2444,#2032,#2033);
#1611=AXIS2_PLACEMENT_3D('',#2445,#2034,#2035);
#1612=AXIS2_PLACEMENT_3D('',#2448,#2038,#2039);
#1613=AXIS2_PLACEMENT_3D('',#2450,#2041,#2042);
#1614=AXIS2_PLACEMENT_3D('',#2452,#2044,#2045);
#1615=AXIS2_PLACEMENT_3D('',#2454,#2047,#2048);
#1616=AXIS2_PLACEMENT_3D('',#2456,#2050,#2051);
#1617=DIRECTION('axis',(0.,0.,1.));
#1618=DIRECTION('refdir',(1.,0.,0.));
#1619=DIRECTION('center_axis',(0.,0.,1.));
#1620=DIRECTION('ref_axis',(1.,0.,0.));
#1621=DIRECTION('center_axis',(0.,0.,1.));
#1622=DIRECTION('ref_axis',(1.,0.,0.));
#1623=DIRECTION('',(0.,0.,1.));
#1624=DIRECTION('center_axis',(0.,0.,-1.));
#1625=DIRECTION('ref_axis',(1.,0.,0.));
#1626=DIRECTION('center_axis',(0.,0.,1.));
#1627=DIRECTION('ref_axis',(1.,0.,0.));
#1628=DIRECTION('center_axis',(0.,0.,1.));
#1629=DIRECTION('ref_axis',(1.,0.,0.));
#1630=DIRECTION('',(0.,0.,1.));
#1631=DIRECTION('center_axis',(0.,0.,-1.));
#1632=DIRECTION('ref_axis',(1.,0.,0.));
#1633=DIRECTION('center_axis',(0.,0.,1.));
#1634=DIRECTION('ref_axis',(1.,0.,0.));
#1635=DIRECTION('center_axis',(0.,0.,1.));
#1636=DIRECTION('ref_axis',(1.,0.,0.));
#1637=DIRECTION('',(0.,0.,1.));
#1638=DIRECTION('center_axis',(0.,0.,-1.));
#1639=DIRECTION('ref_axis',(1.,0.,0.));
#1640=DIRECTION('center_axis',(0.,0.,1.));
#1641=DIRECTION('ref_axis',(1.,0.,0.));
#1642=DIRECTION('center_axis',(0.,0.,1.));
#1643=DIRECTION('ref_axis',(1.,0.,0.));
#1644=DIRECTION('',(0.,0.,1.));
#1645=DIRECTION('center_axis',(0.,0.,-1.));
#1646=DIRECTION('ref_axis',(1.,0.,0.));
#1647=DIRECTION('center_axis',(0.,0.,-1.));
#1648=DIRECTION('ref_axis',(-1.,0.,0.));
#1649=DIRECTION('center_axis',(0.,0.,-1.));
#1650=DIRECTION('ref_axis',(-1.,0.,0.));
#1651=DIRECTION('',(0.,0.,-1.));
#1652=DIRECTION('center_axis',(0.,0.,1.));
#1653=DIRECTION('ref_axis',(-1.,0.,0.));
#1654=DIRECTION('center_axis',(0.,0.,-1.));
#1655=DIRECTION('ref_axis',(-1.,0.,0.));
#1656=DIRECTION('center_axis',(0.,0.,-1.));
#1657=DIRECTION('ref_axis',(-1.,0.,0.));
#1658=DIRECTION('',(0.,0.,-1.));
#1659=DIRECTION('center_axis',(0.,0.,1.));
#1660=DIRECTION('ref_axis',(-1.,0.,0.));
#1661=DIRECTION('center_axis',(0.,0.,-1.));
#1662=DIRECTION('ref_axis',(-1.,0.,0.));
#1663=DIRECTION('center_axis',(0.,0.,-1.));
#1664=DIRECTION('ref_axis',(-1.,0.,0.));
#1665=DIRECTION('',(0.,0.,-1.));
#1666=DIRECTION('center_axis',(0.,0.,1.));
#1667=DIRECTION('ref_axis',(-1.,0.,0.));
#1668=DIRECTION('center_axis',(0.,0.,-1.));
#1669=DIRECTION('ref_axis',(-1.,0.,0.));
#1670=DIRECTION('center_axis',(0.,0.,-1.));
#1671=DIRECTION('ref_axis',(-1.,0.,0.));
#1672=DIRECTION('',(0.,0.,-1.));
#1673=DIRECTION('center_axis',(0.,0.,1.));
#1674=DIRECTION('ref_axis',(-1.,0.,0.));
#1675=DIRECTION('center_axis',(0.,0.,-1.));
#1676=DIRECTION('ref_axis',(-1.,0.,0.));
#1677=DIRECTION('center_axis',(0.,0.,-1.));
#1678=DIRECTION('ref_axis',(-1.,0.,0.));
#1679=DIRECTION('',(0.,0.,1.));
#1680=DIRECTION('center_axis',(0.,0.,1.));
#1681=DIRECTION('ref_axis',(-1.,0.,0.));
#1682=DIRECTION('',(0.,0.,-1.));
#1683=DIRECTION('center_axis',(0.,0.,-1.));
#1684=DIRECTION('ref_axis',(-1.,0.,0.));
#1685=DIRECTION('center_axis',(0.,0.,-1.));
#1686=DIRECTION('ref_axis',(-1.,0.,0.));
#1687=DIRECTION('',(0.,0.,-1.));
#1688=DIRECTION('center_axis',(0.,0.,1.));
#1689=DIRECTION('ref_axis',(-1.,0.,0.));
#1690=DIRECTION('center_axis',(0.,0.,-1.));
#1691=DIRECTION('ref_axis',(-6.12323399573677E-17,1.,0.));
#1692=DIRECTION('center_axis',(0.,0.,-1.));
#1693=DIRECTION('ref_axis',(-1.,0.,0.));
#1694=DIRECTION('',(0.,0.,1.));
#1695=DIRECTION('center_axis',(0.,0.,1.));
#1696=DIRECTION('ref_axis',(-1.,0.,0.));
#1697=DIRECTION('',(0.,0.,-1.));
#1698=DIRECTION('center_axis',(9.48908568055689E-17,1.,0.));
#1699=DIRECTION('ref_axis',(-1.,9.48908568055689E-17,0.));
#1700=DIRECTION('',(-1.,9.4890856805569E-17,0.));
#1701=DIRECTION('',(0.,0.,1.));
#1702=DIRECTION('',(1.,-9.4890856805569E-17,0.));
#1703=DIRECTION('center_axis',(9.48908568055689E-17,1.,0.));
#1704=DIRECTION('ref_axis',(-1.,9.48908568055689E-17,0.));
#1705=DIRECTION('',(1.,-9.4890856805569E-17,0.));
#1706=DIRECTION('',(0.,0.,1.));
#1707=DIRECTION('',(-1.,9.4890856805569E-17,0.));
#1708=DIRECTION('center_axis',(9.48908568055689E-17,1.,0.));
#1709=DIRECTION('ref_axis',(-1.,9.48908568055689E-17,0.));
#1710=DIRECTION('',(-1.,9.4890856805569E-17,0.));
#1711=DIRECTION('',(0.,0.,1.));
#1712=DIRECTION('',(1.,-9.4890856805569E-17,0.));
#1713=DIRECTION('center_axis',(0.,0.,1.));
#1714=DIRECTION('ref_axis',(1.,0.,0.));
#1715=DIRECTION('',(0.,1.,0.));
#1716=DIRECTION('',(1.,0.,0.));
#1717=DIRECTION('',(0.,1.,0.));
#1718=DIRECTION('',(1.,0.,0.));
#1719=DIRECTION('center_axis',(0.,0.,-1.));
#1720=DIRECTION('ref_axis',(1.,0.,0.));
#1721=DIRECTION('center_axis',(0.,0.,-1.));
#1722=DIRECTION('ref_axis',(1.,0.,0.));
#1723=DIRECTION('center_axis',(0.,0.,-1.));
#1724=DIRECTION('ref_axis',(1.,0.,0.));
#1725=DIRECTION('center_axis',(0.,0.,-1.));
#1726=DIRECTION('ref_axis',(1.,0.,0.));
#1727=DIRECTION('center_axis',(0.,0.,-1.));
#1728=DIRECTION('ref_axis',(1.,0.,0.));
#1729=DIRECTION('center_axis',(0.,0.,-1.));
#1730=DIRECTION('ref_axis',(1.,0.,0.));
#1731=DIRECTION('center_axis',(0.,0.,-1.));
#1732=DIRECTION('ref_axis',(1.,0.,0.));
#1733=DIRECTION('center_axis',(0.,0.,-1.));
#1734=DIRECTION('ref_axis',(-1.11022302462516E-15,1.,0.));
#1735=DIRECTION('center_axis',(0.,0.,-1.));
#1736=DIRECTION('ref_axis',(1.,0.,0.));
#1737=DIRECTION('',(-1.,0.,0.));
#1738=DIRECTION('center_axis',(0.,0.,-1.));
#1739=DIRECTION('ref_axis',(0.,-1.,0.));
#1740=DIRECTION('center_axis',(0.,0.,-1.));
#1741=DIRECTION('ref_axis',(-1.,2.2204460492503E-15,0.));
#1742=DIRECTION('',(1.,9.4890856805569E-17,0.));
#1743=DIRECTION('',(-1.,3.79563427222276E-16,0.));
#1744=DIRECTION('center_axis',(0.,0.,-1.));
#1745=DIRECTION('ref_axis',(0.,-1.,0.));
#1746=DIRECTION('center_axis',(0.,0.,-1.));
#1747=DIRECTION('ref_axis',(-1.,-4.44089209850063E-15,0.));
#1748=DIRECTION('',(1.,0.,0.));
#1749=DIRECTION('center_axis',(0.,0.,-1.));
#1750=DIRECTION('ref_axis',(4.4408920985006E-15,1.,0.));
#1751=DIRECTION('center_axis',(0.,0.,-1.));
#1752=DIRECTION('ref_axis',(1.,0.,0.));
#1753=DIRECTION('center_axis',(0.,0.,-1.));
#1754=DIRECTION('ref_axis',(-1.11022302462516E-15,1.,0.));
#1755=DIRECTION('center_axis',(0.,0.,-1.));
#1756=DIRECTION('ref_axis',(1.,0.,0.));
#1757=DIRECTION('',(-1.,0.,0.));
#1758=DIRECTION('center_axis',(0.,0.,-1.));
#1759=DIRECTION('ref_axis',(0.,-1.,0.));
#1760=DIRECTION('center_axis',(0.,0.,-1.));
#1761=DIRECTION('ref_axis',(-1.,2.2204460492503E-15,0.));
#1762=DIRECTION('',(1.,9.4890856805569E-17,0.));
#1763=DIRECTION('center_axis',(0.,0.,-1.));
#1764=DIRECTION('ref_axis',(4.44089209850061E-15,1.,0.));
#1765=DIRECTION('center_axis',(0.,0.,-1.));
#1766=DIRECTION('ref_axis',(1.,0.,0.));
#1767=DIRECTION('',(-1.,0.,0.));
#1768=DIRECTION('center_axis',(0.,0.,-1.));
#1769=DIRECTION('ref_axis',(0.,-1.,0.));
#1770=DIRECTION('center_axis',(0.,0.,-1.));
#1771=DIRECTION('ref_axis',(-1.,-2.22044604925031E-15,0.));
#1772=DIRECTION('',(1.,-9.4890856805569E-17,0.));
#1773=DIRECTION('center_axis',(0.,0.,-1.));
#1774=DIRECTION('ref_axis',(-1.11022302462516E-15,1.,0.));
#1775=DIRECTION('center_axis',(0.,0.,-1.));
#1776=DIRECTION('ref_axis',(1.,-8.88178419700121E-15,0.));
#1777=DIRECTION('',(-1.,-3.79563427222276E-16,0.));
#1778=DIRECTION('center_axis',(0.,0.,-1.));
#1779=DIRECTION('ref_axis',(0.,-1.,0.));
#1780=DIRECTION('center_axis',(0.,0.,-1.));
#1781=DIRECTION('ref_axis',(-1.,4.4408920985006E-15,0.));
#1782=DIRECTION('',(1.,0.,0.));
#1783=DIRECTION('center_axis',(0.,0.,-1.));
#1784=DIRECTION('ref_axis',(1.,0.,0.));
#1785=DIRECTION('center_axis',(0.,0.,-1.));
#1786=DIRECTION('ref_axis',(1.,0.,0.));
#1787=DIRECTION('center_axis',(0.,0.,-1.));
#1788=DIRECTION('ref_axis',(1.,0.,0.));
#1789=DIRECTION('center_axis',(0.,0.,-1.));
#1790=DIRECTION('ref_axis',(1.,0.,0.));
#1791=DIRECTION('center_axis',(0.,0.,-1.));
#1792=DIRECTION('ref_axis',(4.44089209850061E-15,1.,0.));
#1793=DIRECTION('center_axis',(0.,0.,-1.));
#1794=DIRECTION('ref_axis',(1.,0.,0.));
#1795=DIRECTION('',(-1.,0.,0.));
#1796=DIRECTION('',(0.,-1.,0.));
#1797=DIRECTION('',(-1.,0.,0.));
#1798=DIRECTION('',(0.,1.,0.));
#1799=DIRECTION('',(-1.,0.,0.));
#1800=DIRECTION('center_axis',(0.,0.,-1.));
#1801=DIRECTION('ref_axis',(0.,-1.,0.));
#1802=DIRECTION('center_axis',(0.,0.,-1.));
#1803=DIRECTION('ref_axis',(-1.,-2.22044604925031E-15,0.));
#1804=DIRECTION('center_axis',(0.,0.,-1.));
#1805=DIRECTION('ref_axis',(1.,0.,0.));
#1806=DIRECTION('',(0.,-1.,0.));
#1807=DIRECTION('',(-1.,0.,0.));
#1808=DIRECTION('',(0.,-1.,0.));
#1809=DIRECTION('',(-1.,6.60232982494053E-17,0.));
#1810=DIRECTION('center_axis',(0.,0.,1.));
#1811=DIRECTION('ref_axis',(-1.11022302462516E-15,1.,0.));
#1812=DIRECTION('',(-1.,0.,0.));
#1813=DIRECTION('center_axis',(0.,0.,1.));
#1814=DIRECTION('ref_axis',(-1.,4.4408920985006E-15,0.));
#1815=DIRECTION('center_axis',(0.,0.,1.));
#1816=DIRECTION('ref_axis',(0.,-1.,0.));
#1817=DIRECTION('',(1.,3.79563427222276E-16,0.));
#1818=DIRECTION('center_axis',(0.,0.,1.));
#1819=DIRECTION('ref_axis',(1.,-8.88178419700121E-15,0.));
#1820=DIRECTION('center_axis',(0.,0.,1.));
#1821=DIRECTION('ref_axis',(-1.11022302462516E-15,1.,0.));
#1822=DIRECTION('',(-1.,-9.4890856805569E-17,0.));
#1823=DIRECTION('center_axis',(0.,0.,1.));
#1824=DIRECTION('ref_axis',(-1.,2.2204460492503E-15,0.));
#1825=DIRECTION('center_axis',(0.,0.,1.));
#1826=DIRECTION('ref_axis',(0.,-1.,0.));
#1827=DIRECTION('',(1.,0.,0.));
#1828=DIRECTION('center_axis',(0.,0.,1.));
#1829=DIRECTION('ref_axis',(1.,0.,0.));
#1830=DIRECTION('',(1.,-3.79563427222276E-16,0.));
#1831=DIRECTION('center_axis',(0.,0.,1.));
#1832=DIRECTION('ref_axis',(1.,0.,0.));
#1833=DIRECTION('center_axis',(0.,0.,1.));
#1834=DIRECTION('ref_axis',(4.4408920985006E-15,1.,0.));
#1835=DIRECTION('',(-1.,0.,0.));
#1836=DIRECTION('center_axis',(0.,0.,1.));
#1837=DIRECTION('ref_axis',(-1.,-4.44089209850063E-15,0.));
#1838=DIRECTION('center_axis',(0.,0.,1.));
#1839=DIRECTION('ref_axis',(0.,-1.,0.));
#1840=DIRECTION('center_axis',(0.,0.,1.));
#1841=DIRECTION('ref_axis',(-1.,-2.22044604925031E-15,0.));
#1842=DIRECTION('center_axis',(0.,0.,1.));
#1843=DIRECTION('ref_axis',(0.,-1.,0.));
#1844=DIRECTION('',(1.,0.,0.));
#1845=DIRECTION('center_axis',(0.,0.,1.));
#1846=DIRECTION('ref_axis',(1.,0.,0.));
#1847=DIRECTION('center_axis',(0.,0.,1.));
#1848=DIRECTION('ref_axis',(4.44089209850061E-15,1.,0.));
#1849=DIRECTION('center_axis',(0.,0.,1.));
#1850=DIRECTION('ref_axis',(-1.11022302462516E-15,1.,0.));
#1851=DIRECTION('',(-1.,-9.4890856805569E-17,0.));
#1852=DIRECTION('center_axis',(0.,0.,1.));
#1853=DIRECTION('ref_axis',(-1.,2.2204460492503E-15,0.));
#1854=DIRECTION('center_axis',(0.,0.,1.));
#1855=DIRECTION('ref_axis',(0.,-1.,0.));
#1856=DIRECTION('',(1.,0.,0.));
#1857=DIRECTION('center_axis',(0.,0.,1.));
#1858=DIRECTION('ref_axis',(1.,0.,0.));
#1859=DIRECTION('center_axis',(0.,0.,1.));
#1860=DIRECTION('ref_axis',(1.,0.,0.));
#1861=DIRECTION('center_axis',(0.,0.,1.));
#1862=DIRECTION('ref_axis',(1.,0.,0.));
#1863=DIRECTION('center_axis',(0.,0.,1.));
#1864=DIRECTION('ref_axis',(1.,0.,0.));
#1865=DIRECTION('center_axis',(0.,0.,1.));
#1866=DIRECTION('ref_axis',(1.,0.,0.));
#1867=DIRECTION('center_axis',(0.,0.,1.));
#1868=DIRECTION('ref_axis',(1.,0.,0.));
#1869=DIRECTION('center_axis',(0.,0.,1.));
#1870=DIRECTION('ref_axis',(1.,0.,0.));
#1871=DIRECTION('center_axis',(0.,0.,1.));
#1872=DIRECTION('ref_axis',(1.,0.,0.));
#1873=DIRECTION('center_axis',(0.,0.,1.));
#1874=DIRECTION('ref_axis',(1.,0.,0.));
#1875=DIRECTION('center_axis',(0.,0.,1.));
#1876=DIRECTION('ref_axis',(1.,0.,0.));
#1877=DIRECTION('center_axis',(0.,0.,1.));
#1878=DIRECTION('ref_axis',(1.,0.,0.));
#1879=DIRECTION('center_axis',(0.,0.,1.));
#1880=DIRECTION('ref_axis',(1.,0.,0.));
#1881=DIRECTION('',(-1.,9.4890856805569E-17,0.));
#1882=DIRECTION('center_axis',(0.,0.,1.));
#1883=DIRECTION('ref_axis',(-1.,-2.22044604925031E-15,0.));
#1884=DIRECTION('center_axis',(0.,0.,1.));
#1885=DIRECTION('ref_axis',(0.,-1.,0.));
#1886=DIRECTION('',(1.,0.,0.));
#1887=DIRECTION('center_axis',(0.,0.,1.));
#1888=DIRECTION('ref_axis',(1.,0.,0.));
#1889=DIRECTION('center_axis',(0.,0.,1.));
#1890=DIRECTION('ref_axis',(4.44089209850061E-15,1.,0.));
#1891=DIRECTION('center_axis',(0.,0.,1.));
#1892=DIRECTION('ref_axis',(1.,0.,0.));
#1893=DIRECTION('',(0.,0.,1.));
#1894=DIRECTION('center_axis',(0.,0.,1.));
#1895=DIRECTION('ref_axis',(1.,0.,0.));
#1896=DIRECTION('',(0.,0.,1.));
#1897=DIRECTION('center_axis',(0.,0.,1.));
#1898=DIRECTION('ref_axis',(1.,0.,0.));
#1899=DIRECTION('',(0.,0.,1.));
#1900=DIRECTION('center_axis',(0.,0.,1.));
#1901=DIRECTION('ref_axis',(1.,0.,0.));
#1902=DIRECTION('',(0.,0.,1.));
#1903=DIRECTION('center_axis',(1.,0.,0.));
#1904=DIRECTION('ref_axis',(0.,1.,0.));
#1905=DIRECTION('center_axis',(-1.,0.,0.));
#1906=DIRECTION('ref_axis',(0.,1.,0.));
#1907=DIRECTION('',(0.,0.,-1.));
#1908=DIRECTION('center_axis',(-1.,0.,0.));
#1909=DIRECTION('ref_axis',(0.,1.,0.));
#1910=DIRECTION('center_axis',(1.,0.,0.));
#1911=DIRECTION('ref_axis',(0.,1.,0.));
#1912=DIRECTION('',(1.,0.,0.));
#1913=DIRECTION('center_axis',(1.,0.,0.));
#1914=DIRECTION('ref_axis',(0.,1.,0.));
#1915=DIRECTION('',(0.,0.,1.));
#1916=DIRECTION('center_axis',(0.,0.,1.));
#1917=DIRECTION('ref_axis',(1.,0.,0.));
#1918=DIRECTION('',(0.,0.,1.));
#1919=DIRECTION('center_axis',(0.,0.,1.));
#1920=DIRECTION('ref_axis',(1.,0.,0.));
#1921=DIRECTION('',(0.,0.,1.));
#1922=DIRECTION('center_axis',(0.,0.,1.));
#1923=DIRECTION('ref_axis',(1.,0.,0.));
#1924=DIRECTION('',(0.,0.,1.));
#1925=DIRECTION('center_axis',(0.,0.,1.));
#1926=DIRECTION('ref_axis',(1.,0.,0.));
#1927=DIRECTION('',(0.,0.,1.));
#1928=DIRECTION('center_axis',(0.,0.,1.));
#1929=DIRECTION('ref_axis',(1.,0.,0.));
#1930=DIRECTION('',(0.,0.,1.));
#1931=DIRECTION('center_axis',(0.,0.,1.));
#1932=DIRECTION('ref_axis',(1.,0.,0.));
#1933=DIRECTION('',(0.,0.,1.));
#1934=DIRECTION('center_axis',(0.,0.,1.));
#1935=DIRECTION('ref_axis',(1.,0.,0.));
#1936=DIRECTION('',(0.,0.,1.));
#1937=DIRECTION('center_axis',(-1.,0.,0.));
#1938=DIRECTION('ref_axis',(0.,0.,1.));
#1939=DIRECTION('',(0.,0.,1.));
#1940=DIRECTION('',(0.,0.,-1.));
#1941=DIRECTION('center_axis',(6.60232982494053E-17,1.,0.));
#1942=DIRECTION('ref_axis',(-1.,6.60232982494053E-17,0.));
#1943=DIRECTION('',(0.,0.,-1.));
#1944=DIRECTION('center_axis',(0.,1.,0.));
#1945=DIRECTION('ref_axis',(0.,0.,1.));
#1946=DIRECTION('',(0.,0.,1.));
#1947=DIRECTION('center_axis',(-1.,0.,0.));
#1948=DIRECTION('ref_axis',(0.,0.,1.));
#1949=DIRECTION('center_axis',(0.,0.,1.));
#1950=DIRECTION('ref_axis',(-1.11022302462516E-15,1.,0.));
#1951=DIRECTION('',(0.,0.,1.));
#1952=DIRECTION('',(0.,0.,1.));
#1953=DIRECTION('center_axis',(0.,0.,1.));
#1954=DIRECTION('ref_axis',(1.,-8.88178419700121E-15,0.));
#1955=DIRECTION('',(0.,0.,1.));
#1956=DIRECTION('center_axis',(3.79563427222276E-16,-1.,0.));
#1957=DIRECTION('ref_axis',(1.,3.79563427222276E-16,0.));
#1958=DIRECTION('',(0.,0.,1.));
#1959=DIRECTION('center_axis',(0.,0.,1.));
#1960=DIRECTION('ref_axis',(0.,-1.,0.));
#1961=DIRECTION('',(0.,0.,1.));
#1962=DIRECTION('center_axis',(0.,0.,1.));
#1963=DIRECTION('ref_axis',(-1.,4.4408920985006E-15,0.));
#1964=DIRECTION('',(0.,0.,1.));
#1965=DIRECTION('center_axis',(0.,1.,0.));
#1966=DIRECTION('ref_axis',(-1.,0.,0.));
#1967=DIRECTION('center_axis',(0.,-1.,0.));
#1968=DIRECTION('ref_axis',(1.,0.,0.));
#1969=DIRECTION('',(0.,0.,1.));
#1970=DIRECTION('',(0.,0.,1.));
#1971=DIRECTION('center_axis',(0.,0.,1.));
#1972=DIRECTION('ref_axis',(0.,-1.,0.));
#1973=DIRECTION('',(0.,0.,1.));
#1974=DIRECTION('center_axis',(0.,0.,1.));
#1975=DIRECTION('ref_axis',(-1.,-2.22044604925031E-15,0.));
#1976=DIRECTION('',(0.,0.,1.));
#1977=DIRECTION('center_axis',(9.48908568055689E-17,1.,0.));
#1978=DIRECTION('ref_axis',(-1.,9.48908568055689E-17,0.));
#1979=DIRECTION('center_axis',(0.,0.,1.));
#1980=DIRECTION('ref_axis',(4.44089209850061E-15,1.,0.));
#1981=DIRECTION('',(0.,0.,1.));
#1982=DIRECTION('center_axis',(0.,0.,1.));
#1983=DIRECTION('ref_axis',(1.,0.,0.));
#1984=DIRECTION('center_axis',(0.,0.,1.));
#1985=DIRECTION('ref_axis',(-1.11022302462516E-15,1.,0.));
#1986=DIRECTION('',(0.,0.,1.));
#1987=DIRECTION('',(0.,0.,1.));
#1988=DIRECTION('center_axis',(0.,0.,1.));
#1989=DIRECTION('ref_axis',(1.,0.,0.));
#1990=DIRECTION('',(0.,0.,1.));
#1991=DIRECTION('center_axis',(0.,-1.,0.));
#1992=DIRECTION('ref_axis',(1.,0.,0.));
#1993=DIRECTION('',(0.,0.,1.));
#1994=DIRECTION('center_axis',(0.,0.,1.));
#1995=DIRECTION('ref_axis',(0.,-1.,0.));
#1996=DIRECTION('',(0.,0.,1.));
#1997=DIRECTION('center_axis',(0.,0.,1.));
#1998=DIRECTION('ref_axis',(-1.,2.2204460492503E-15,0.));
#1999=DIRECTION('',(0.,0.,1.));
#2000=DIRECTION('center_axis',(-9.48908568055689E-17,1.,0.));
#2001=DIRECTION('ref_axis',(-1.,-9.48908568055689E-17,0.));
#2002=DIRECTION('center_axis',(-3.79563427222276E-16,-1.,0.));
#2003=DIRECTION('ref_axis',(1.,-3.79563427222276E-16,0.));
#2004=DIRECTION('',(0.,0.,1.));
#2005=DIRECTION('',(0.,0.,1.));
#2006=DIRECTION('center_axis',(0.,0.,1.));
#2007=DIRECTION('ref_axis',(0.,-1.,0.));
#2008=DIRECTION('',(0.,0.,1.));
#2009=DIRECTION('center_axis',(0.,0.,1.));
#2010=DIRECTION('ref_axis',(-1.,-4.44089209850063E-15,0.));
#2011=DIRECTION('',(0.,0.,1.));
#2012=DIRECTION('center_axis',(0.,1.,0.));
#2013=DIRECTION('ref_axis',(-1.,0.,0.));
#2014=DIRECTION('',(0.,0.,1.));
#2015=DIRECTION('center_axis',(0.,0.,1.));
#2016=DIRECTION('ref_axis',(4.4408920985006E-15,1.,0.));
#2017=DIRECTION('',(0.,0.,1.));
#2018=DIRECTION('center_axis',(0.,0.,1.));
#2019=DIRECTION('ref_axis',(1.,0.,0.));
#2020=DIRECTION('center_axis',(0.,0.,1.));
#2021=DIRECTION('ref_axis',(-1.,-2.22044604925031E-15,0.));
#2022=DIRECTION('',(0.,0.,1.));
#2023=DIRECTION('center_axis',(0.,0.,1.));
#2024=DIRECTION('ref_axis',(4.44089209850061E-15,1.,0.));
#2025=DIRECTION('',(0.,0.,1.));
#2026=DIRECTION('center_axis',(0.,0.,1.));
#2027=DIRECTION('ref_axis',(1.,0.,0.));
#2028=DIRECTION('',(0.,0.,1.));
#2029=DIRECTION('center_axis',(0.,-1.,0.));
#2030=DIRECTION('ref_axis',(1.,0.,0.));
#2031=DIRECTION('',(0.,0.,1.));
#2032=DIRECTION('center_axis',(0.,0.,1.));
#2033=DIRECTION('ref_axis',(0.,-1.,0.));
#2034=DIRECTION('center_axis',(0.,0.,1.));
#2035=DIRECTION('ref_axis',(-1.11022302462516E-15,1.,0.));
#2036=DIRECTION('',(0.,0.,1.));
#2037=DIRECTION('',(0.,0.,1.));
#2038=DIRECTION('center_axis',(0.,0.,1.));
#2039=DIRECTION('ref_axis',(1.,0.,0.));
#2040=DIRECTION('',(0.,0.,1.));
#2041=DIRECTION('center_axis',(0.,-1.,0.));
#2042=DIRECTION('ref_axis',(1.,0.,0.));
#2043=DIRECTION('',(0.,0.,1.));
#2044=DIRECTION('center_axis',(0.,0.,1.));
#2045=DIRECTION('ref_axis',(0.,-1.,0.));
#2046=DIRECTION('',(0.,0.,1.));
#2047=DIRECTION('center_axis',(0.,0.,1.));
#2048=DIRECTION('ref_axis',(-1.,2.2204460492503E-15,0.));
#2049=DIRECTION('',(0.,0.,1.));
#2050=DIRECTION('center_axis',(-9.48908568055689E-17,1.,0.));
#2051=DIRECTION('ref_axis',(-1.,-9.48908568055689E-17,0.));
#2052=CARTESIAN_POINT('',(0.,0.,0.));
#2053=CARTESIAN_POINT('Origin',(68.2925256653381,-47.6342244757565,-19.));
#2054=CARTESIAN_POINT('',(66.8425256653381,-47.6342244757565,-18.));
#2055=CARTESIAN_POINT('Origin',(68.2925256653381,-47.6342244757565,-18.));
#2056=CARTESIAN_POINT('',(66.8425256653381,-47.6342244757565,-16.));
#2057=CARTESIAN_POINT('',(66.8425256653381,-47.6342244757565,-19.));
#2058=CARTESIAN_POINT('Origin',(68.2925256653381,-47.6342244757565,-16.));
#2059=CARTESIAN_POINT('Origin',(-65.9141507538039,-47.6342244757565,-19.));
#2060=CARTESIAN_POINT('',(-67.3641507538039,-47.6342244757565,-18.));
#2061=CARTESIAN_POINT('Origin',(-65.9141507538039,-47.6342244757565,-18.));
#2062=CARTESIAN_POINT('',(-67.3641507538039,-47.6342244757565,-16.));
#2063=CARTESIAN_POINT('',(-67.3641507538039,-47.6342244757565,-19.));
#2064=CARTESIAN_POINT('Origin',(-65.9141507538039,-47.6342244757565,-16.));
#2065=CARTESIAN_POINT('Origin',(68.2925256653381,-33.7113696655124,-19.));
#2066=CARTESIAN_POINT('',(66.8425256653381,-33.7113696655124,-18.));
#2067=CARTESIAN_POINT('Origin',(68.2925256653381,-33.7113696655124,-18.));
#2068=CARTESIAN_POINT('',(66.8425256653381,-33.7113696655124,-16.));
#2069=CARTESIAN_POINT('',(66.8425256653381,-33.7113696655124,-19.));
#2070=CARTESIAN_POINT('Origin',(68.2925256653381,-33.7113696655124,-16.));
#2071=CARTESIAN_POINT('Origin',(-65.9141507538039,-33.7113696655124,-19.));
#2072=CARTESIAN_POINT('',(-67.3641507538039,-33.7113696655124,-18.));
#2073=CARTESIAN_POINT('Origin',(-65.9141507538039,-33.7113696655124,-18.));
#2074=CARTESIAN_POINT('',(-67.3641507538039,-33.7113696655124,-16.));
#2075=CARTESIAN_POINT('',(-67.3641507538039,-33.7113696655124,-19.));
#2076=CARTESIAN_POINT('Origin',(-65.9141507538039,-33.7113696655124,-16.));
#2077=CARTESIAN_POINT('Origin',(-53.4978787391072,16.0075155719716,-16.));
#2078=CARTESIAN_POINT('',(-52.0478787391072,16.0075155719716,-16.));
#2079=CARTESIAN_POINT('Origin',(-53.4978787391072,16.0075155719716,-16.));
#2080=CARTESIAN_POINT('',(-52.0478787391072,16.0075155719716,-18.));
#2081=CARTESIAN_POINT('',(-52.0478787391072,16.0075155719716,-16.));
#2082=CARTESIAN_POINT('Origin',(-53.4978787391072,16.0075155719716,-18.));
#2083=CARTESIAN_POINT('Origin',(-33.2174906502144,16.0075155719717,-16.));
#2084=CARTESIAN_POINT('',(-31.7674906502144,16.0075155719717,-16.));
#2085=CARTESIAN_POINT('Origin',(-33.2174906502144,16.0075155719717,-16.));
#2086=CARTESIAN_POINT('',(-31.7674906502144,16.0075155719717,-18.));
#2087=CARTESIAN_POINT('',(-31.7674906502144,16.0075155719717,-16.));
#2088=CARTESIAN_POINT('Origin',(-33.2174906502144,16.0075155719717,-18.));
#2089=CARTESIAN_POINT('Origin',(33.2499667275336,16.0084263412532,-16.));
#2090=CARTESIAN_POINT('',(34.6999667275335,16.0084263412532,-16.));
#2091=CARTESIAN_POINT('Origin',(33.2499667275336,16.0084263412532,-16.));
#2092=CARTESIAN_POINT('',(34.6999667275335,16.0084263412532,-18.));
#2093=CARTESIAN_POINT('',(34.6999667275335,16.0084263412532,-16.));
#2094=CARTESIAN_POINT('Origin',(33.2499667275336,16.0084263412532,-18.));
#2095=CARTESIAN_POINT('Origin',(53.4984242257921,15.9975179260141,-16.));
#2096=CARTESIAN_POINT('',(54.9484242257921,15.9975179260141,-16.));
#2097=CARTESIAN_POINT('Origin',(53.4984242257921,15.9975179260141,-16.));
#2098=CARTESIAN_POINT('',(54.9484242257921,15.9975179260141,-18.));
#2099=CARTESIAN_POINT('',(54.9484242257921,15.9975179260141,-16.));
#2100=CARTESIAN_POINT('Origin',(53.4984242257921,15.9975179260141,-18.));
#2101=CARTESIAN_POINT('Origin',(48.1951466527232,-24.7650012159347,-16.));
#2102=CARTESIAN_POINT('',(46.7451466527232,-24.7650012159347,-16.));
#2103=CARTESIAN_POINT('',(49.6451466527232,-24.7650012159347,-16.));
#2104=CARTESIAN_POINT('Origin',(48.1951466527232,-24.7650012159347,-16.));
#2105=CARTESIAN_POINT('',(46.7451466527232,-24.7650012159347,-18.));
#2106=CARTESIAN_POINT('',(46.7451466527232,-24.7650012159348,-16.));
#2107=CARTESIAN_POINT('',(49.6451466527232,-24.7650012159347,-18.));
#2108=CARTESIAN_POINT('Origin',(48.1951466527232,-24.7650012159347,-18.));
#2109=CARTESIAN_POINT('',(49.6451466527232,-24.7650012159348,-16.));
#2110=CARTESIAN_POINT('Origin',(48.1780740523093,-44.0052300988374,-16.));
#2111=CARTESIAN_POINT('',(49.6280740523093,-44.0052300988374,-16.));
#2112=CARTESIAN_POINT('Origin',(48.1780740523093,-44.0052300988374,-16.));
#2113=CARTESIAN_POINT('',(49.6280740523093,-44.0052300988374,-18.));
#2114=CARTESIAN_POINT('',(49.6280740523093,-44.0052300988374,-16.));
#2115=CARTESIAN_POINT('Origin',(48.1780740523093,-44.0052300988374,-18.));
#2116=CARTESIAN_POINT('Origin',(48.1851039386335,-34.2990262833881,-16.));
#2117=CARTESIAN_POINT('',(47.4692532422667,-35.5600012159348,-16.));
#2118=CARTESIAN_POINT('',(48.9009546350002,-35.5600012159348,-16.));
#2119=CARTESIAN_POINT('Origin',(48.1851039386335,-34.2990262833881,-16.));
#2120=CARTESIAN_POINT('',(47.4692532422667,-35.5600012159348,-18.));
#2121=CARTESIAN_POINT('',(47.4692532422668,-35.5600012159348,-16.));
#2122=CARTESIAN_POINT('',(48.9009546350002,-35.5600012159348,-18.));
#2123=CARTESIAN_POINT('Origin',(48.1851039386335,-34.2990262833881,-18.));
#2124=CARTESIAN_POINT('',(48.9009546350002,-35.5600012159348,-16.));
#2125=CARTESIAN_POINT('Origin',(51.9750000000001,-24.7650012159348,-18.));
#2126=CARTESIAN_POINT('',(51.9750000000001,-24.7650012159348,-18.));
#2127=CARTESIAN_POINT('',(25.9874999999999,-24.7650012159348,-18.));
#2128=CARTESIAN_POINT('',(51.9750000000001,-24.7650012159348,-16.));
#2129=CARTESIAN_POINT('',(51.9750000000001,-24.7650012159348,-18.));
#2130=CARTESIAN_POINT('',(25.9874999999999,-24.7650012159348,-16.));
#2131=CARTESIAN_POINT('Origin',(51.9750000000001,-35.5600012159348,-18.));
#2132=CARTESIAN_POINT('',(5.17500000000005,-35.5600012159348,-16.));
#2133=CARTESIAN_POINT('',(25.9874999999999,-35.5600012159348,-16.));
#2134=CARTESIAN_POINT('',(5.17500000000005,-35.5600012159348,-18.));
#2135=CARTESIAN_POINT('',(5.17500000000005,-35.5600012159348,-18.));
#2136=CARTESIAN_POINT('',(25.9874999999999,-35.5600012159348,-18.));
#2137=CARTESIAN_POINT('Origin',(51.9750000000001,-35.5600012159348,-18.));
#2138=CARTESIAN_POINT('',(51.9750000000001,-35.5600012159348,-18.));
#2139=CARTESIAN_POINT('',(25.9874999999999,-35.5600012159348,-18.));
#2140=CARTESIAN_POINT('',(51.9750000000001,-35.5600012159348,-16.));
#2141=CARTESIAN_POINT('',(51.9750000000001,-35.5600012159348,-18.));
#2142=CARTESIAN_POINT('',(25.9874999999999,-35.5600012159348,-16.));
#2143=CARTESIAN_POINT('Origin',(-8.88178419700126E-15,-20.3886318140184,
-16.));
#2144=CARTESIAN_POINT('',(72.2662999999999,-72.6034636280368,-16.));
#2145=CARTESIAN_POINT('',(72.2662999999999,35.2044,-16.));
#2146=CARTESIAN_POINT('',(72.2662999999999,-48.1851477210274,-16.));
#2147=CARTESIAN_POINT('',(-72.2625,35.2044,-16.));
#2148=CARTESIAN_POINT('',(67.2624999999999,35.2044,-16.));
#2149=CARTESIAN_POINT('',(-72.2625,-72.6034636280368,-16.));
#2150=CARTESIAN_POINT('',(-72.2625,35.2044,-16.));
#2151=CARTESIAN_POINT('',(67.2624999999999,-72.6034636280368,-16.));
#2152=CARTESIAN_POINT('',(-22.9176,-66.173184912364,-16.));
#2153=CARTESIAN_POINT('Origin',(-21.1676,-66.173184912364,-16.));
#2154=CARTESIAN_POINT('',(32.5052000000001,-66.173184912364,-16.));
#2155=CARTESIAN_POINT('Origin',(34.2551999999999,-66.173184912364,-16.));
#2156=CARTESIAN_POINT('',(-9.0619,-66.173184912364,-16.));
#2157=CARTESIAN_POINT('Origin',(-7.31189999999999,-66.173184912364,-16.));
#2158=CARTESIAN_POINT('',(-36.7732999999999,-66.173184912364,-16.));
#2159=CARTESIAN_POINT('Origin',(-35.0233000000001,-66.173184912364,-16.));
#2160=CARTESIAN_POINT('',(18.6495,-66.173184912364,-16.));
#2161=CARTESIAN_POINT('Origin',(20.3995,-66.173184912364,-16.));
#2162=CARTESIAN_POINT('',(4.7938,-66.173184912364,-16.));
#2163=CARTESIAN_POINT('Origin',(6.54380000000001,-66.173184912364,-16.));
#2164=CARTESIAN_POINT('',(-50.6289999999999,-66.173184912364,-16.));
#2165=CARTESIAN_POINT('Origin',(-48.8790000000001,-66.173184912364,-16.));
#2166=CARTESIAN_POINT('',(-5.17500000000005,-24.7650012159348,-16.));
#2167=CARTESIAN_POINT('',(-3.21800134133928,-26.3525012159348,-16.));
#2168=CARTESIAN_POINT('Origin',(-5.17500000000005,-26.7650012159347,-16.));
#2169=CARTESIAN_POINT('',(-5.17500000000005,-27.9400012159348,-16.));
#2170=CARTESIAN_POINT('Origin',(-5.17500000000005,-25.9400012159347,-16.));
#2171=CARTESIAN_POINT('',(-51.9750000000001,-27.9400012159348,-16.));
#2172=CARTESIAN_POINT('',(-25.9874999999999,-27.9400012159348,-16.));
#2173=CARTESIAN_POINT('',(-53.9319986586607,-26.3525012159348,-16.));
#2174=CARTESIAN_POINT('Origin',(-51.9750000000001,-25.9400012159347,-16.));
#2175=CARTESIAN_POINT('',(-51.9750000000001,-24.7650012159348,-16.));
#2176=CARTESIAN_POINT('Origin',(-51.9750000000001,-26.7650012159347,-16.));
#2177=CARTESIAN_POINT('',(-2.58750000000004,-24.7650012159348,-16.));
#2178=CARTESIAN_POINT('',(51.9750000000001,-49.5300012159348,-16.));
#2179=CARTESIAN_POINT('',(5.17500000000005,-49.5300012159348,-16.));
#2180=CARTESIAN_POINT('',(2.58750000000001,-49.5300012159348,-16.));
#2181=CARTESIAN_POINT('',(3.21800134133928,-47.9425012159348,-16.));
#2182=CARTESIAN_POINT('Origin',(5.17500000000005,-47.5300012159347,-16.));
#2183=CARTESIAN_POINT('',(5.17500000000005,-46.3550012159348,-16.));
#2184=CARTESIAN_POINT('Origin',(5.17500000000005,-48.3550012159347,-16.));
#2185=CARTESIAN_POINT('',(51.9750000000001,-46.3550012159348,-16.));
#2186=CARTESIAN_POINT('',(25.9874999999999,-46.3550012159348,-16.));
#2187=CARTESIAN_POINT('',(53.9319986586607,-47.9425012159348,-16.));
#2188=CARTESIAN_POINT('Origin',(51.9750000000001,-48.3550012159347,-16.));
#2189=CARTESIAN_POINT('Origin',(51.9750000000001,-47.5300012159347,-16.));
#2190=CARTESIAN_POINT('',(-5.17500000000005,-35.5600012159348,-16.));
#2191=CARTESIAN_POINT('',(-3.21800134133928,-37.1475012159348,-16.));
#2192=CARTESIAN_POINT('Origin',(-5.17500000000005,-37.5600012159347,-16.));
#2193=CARTESIAN_POINT('',(-5.17500000000005,-38.7350012159348,-16.));
#2194=CARTESIAN_POINT('Origin',(-5.17500000000005,-36.7350012159347,-16.));
#2195=CARTESIAN_POINT('',(-51.9750000000001,-38.7350012159348,-16.));
#2196=CARTESIAN_POINT('',(-25.9874999999999,-38.7350012159348,-16.));
#2197=CARTESIAN_POINT('',(-53.9319986586607,-37.1475012159348,-16.));
#2198=CARTESIAN_POINT('Origin',(-51.9750000000001,-36.7350012159347,-16.));
#2199=CARTESIAN_POINT('',(-51.9750000000001,-35.5600012159348,-16.));
#2200=CARTESIAN_POINT('Origin',(-51.9750000000001,-37.5600012159347,-16.));
#2201=CARTESIAN_POINT('',(-2.58750000000004,-35.5600012159348,-16.));
#2202=CARTESIAN_POINT('',(53.9319986586607,-26.3525012159348,-16.));
#2203=CARTESIAN_POINT('Origin',(51.9750000000001,-26.7650012159347,-16.));
#2204=CARTESIAN_POINT('',(51.9750000000001,-27.9400012159348,-16.));
#2205=CARTESIAN_POINT('Origin',(51.9750000000001,-25.9400012159347,-16.));
#2206=CARTESIAN_POINT('',(5.17500000000005,-27.9400012159348,-16.));
#2207=CARTESIAN_POINT('',(2.58750000000001,-27.9400012159348,-16.));
#2208=CARTESIAN_POINT('',(3.21800134133928,-26.3525012159348,-16.));
#2209=CARTESIAN_POINT('Origin',(5.17500000000005,-25.9400012159347,-16.));
#2210=CARTESIAN_POINT('',(5.17500000000005,-24.7650012159348,-16.));
#2211=CARTESIAN_POINT('Origin',(5.17500000000005,-26.7650012159347,-16.));
#2212=CARTESIAN_POINT('',(25.9874999999999,-24.7650012159348,-16.));
#2213=CARTESIAN_POINT('',(-5.17500000000005,-46.3550012159348,-16.));
#2214=CARTESIAN_POINT('',(-3.21800134133928,-47.9425012159348,-16.));
#2215=CARTESIAN_POINT('Origin',(-5.17500000000005,-48.3550012159347,-16.));
#2216=CARTESIAN_POINT('',(-5.17500000000005,-49.5300012159348,-16.));
#2217=CARTESIAN_POINT('Origin',(-5.17500000000005,-47.5300012159347,-16.));
#2218=CARTESIAN_POINT('',(-51.9750000000001,-49.5300012159348,-16.));
#2219=CARTESIAN_POINT('',(-25.9874999999999,-49.5300012159348,-16.));
#2220=CARTESIAN_POINT('',(-53.9319986586607,-47.9425012159348,-16.));
#2221=CARTESIAN_POINT('Origin',(-51.9750000000001,-47.5300012159347,-16.));
#2222=CARTESIAN_POINT('',(-51.9750000000001,-46.3550012159348,-16.));
#2223=CARTESIAN_POINT('Origin',(-51.9750000000001,-48.3550012159347,-16.));
#2224=CARTESIAN_POINT('',(-2.58750000000004,-46.3550012159348,-16.));
#2225=CARTESIAN_POINT('',(-58.8945042427179,32.9570167115706,-16.));
#2226=CARTESIAN_POINT('Origin',(-57.4445042427179,32.9570167115706,-16.));
#2227=CARTESIAN_POINT('',(57.5132432653773,32.9570167115706,-16.));
#2228=CARTESIAN_POINT('Origin',(58.9632432653773,32.9570167115706,-16.));
#2229=CARTESIAN_POINT('',(-17.169199916512,32.9570167115706,-16.));
#2230=CARTESIAN_POINT('Origin',(-15.719199916512,32.9570167115706,-16.));
#2231=CARTESIAN_POINT('',(17.9991641897619,32.9570167115706,-16.));
#2232=CARTESIAN_POINT('Origin',(19.4491641897619,32.9570167115706,-16.));
#2233=CARTESIAN_POINT('',(53.9319986586607,-37.1475012159348,-16.));
#2234=CARTESIAN_POINT('Origin',(51.9750000000001,-37.5600012159347,-16.));
#2235=CARTESIAN_POINT('',(51.9750000000001,-38.7350012159348,-16.));
#2236=CARTESIAN_POINT('Origin',(51.9750000000001,-36.7350012159347,-16.));
#2237=CARTESIAN_POINT('',(41.9800001621247,-38.7350012159348,-16.));
#2238=CARTESIAN_POINT('',(2.58750000000001,-38.7350012159348,-16.));
#2239=CARTESIAN_POINT('',(41.9800001621247,-42.366980885222,-16.));
#2240=CARTESIAN_POINT('',(41.9800001621247,-29.8633523045641,-16.));
#2241=CARTESIAN_POINT('',(8.48000016212465,-42.366980885222,-16.));
#2242=CARTESIAN_POINT('',(41.9800001621247,-42.366980885222,-16.));
#2243=CARTESIAN_POINT('',(8.48000016212465,-38.7350012159348,-16.));
#2244=CARTESIAN_POINT('',(8.48000016212465,-29.8633523045641,-16.));
#2245=CARTESIAN_POINT('',(5.17500000000005,-38.7350012159348,-16.));
#2246=CARTESIAN_POINT('',(2.58750000000001,-38.7350012159348,-16.));
#2247=CARTESIAN_POINT('',(3.21800134133928,-37.1475012159348,-16.));
#2248=CARTESIAN_POINT('Origin',(5.17500000000005,-36.7350012159347,-16.));
#2249=CARTESIAN_POINT('Origin',(5.17500000000005,-37.5600012159347,-16.));
#2250=CARTESIAN_POINT('Origin',(-8.88178419700126E-15,-20.3886318140184,
-18.));
#2251=CARTESIAN_POINT('',(72.2662999999999,35.2044,-18.));
#2252=CARTESIAN_POINT('',(72.2662999999999,-72.6034636280368,-18.));
#2253=CARTESIAN_POINT('',(72.2662999999999,-48.1851477210274,-18.));
#2254=CARTESIAN_POINT('',(-72.2625,-72.6034636280368,-18.));
#2255=CARTESIAN_POINT('',(-33.63125,-72.6034636280368,-18.));
#2256=CARTESIAN_POINT('',(-72.2625,35.2044,-18.));
#2257=CARTESIAN_POINT('',(-72.2625,35.2044,-18.));
#2258=CARTESIAN_POINT('',(67.2624999999999,35.2044,-18.));
#2259=CARTESIAN_POINT('',(-3.21800134133928,-47.9425012159348,-18.));
#2260=CARTESIAN_POINT('',(-5.17500000000005,-46.3550012159348,-18.));
#2261=CARTESIAN_POINT('Origin',(-5.17500000000005,-48.3550012159347,-18.));
#2262=CARTESIAN_POINT('',(-51.9750000000001,-46.3550012159348,-18.));
#2263=CARTESIAN_POINT('',(-2.58750000000004,-46.3550012159348,-18.));
#2264=CARTESIAN_POINT('',(-53.9319986586607,-47.9425012159348,-18.));
#2265=CARTESIAN_POINT('Origin',(-51.9750000000001,-48.3550012159347,-18.));
#2266=CARTESIAN_POINT('',(-51.9750000000001,-49.5300012159348,-18.));
#2267=CARTESIAN_POINT('Origin',(-51.9750000000001,-47.5300012159347,-18.));
#2268=CARTESIAN_POINT('',(-5.17500000000005,-49.5300012159348,-18.));
#2269=CARTESIAN_POINT('',(-25.9874999999999,-49.5300012159348,-18.));
#2270=CARTESIAN_POINT('Origin',(-5.17500000000005,-47.5300012159347,-18.));
#2271=CARTESIAN_POINT('',(-3.21800134133928,-37.1475012159348,-18.));
#2272=CARTESIAN_POINT('',(-5.17500000000005,-35.5600012159348,-18.));
#2273=CARTESIAN_POINT('Origin',(-5.17500000000005,-37.5600012159347,-18.));
#2274=CARTESIAN_POINT('',(-51.9750000000001,-35.5600012159348,-18.));
#2275=CARTESIAN_POINT('',(-2.58750000000004,-35.5600012159348,-18.));
#2276=CARTESIAN_POINT('',(-53.9319986586607,-37.1475012159348,-18.));
#2277=CARTESIAN_POINT('Origin',(-51.9750000000001,-37.5600012159347,-18.));
#2278=CARTESIAN_POINT('',(-51.9750000000001,-38.7350012159348,-18.));
#2279=CARTESIAN_POINT('Origin',(-51.9750000000001,-36.7350012159347,-18.));
#2280=CARTESIAN_POINT('',(-5.17500000000005,-38.7350012159348,-18.));
#2281=CARTESIAN_POINT('',(-25.9874999999999,-38.7350012159348,-18.));
#2282=CARTESIAN_POINT('Origin',(-5.17500000000005,-36.7350012159347,-18.));
#2283=CARTESIAN_POINT('',(5.17500000000005,-49.5300012159348,-18.));
#2284=CARTESIAN_POINT('',(51.9750000000001,-49.5300012159348,-18.));
#2285=CARTESIAN_POINT('',(2.58750000000001,-49.5300012159348,-18.));
#2286=CARTESIAN_POINT('',(53.9319986586607,-47.9425012159348,-18.));
#2287=CARTESIAN_POINT('Origin',(51.9750000000001,-47.5300012159347,-18.));
#2288=CARTESIAN_POINT('',(51.9750000000001,-46.3550012159348,-18.));
#2289=CARTESIAN_POINT('Origin',(51.9750000000001,-48.3550012159347,-18.));
#2290=CARTESIAN_POINT('',(5.17500000000005,-46.3550012159348,-18.));
#2291=CARTESIAN_POINT('',(25.9874999999999,-46.3550012159348,-18.));
#2292=CARTESIAN_POINT('',(3.21800134133928,-47.9425012159348,-18.));
#2293=CARTESIAN_POINT('Origin',(5.17500000000005,-48.3550012159347,-18.));
#2294=CARTESIAN_POINT('Origin',(5.17500000000005,-47.5300012159347,-18.));
#2295=CARTESIAN_POINT('',(3.21800134133928,-37.1475012159348,-18.));
#2296=CARTESIAN_POINT('Origin',(5.17500000000005,-37.5600012159347,-18.));
#2297=CARTESIAN_POINT('',(5.17500000000005,-38.7350012159348,-18.));
#2298=CARTESIAN_POINT('Origin',(5.17500000000005,-36.7350012159347,-18.));
#2299=CARTESIAN_POINT('',(51.9750000000001,-38.7350012159348,-18.));
#2300=CARTESIAN_POINT('',(2.58750000000001,-38.7350012159348,-18.));
#2301=CARTESIAN_POINT('',(53.9319986586607,-37.1475012159348,-18.));
#2302=CARTESIAN_POINT('Origin',(51.9750000000001,-36.7350012159347,-18.));
#2303=CARTESIAN_POINT('Origin',(51.9750000000001,-37.5600012159347,-18.));
#2304=CARTESIAN_POINT('',(-3.21800134133928,-26.3525012159348,-18.));
#2305=CARTESIAN_POINT('',(-5.17500000000005,-24.7650012159348,-18.));
#2306=CARTESIAN_POINT('Origin',(-5.17500000000005,-26.7650012159347,-18.));
#2307=CARTESIAN_POINT('',(-51.9750000000001,-24.7650012159348,-18.));
#2308=CARTESIAN_POINT('',(-2.58750000000004,-24.7650012159348,-18.));
#2309=CARTESIAN_POINT('',(-53.9319986586607,-26.3525012159348,-18.));
#2310=CARTESIAN_POINT('Origin',(-51.9750000000001,-26.7650012159347,-18.));
#2311=CARTESIAN_POINT('',(-51.9750000000001,-27.9400012159348,-18.));
#2312=CARTESIAN_POINT('Origin',(-51.9750000000001,-25.9400012159347,-18.));
#2313=CARTESIAN_POINT('',(-5.17500000000005,-27.9400012159348,-18.));
#2314=CARTESIAN_POINT('',(-25.9874999999999,-27.9400012159348,-18.));
#2315=CARTESIAN_POINT('Origin',(-5.17500000000005,-25.9400012159347,-18.));
#2316=CARTESIAN_POINT('',(-50.6289999999999,-66.173184912364,-18.));
#2317=CARTESIAN_POINT('Origin',(-48.8790000000001,-66.173184912364,-18.));
#2318=CARTESIAN_POINT('',(4.7938,-66.173184912364,-18.));
#2319=CARTESIAN_POINT('Origin',(6.54380000000001,-66.173184912364,-18.));
#2320=CARTESIAN_POINT('',(18.6495,-66.173184912364,-18.));
#2321=CARTESIAN_POINT('Origin',(20.3995,-66.173184912364,-18.));
#2322=CARTESIAN_POINT('',(-36.7732999999999,-66.173184912364,-18.));
#2323=CARTESIAN_POINT('Origin',(-35.0233000000001,-66.173184912364,-18.));
#2324=CARTESIAN_POINT('',(-9.0619,-66.173184912364,-18.));
#2325=CARTESIAN_POINT('Origin',(-7.31189999999999,-66.173184912364,-18.));
#2326=CARTESIAN_POINT('',(32.5052000000001,-66.173184912364,-18.));
#2327=CARTESIAN_POINT('Origin',(34.2551999999999,-66.173184912364,-18.));
#2328=CARTESIAN_POINT('',(-22.9176,-66.173184912364,-18.));
#2329=CARTESIAN_POINT('Origin',(-21.1676,-66.173184912364,-18.));
#2330=CARTESIAN_POINT('',(-58.8945042427179,32.9570167115706,-18.));
#2331=CARTESIAN_POINT('Origin',(-57.4445042427179,32.9570167115706,-18.));
#2332=CARTESIAN_POINT('',(57.5132432653773,32.9570167115706,-18.));
#2333=CARTESIAN_POINT('Origin',(58.9632432653773,32.9570167115706,-18.));
#2334=CARTESIAN_POINT('',(-17.169199916512,32.9570167115706,-18.));
#2335=CARTESIAN_POINT('Origin',(-15.719199916512,32.9570167115706,-18.));
#2336=CARTESIAN_POINT('',(17.9991641897619,32.9570167115706,-18.));
#2337=CARTESIAN_POINT('Origin',(19.4491641897619,32.9570167115706,-18.));
#2338=CARTESIAN_POINT('',(5.17500000000005,-24.7650012159348,-18.));
#2339=CARTESIAN_POINT('',(25.9874999999999,-24.7650012159348,-18.));
#2340=CARTESIAN_POINT('',(3.21800134133928,-26.3525012159348,-18.));
#2341=CARTESIAN_POINT('Origin',(5.17500000000005,-26.7650012159347,-18.));
#2342=CARTESIAN_POINT('',(5.17500000000005,-27.9400012159348,-18.));
#2343=CARTESIAN_POINT('Origin',(5.17500000000005,-25.9400012159347,-18.));
#2344=CARTESIAN_POINT('',(51.9750000000001,-27.9400012159348,-18.));
#2345=CARTESIAN_POINT('',(2.58750000000001,-27.9400012159348,-18.));
#2346=CARTESIAN_POINT('',(53.9319986586607,-26.3525012159348,-18.));
#2347=CARTESIAN_POINT('Origin',(51.9750000000001,-25.9400012159347,-18.));
#2348=CARTESIAN_POINT('Origin',(51.9750000000001,-26.7650012159347,-18.));
#2349=CARTESIAN_POINT('Origin',(19.4491641897619,32.9570167115706,-18.));
#2350=CARTESIAN_POINT('',(17.9991641897619,32.9570167115706,-18.));
#2351=CARTESIAN_POINT('Origin',(-15.719199916512,32.9570167115706,-18.));
#2352=CARTESIAN_POINT('',(-17.169199916512,32.9570167115706,-18.));
#2353=CARTESIAN_POINT('Origin',(58.9632432653773,32.9570167115706,-18.));
#2354=CARTESIAN_POINT('',(57.5132432653773,32.9570167115706,-18.));
#2355=CARTESIAN_POINT('Origin',(-57.4445042427179,32.9570167115706,-18.));
#2356=CARTESIAN_POINT('',(-58.8945042427179,32.9570167115706,-18.));
#2357=CARTESIAN_POINT('Origin',(8.48000016212465,-39.3380727951098,1.38816309394562));
#2358=CARTESIAN_POINT('',(8.48000016212465,-38.7350012159348,-16.2515309133321));
#2359=CARTESIAN_POINT('Origin',(8.48000016212465,-39.3380727951098,1.38816309394562));
#2360=CARTESIAN_POINT('',(8.48000016212465,-38.7350012159348,-8.30591845302719));
#2361=CARTESIAN_POINT('Origin',(41.9800001621247,-39.3380727951098,1.38816309394562));
#2362=CARTESIAN_POINT('',(41.9800001621247,-38.7350012159348,-16.2515309133321));
#2363=CARTESIAN_POINT('Origin',(41.9800001621247,-39.3380727951098,1.38816309394562));
#2364=CARTESIAN_POINT('',(41.9800001621247,-38.7350012159348,-16.2515309133321));
#2365=CARTESIAN_POINT('Origin',(41.9800001621247,-39.3380727951098,1.38816309394562));
#2366=CARTESIAN_POINT('',(41.9800001621247,-38.7350012159348,-8.30591845302719));
#2367=CARTESIAN_POINT('Origin',(-21.1676,-66.173184912364,-18.));
#2368=CARTESIAN_POINT('',(-22.9176,-66.173184912364,-18.));
#2369=CARTESIAN_POINT('Origin',(34.2551999999999,-66.173184912364,-18.));
#2370=CARTESIAN_POINT('',(32.5051999999999,-66.173184912364,-18.));
#2371=CARTESIAN_POINT('Origin',(-7.31189999999999,-66.173184912364,-18.));
#2372=CARTESIAN_POINT('',(-9.06189999999999,-66.173184912364,-18.));
#2373=CARTESIAN_POINT('Origin',(-35.0233000000001,-66.173184912364,-18.));
#2374=CARTESIAN_POINT('',(-36.7733000000001,-66.173184912364,-18.));
#2375=CARTESIAN_POINT('Origin',(20.3995,-66.173184912364,-18.));
#2376=CARTESIAN_POINT('',(18.6495,-66.173184912364,-18.));
#2377=CARTESIAN_POINT('Origin',(6.54380000000001,-66.173184912364,-18.));
#2378=CARTESIAN_POINT('',(4.79380000000001,-66.173184912364,-18.));
#2379=CARTESIAN_POINT('Origin',(-48.8790000000001,-66.173184912364,-18.));
#2380=CARTESIAN_POINT('',(-50.6290000000001,-66.173184912364,-18.));
#2381=CARTESIAN_POINT('Origin',(72.2662999999999,-75.9816636280368,-18.));
#2382=CARTESIAN_POINT('',(72.2662999999999,-72.6034636280368,-18.));
#2383=CARTESIAN_POINT('',(72.2662999999999,35.2044,-18.));
#2384=CARTESIAN_POINT('Origin',(67.2624999999999,35.2044,-18.));
#2385=CARTESIAN_POINT('',(-72.2625,35.2044,-18.));
#2386=CARTESIAN_POINT('Origin',(-67.2624999999999,-72.6034636280368,-18.));
#2387=CARTESIAN_POINT('',(-72.2625,-72.6034636280368,-18.));
#2388=CARTESIAN_POINT('Origin',(-72.2625,35.2044,-18.));
#2389=CARTESIAN_POINT('Origin',(-5.17500000000005,-48.3550012159347,-18.));
#2390=CARTESIAN_POINT('',(-3.21800134133928,-47.9425012159348,-18.));
#2391=CARTESIAN_POINT('',(-5.17500000000005,-46.3550012159348,-18.));
#2392=CARTESIAN_POINT('Origin',(-5.17500000000005,-47.5300012159347,-18.));
#2393=CARTESIAN_POINT('',(-5.17500000000005,-49.5300012159348,-18.));
#2394=CARTESIAN_POINT('Origin',(-51.9750000000001,-49.5300012159348,-18.));
#2395=CARTESIAN_POINT('',(-51.9750000000001,-49.5300012159348,-18.));
#2396=CARTESIAN_POINT('Origin',(-51.9750000000001,-47.5300012159347,-18.));
#2397=CARTESIAN_POINT('',(-53.9319986586607,-47.9425012159348,-18.));
#2398=CARTESIAN_POINT('Origin',(-51.9750000000001,-48.3550012159347,-18.));
#2399=CARTESIAN_POINT('',(-51.9750000000001,-46.3550012159348,-18.));
#2400=CARTESIAN_POINT('Origin',(-5.17500000000005,-46.3550012159348,-18.));
#2401=CARTESIAN_POINT('Origin',(5.17500000000005,-27.9400012159348,-18.));
#2402=CARTESIAN_POINT('',(5.17500000000005,-27.9400012159348,-18.));
#2403=CARTESIAN_POINT('',(51.9750000000001,-27.9400012159348,-18.));
#2404=CARTESIAN_POINT('Origin',(5.17500000000005,-25.9400012159347,-18.));
#2405=CARTESIAN_POINT('',(3.21800134133928,-26.3525012159348,-18.));
#2406=CARTESIAN_POINT('Origin',(5.17500000000005,-26.7650012159347,-18.));
#2407=CARTESIAN_POINT('',(5.17500000000005,-24.7650012159348,-18.));
#2408=CARTESIAN_POINT('Origin',(51.9750000000001,-24.7650012159348,-18.));
#2409=CARTESIAN_POINT('Origin',(51.9750000000001,-26.7650012159347,-18.));
#2410=CARTESIAN_POINT('',(53.9319986586607,-26.3525012159348,-18.));
#2411=CARTESIAN_POINT('Origin',(51.9750000000001,-25.9400012159347,-18.));
#2412=CARTESIAN_POINT('Origin',(-5.17500000000005,-37.5600012159347,-18.));
#2413=CARTESIAN_POINT('',(-3.21800134133928,-37.1475012159348,-18.));
#2414=CARTESIAN_POINT('',(-5.17500000000005,-35.5600012159348,-18.));
#2415=CARTESIAN_POINT('Origin',(-5.17500000000005,-36.7350012159347,-18.));
#2416=CARTESIAN_POINT('',(-5.17500000000005,-38.7350012159348,-18.));
#2417=CARTESIAN_POINT('Origin',(-51.9750000000001,-38.7350012159348,-18.));
#2418=CARTESIAN_POINT('',(-51.9750000000001,-38.7350012159348,-18.));
#2419=CARTESIAN_POINT('Origin',(-51.9750000000001,-36.7350012159347,-18.));
#2420=CARTESIAN_POINT('',(-53.9319986586607,-37.1475012159348,-18.));
#2421=CARTESIAN_POINT('Origin',(-51.9750000000001,-37.5600012159347,-18.));
#2422=CARTESIAN_POINT('',(-51.9750000000001,-35.5600012159348,-18.));
#2423=CARTESIAN_POINT('Origin',(-5.17500000000005,-35.5600012159348,-18.));
#2424=CARTESIAN_POINT('Origin',(5.17500000000005,-49.5300012159348,-18.));
#2425=CARTESIAN_POINT('',(5.17500000000005,-49.5300012159348,-18.));
#2426=CARTESIAN_POINT('',(51.9750000000001,-49.5300012159348,-18.));
#2427=CARTESIAN_POINT('Origin',(5.17500000000005,-47.5300012159347,-18.));
#2428=CARTESIAN_POINT('',(3.21800134133928,-47.9425012159348,-18.));
#2429=CARTESIAN_POINT('Origin',(5.17500000000005,-48.3550012159347,-18.));
#2430=CARTESIAN_POINT('',(5.17500000000005,-46.3550012159348,-18.));
#2431=CARTESIAN_POINT('Origin',(51.9750000000001,-46.3550012159348,-18.));
#2432=CARTESIAN_POINT('',(51.9750000000001,-46.3550012159348,-18.));
#2433=CARTESIAN_POINT('Origin',(51.9750000000001,-48.3550012159347,-18.));
#2434=CARTESIAN_POINT('',(53.9319986586607,-47.9425012159348,-18.));
#2435=CARTESIAN_POINT('Origin',(51.9750000000001,-47.5300012159347,-18.));
#2436=CARTESIAN_POINT('Origin',(5.17500000000005,-37.5600012159347,-18.));
#2437=CARTESIAN_POINT('',(3.21800134133928,-37.1475012159348,-18.));
#2438=CARTESIAN_POINT('Origin',(51.9750000000001,-37.5600012159347,-18.));
#2439=CARTESIAN_POINT('',(53.9319986586607,-37.1475012159348,-18.));
#2440=CARTESIAN_POINT('Origin',(51.9750000000001,-36.7350012159347,-18.));
#2441=CARTESIAN_POINT('',(51.9750000000001,-38.7350012159348,-18.));
#2442=CARTESIAN_POINT('Origin',(5.17500000000005,-38.7350012159348,-18.));
#2443=CARTESIAN_POINT('',(5.17500000000005,-38.7350012159348,-18.));
#2444=CARTESIAN_POINT('Origin',(5.17500000000005,-36.7350012159347,-18.));
#2445=CARTESIAN_POINT('Origin',(-5.17500000000005,-26.7650012159347,-18.));
#2446=CARTESIAN_POINT('',(-3.21800134133928,-26.3525012159348,-18.));
#2447=CARTESIAN_POINT('',(-5.17500000000005,-24.7650012159348,-18.));
#2448=CARTESIAN_POINT('Origin',(-5.17500000000005,-25.9400012159347,-18.));
#2449=CARTESIAN_POINT('',(-5.17500000000005,-27.9400012159348,-18.));
#2450=CARTESIAN_POINT('Origin',(-51.9750000000001,-27.9400012159348,-18.));
#2451=CARTESIAN_POINT('',(-51.9750000000001,-27.9400012159348,-18.));
#2452=CARTESIAN_POINT('Origin',(-51.9750000000001,-25.9400012159347,-18.));
#2453=CARTESIAN_POINT('',(-53.9319986586607,-26.3525012159348,-18.));
#2454=CARTESIAN_POINT('Origin',(-51.9750000000001,-26.7650012159347,-18.));
#2455=CARTESIAN_POINT('',(-51.9750000000001,-24.7650012159348,-18.));
#2456=CARTESIAN_POINT('Origin',(-5.17500000000005,-24.7650012159348,-18.));
#2457=UNCERTAINTY_MEASURE_WITH_UNIT(LENGTH_MEASURE(0.01),#2461,
'DISTANCE_ACCURACY_VALUE',
'Maximum model space distance between geometric entities at asserted c
onnectivities');
#2458=UNCERTAINTY_MEASURE_WITH_UNIT(LENGTH_MEASURE(0.01),#2461,
'DISTANCE_ACCURACY_VALUE',
'Maximum model space distance between geometric entities at asserted c
onnectivities');
#2459=(
GEOMETRIC_REPRESENTATION_CONTEXT(3)
GLOBAL_UNCERTAINTY_ASSIGNED_CONTEXT((#2457))
GLOBAL_UNIT_ASSIGNED_CONTEXT((#2461,#2463,#2464))
REPRESENTATION_CONTEXT('','3D')
);
#2460=(
GEOMETRIC_REPRESENTATION_CONTEXT(3)
GLOBAL_UNCERTAINTY_ASSIGNED_CONTEXT((#2458))
GLOBAL_UNIT_ASSIGNED_CONTEXT((#2461,#2463,#2464))
REPRESENTATION_CONTEXT('','3D')
);
#2461=(
LENGTH_UNIT()
NAMED_UNIT(*)
SI_UNIT(.MILLI.,.METRE.)
);
#2462=(
LENGTH_UNIT()
NAMED_UNIT(*)
SI_UNIT($,.METRE.)
);
#2463=(
NAMED_UNIT(*)
PLANE_ANGLE_UNIT()
SI_UNIT($,.RADIAN.)
);
#2464=(
NAMED_UNIT(*)
SI_UNIT($,.STERADIAN.)
SOLID_ANGLE_UNIT()
);
#2465=SHAPE_DEFINITION_REPRESENTATION(#2466,#2467);
#2466=PRODUCT_DEFINITION_SHAPE('',$,#2469);
#2467=SHAPE_REPRESENTATION('',(#1453),#2459);
#2468=PRODUCT_DEFINITION_CONTEXT('part definition',#2473,'design');
#2469=PRODUCT_DEFINITION('Component90','Component90',#2470,#2468);
#2470=PRODUCT_DEFINITION_FORMATION('',$,#2475);
#2471=PRODUCT_RELATED_PRODUCT_CATEGORY('Component90','Component90',(#2475));
#2472=APPLICATION_PROTOCOL_DEFINITION('international standard',
'automotive_design',2009,#2473);
#2473=APPLICATION_CONTEXT(
'Core Data for Automotive Mechanical Design Process');
#2474=PRODUCT_CONTEXT('part definition',#2473,'mechanical');
#2475=PRODUCT('Component90','Component90',$,(#2474));
#2476=PRESENTATION_STYLE_ASSIGNMENT((#2478));
#2477=PRESENTATION_STYLE_ASSIGNMENT((#2479));
#2478=SURFACE_STYLE_USAGE(.BOTH.,#2480);
#2479=SURFACE_STYLE_USAGE(.BOTH.,#2481);
#2480=SURFACE_SIDE_STYLE('',(#2482));
#2481=SURFACE_SIDE_STYLE('',(#2483));
#2482=SURFACE_STYLE_FILL_AREA(#2484);
#2483=SURFACE_STYLE_FILL_AREA(#2485);
#2484=FILL_AREA_STYLE('Carbon Fiber - Plain',(#2486));
#2485=FILL_AREA_STYLE('Opaque(25,25,25)',(#2487));
#2486=FILL_AREA_STYLE_COLOUR('Carbon Fiber - Plain',#2488);
#2487=FILL_AREA_STYLE_COLOUR('Opaque(25,25,25)',#2489);
#2488=COLOUR_RGB('Carbon Fiber - Plain',0.0980392156862745,0.0980392156862745,
0.0980392156862745);
#2489=COLOUR_RGB('Opaque(25,25,25)',0.0980392156862745,0.0980392156862745,
0.0980392156862745);
ENDSEC;
END-ISO-10303-21;
