ISO-10303-21;
HEADER;
/* Generated by software containing ST-Developer
 * from STEP Tools, Inc. (www.steptools.com) 
 */

FILE_DESCRIPTION(
/* description */ (''),
/* implementation_level */ '2;1');

FILE_NAME(
/* name */ 'Front_Plate.step',
/* time_stamp */ '2026-09-06T20:02:39+03:00',
/* author */ (''),
/* organization */ (''),
/* preprocessor_version */ 'ST-DEVELOPER v20.1',
/* originating_system */ 'Autodesk Translation Framework v15.8.0.0',
/* authorisation */ '');

FILE_SCHEMA (('AUTOMOTIVE_DESIGN { 1 0 10303 214 3 1 1 }'));
ENDSEC;

DATA;
#10=MECHANICAL_DESIGN_GEOMETRIC_PRESENTATION_REPRESENTATION('',(#13),#1998);
#11=SHAPE_REPRESENTATION_RELATIONSHIP('SRR','None',#2005,#12);
#12=ADVANCED_BREP_SHAPE_REPRESENTATION('',(#14),#1997);
#13=STYLED_ITEM('',(#2015),#14);
#14=MANIFOLD_SOLID_BREP('Body1',#984);
#15=FACE_BOUND('',#177,.T.);
#16=FACE_BOUND('',#178,.T.);
#17=FACE_BOUND('',#179,.T.);
#18=FACE_BOUND('',#180,.T.);
#19=FACE_BOUND('',#181,.T.);
#20=FACE_BOUND('',#182,.T.);
#21=FACE_BOUND('',#183,.T.);
#22=FACE_BOUND('',#184,.T.);
#23=FACE_BOUND('',#185,.T.);
#24=FACE_BOUND('',#186,.T.);
#25=FACE_BOUND('',#187,.T.);
#26=FACE_BOUND('',#188,.T.);
#27=FACE_BOUND('',#189,.T.);
#28=FACE_BOUND('',#190,.T.);
#29=FACE_BOUND('',#191,.T.);
#30=FACE_BOUND('',#193,.T.);
#31=FACE_BOUND('',#194,.T.);
#32=FACE_BOUND('',#195,.T.);
#33=FACE_BOUND('',#196,.T.);
#34=FACE_BOUND('',#197,.T.);
#35=FACE_BOUND('',#198,.T.);
#36=FACE_BOUND('',#199,.T.);
#37=FACE_BOUND('',#204,.T.);
#38=FACE_BOUND('',#205,.T.);
#39=FACE_BOUND('',#206,.T.);
#40=FACE_BOUND('',#207,.T.);
#41=FACE_BOUND('',#208,.T.);
#42=FACE_BOUND('',#209,.T.);
#43=FACE_BOUND('',#210,.T.);
#44=B_SPLINE_CURVE_WITH_KNOTS('',3,(#1473,#1474,#1475,#1476,#1477,#1478,
#1479,#1480,#1481,#1482,#1483,#1484,#1485,#1486,#1487,#1488,#1489,#1490,
#1491,#1492,#1493,#1494),.UNSPECIFIED.,.F.,.F.,(4,2,2,2,2,2,2,2,2,2,4),
(-1.06851186816923,-1.02777855960031,-0.935190124079059,-0.84550369805143,
-0.755817272023802,-0.690835201942457,-0.625853131861112,-0.555131552351151,
-0.48440997284119,-0.400397000916533,-0.316384028991876),.UNSPECIFIED.);
#45=B_SPLINE_CURVE_WITH_KNOTS('',3,(#1495,#1496,#1497,#1498,#1499,#1500),
 .UNSPECIFIED.,.F.,.F.,(4,2,4),(-0.316384028991876,-0.230440074049629,-0.183474560082867),
 .UNSPECIFIED.);
#46=B_SPLINE_CURVE_WITH_KNOTS('',3,(#1511,#1512,#1513,#1514,#1515,#1516,
#1517,#1518,#1519,#1520,#1521,#1522,#1523,#1524,#1525,#1526,#1527,#1528,
#1529,#1530,#1531,#1532),.UNSPECIFIED.,.F.,.F.,(4,2,2,2,2,2,2,2,2,2,4),
(-1.06810057944791,-1.02736727087899,-0.934778835357739,-0.845092409330111,
-0.755405983302482,-0.690423913221137,-0.625441843139792,-0.560459773058447,
-0.495477702977102,-0.405791276949474,-0.316104850921846),.UNSPECIFIED.);
#47=B_SPLINE_CURVE_WITH_KNOTS('',3,(#1533,#1534,#1535,#1536,#1537,#1538),
 .UNSPECIFIED.,.F.,.F.,(4,2,4),(-0.316104850921846,-0.223516415400591,-0.182783106831672),
 .UNSPECIFIED.);
#48=B_SPLINE_CURVE_WITH_KNOTS('',3,(#1549,#1550,#1551,#1552,#1553,#1554,
#1555,#1556,#1557,#1558,#1559,#1560,#1561,#1562,#1563,#1564,#1565,#1566,
#1567,#1568,#1569,#1570),.UNSPECIFIED.,.F.,.F.,(4,2,2,2,2,2,2,2,2,2,4),
(-1.06851186816923,-1.02777855960031,-0.935190124079058,-0.845503698051431,
-0.755817272023803,-0.690835201942458,-0.625853131861113,-0.555131552351151,
-0.48440997284119,-0.400397000916533,-0.316384028991876),.UNSPECIFIED.);
#49=B_SPLINE_CURVE_WITH_KNOTS('',3,(#1571,#1572,#1573,#1574,#1575,#1576),
 .UNSPECIFIED.,.F.,.F.,(4,2,4),(-0.316384028991876,-0.23044007404963,-0.183474560082867),
 .UNSPECIFIED.);
#50=B_SPLINE_CURVE_WITH_KNOTS('',3,(#1587,#1588,#1589,#1590,#1591,#1592,
#1593,#1594,#1595,#1596,#1597,#1598,#1599,#1600,#1601,#1602,#1603,#1604,
#1605,#1606,#1607,#1608),.UNSPECIFIED.,.F.,.F.,(4,2,2,2,2,2,2,2,2,2,4),
(-1.06782041491804,-1.02085490095127,-0.934910946009027,-0.850897974084371,
-0.766885002159714,-0.696163422649752,-0.625441843139791,-0.560459773058446,
-0.495477702977101,-0.405791276949473,-0.316104850921845),.UNSPECIFIED.);
#51=B_SPLINE_CURVE_WITH_KNOTS('',3,(#1609,#1610,#1611,#1612,#1613,#1614),
 .UNSPECIFIED.,.F.,.F.,(4,2,4),(-0.316104850921845,-0.223516415400591,-0.182783106831671),
 .UNSPECIFIED.);
#52=B_SPLINE_CURVE_WITH_KNOTS('',3,(#1625,#1626,#1627,#1628,#1629,#1630,
#1631,#1632,#1633,#1634,#1635,#1636,#1637,#1638,#1639,#1640,#1641,#1642,
#1643,#1644,#1645,#1646),.UNSPECIFIED.,.F.,.F.,(4,2,2,2,2,2,2,2,2,2,4),
(-1.06851186816923,-1.02777855960031,-0.935190124079058,-0.84550369805143,
-0.755817272023802,-0.690835201942457,-0.625853131861112,-0.555131552351151,
-0.48440997284119,-0.400397000916533,-0.316384028991876),.UNSPECIFIED.);
#53=B_SPLINE_CURVE_WITH_KNOTS('',3,(#1647,#1648,#1649,#1650,#1651,#1652),
 .UNSPECIFIED.,.F.,.F.,(4,2,4),(-0.316384028991876,-0.230440074049629,-0.183474560082865),
 .UNSPECIFIED.);
#54=B_SPLINE_CURVE_WITH_KNOTS('',3,(#1663,#1664,#1665,#1666,#1667,#1668,
#1669,#1670,#1671,#1672,#1673,#1674,#1675,#1676,#1677,#1678,#1679,#1680,
#1681,#1682,#1683,#1684),.UNSPECIFIED.,.F.,.F.,(4,2,2,2,2,2,2,2,2,2,4),
(-1.06851186816923,-1.02777855960031,-0.935190124079058,-0.84550369805143,
-0.755817272023802,-0.690835201942457,-0.625853131861112,-0.555131552351151,
-0.48440997284119,-0.400397000916533,-0.316384028991876),.UNSPECIFIED.);
#55=B_SPLINE_CURVE_WITH_KNOTS('',3,(#1685,#1686,#1687,#1688,#1689,#1690),
 .UNSPECIFIED.,.F.,.F.,(4,2,4),(-0.316384028991876,-0.230440074049629,-0.183474560082866),
 .UNSPECIFIED.);
#56=B_SPLINE_CURVE_WITH_KNOTS('',3,(#1701,#1702,#1703,#1704,#1705,#1706,
#1707,#1708,#1709,#1710,#1711,#1712,#1713,#1714,#1715,#1716,#1717,#1718,
#1719,#1720,#1721,#1722),.UNSPECIFIED.,.F.,.F.,(4,2,2,2,2,2,2,2,2,2,4),
(-1.06810057944791,-1.02736727087899,-0.934778835357734,-0.845092409330107,
-0.755405983302479,-0.690423913221134,-0.625441843139789,-0.560459773058444,
-0.495477702977099,-0.405791276949472,-0.316104850921844),.UNSPECIFIED.);
#57=B_SPLINE_CURVE_WITH_KNOTS('',3,(#1723,#1724,#1725,#1726,#1727,#1728),
 .UNSPECIFIED.,.F.,.F.,(4,2,4),(-0.316104850921844,-0.22351641540059,-0.182783106831671),
 .UNSPECIFIED.);
#58=B_SPLINE_CURVE_WITH_KNOTS('',3,(#1740,#1741,#1742,#1743,#1744,#1745,
#1746,#1747,#1748,#1749,#1750,#1751,#1752,#1753,#1754,#1755,#1756,#1757,
#1758,#1759,#1760,#1761),.UNSPECIFIED.,.F.,.F.,(4,2,2,2,2,2,2,2,2,2,4),
(-1.67401551357257,-1.58160495006421,-1.43066571835851,-1.35413110518691,
-1.33661044559448,-1.31908978600206,-1.30156912640963,-1.2840484668172,
-1.2075138536456,-1.0565746219399,-0.964164058431543),.UNSPECIFIED.);
#59=B_SPLINE_CURVE_WITH_KNOTS('',3,(#1773,#1774,#1775,#1776,#1777,#1778,
#1779,#1780,#1781,#1782,#1783,#1784,#1785,#1786,#1787,#1788,#1789,#1790,
#1791,#1792,#1793,#1794),.UNSPECIFIED.,.F.,.F.,(4,2,2,2,2,2,2,2,2,2,4),
(-1.67401551357257,-1.58160495006421,-1.43066571835851,-1.35413110518691,
-1.33661044559448,-1.31908978600206,-1.30156912640963,-1.2840484668172,
-1.2075138536456,-1.0565746219399,-0.964164058431542),.UNSPECIFIED.);
#60=B_SPLINE_CURVE_WITH_KNOTS('',3,(#1806,#1807,#1808,#1809,#1810,#1811,
#1812,#1813,#1814,#1815,#1816,#1817,#1818,#1819,#1820,#1821,#1822,#1823,
#1824,#1825,#1826,#1827),.UNSPECIFIED.,.F.,.F.,(4,2,2,2,2,2,2,2,2,2,4),
(-1.67401551357256,-1.58160495006421,-1.43066571835851,-1.35413110518691,
-1.33661044559448,-1.31908978600205,-1.30156912640963,-1.2840484668172,
-1.2075138536456,-1.0565746219399,-0.964164058431542),.UNSPECIFIED.);
#61=B_SPLINE_CURVE_WITH_KNOTS('',3,(#1839,#1840,#1841,#1842,#1843,#1844,
#1845,#1846,#1847,#1848,#1849,#1850,#1851,#1852,#1853,#1854,#1855,#1856,
#1857,#1858,#1859,#1860),.UNSPECIFIED.,.F.,.F.,(4,2,2,2,2,2,2,2,2,2,4),
(-1.67401551357257,-1.58160495006421,-1.43066571835851,-1.35413110518691,
-1.33661044559448,-1.31908978600206,-1.30156912640963,-1.2840484668172,
-1.2075138536456,-1.0565746219399,-0.964164058431544),.UNSPECIFIED.);
#62=B_SPLINE_CURVE_WITH_KNOTS('',3,(#1872,#1873,#1874,#1875,#1876,#1877,
#1878,#1879,#1880,#1881,#1882,#1883,#1884,#1885,#1886,#1887,#1888,#1889,
#1890,#1891,#1892,#1893),.UNSPECIFIED.,.F.,.F.,(4,2,2,2,2,2,2,2,2,2,4),
(-1.67401551357257,-1.58160495006421,-1.43066571835851,-1.35413110518691,
-1.33661044559448,-1.31908978600205,-1.30156912640963,-1.2840484668172,
-1.2075138536456,-1.0565746219399,-0.964164058431544),.UNSPECIFIED.);
#63=B_SPLINE_CURVE_WITH_KNOTS('',3,(#1905,#1906,#1907,#1908,#1909,#1910,
#1911,#1912,#1913,#1914,#1915,#1916,#1917,#1918,#1919,#1920,#1921,#1922,
#1923,#1924,#1925,#1926),.UNSPECIFIED.,.F.,.F.,(4,2,2,2,2,2,2,2,2,2,4),
(-1.67401551357257,-1.58160495006421,-1.43066571835851,-1.35413110518691,
-1.33661044559448,-1.31908978600206,-1.30156912640963,-1.2840484668172,
-1.20751385364561,-1.05657462193991,-0.964164058431544),.UNSPECIFIED.);
#64=B_SPLINE_CURVE_WITH_KNOTS('',3,(#1938,#1939,#1940,#1941,#1942,#1943,
#1944,#1945,#1946,#1947,#1948,#1949,#1950,#1951,#1952,#1953,#1954,#1955,
#1956,#1957,#1958,#1959),.UNSPECIFIED.,.F.,.F.,(4,2,2,2,2,2,2,2,2,2,4),
(-1.67401551357257,-1.58160495006421,-1.43066571835851,-1.3541311051869,
-1.33661044559448,-1.31908978600205,-1.30156912640963,-1.2840484668172,
-1.2075138536456,-1.0565746219399,-0.964164058431544),.UNSPECIFIED.);
#65=CYLINDRICAL_SURFACE('',#1006,17.65);
#66=CYLINDRICAL_SURFACE('',#1008,17.65);
#67=CYLINDRICAL_SURFACE('',#1017,6.);
#68=CYLINDRICAL_SURFACE('',#1019,6.);
#69=CYLINDRICAL_SURFACE('',#1021,16.);
#70=CYLINDRICAL_SURFACE('',#1023,6.);
#71=CYLINDRICAL_SURFACE('',#1025,6.);
#72=CYLINDRICAL_SURFACE('',#1029,1.75);
#73=CYLINDRICAL_SURFACE('',#1033,1.75);
#74=CYLINDRICAL_SURFACE('',#1037,1.75);
#75=CYLINDRICAL_SURFACE('',#1041,1.75);
#76=CYLINDRICAL_SURFACE('',#1045,1.75);
#77=CYLINDRICAL_SURFACE('',#1049,1.75);
#78=CYLINDRICAL_SURFACE('',#1053,1.75);
#79=CYLINDRICAL_SURFACE('',#1058,1.75);
#80=CYLINDRICAL_SURFACE('',#1063,1.75);
#81=CYLINDRICAL_SURFACE('',#1068,1.75);
#82=CYLINDRICAL_SURFACE('',#1073,1.75);
#83=CYLINDRICAL_SURFACE('',#1078,1.75);
#84=CYLINDRICAL_SURFACE('',#1083,1.75);
#85=CYLINDRICAL_SURFACE('',#1088,1.75);
#86=CYLINDRICAL_SURFACE('',#1094,55.);
#87=CYLINDRICAL_SURFACE('',#1099,61.35);
#88=CYLINDRICAL_SURFACE('',#1104,16.);
#89=FACE_OUTER_BOUND('',#137,.T.);
#90=FACE_OUTER_BOUND('',#138,.T.);
#91=FACE_OUTER_BOUND('',#139,.T.);
#92=FACE_OUTER_BOUND('',#140,.T.);
#93=FACE_OUTER_BOUND('',#141,.T.);
#94=FACE_OUTER_BOUND('',#142,.T.);
#95=FACE_OUTER_BOUND('',#143,.T.);
#96=FACE_OUTER_BOUND('',#144,.T.);
#97=FACE_OUTER_BOUND('',#145,.T.);
#98=FACE_OUTER_BOUND('',#146,.T.);
#99=FACE_OUTER_BOUND('',#147,.T.);
#100=FACE_OUTER_BOUND('',#148,.T.);
#101=FACE_OUTER_BOUND('',#149,.T.);
#102=FACE_OUTER_BOUND('',#150,.T.);
#103=FACE_OUTER_BOUND('',#151,.T.);
#104=FACE_OUTER_BOUND('',#152,.T.);
#105=FACE_OUTER_BOUND('',#153,.T.);
#106=FACE_OUTER_BOUND('',#154,.T.);
#107=FACE_OUTER_BOUND('',#155,.T.);
#108=FACE_OUTER_BOUND('',#156,.T.);
#109=FACE_OUTER_BOUND('',#157,.T.);
#110=FACE_OUTER_BOUND('',#158,.T.);
#111=FACE_OUTER_BOUND('',#159,.T.);
#112=FACE_OUTER_BOUND('',#160,.T.);
#113=FACE_OUTER_BOUND('',#161,.T.);
#114=FACE_OUTER_BOUND('',#162,.T.);
#115=FACE_OUTER_BOUND('',#163,.T.);
#116=FACE_OUTER_BOUND('',#164,.T.);
#117=FACE_OUTER_BOUND('',#165,.T.);
#118=FACE_OUTER_BOUND('',#166,.T.);
#119=FACE_OUTER_BOUND('',#167,.T.);
#120=FACE_OUTER_BOUND('',#168,.T.);
#121=FACE_OUTER_BOUND('',#169,.T.);
#122=FACE_OUTER_BOUND('',#170,.T.);
#123=FACE_OUTER_BOUND('',#171,.T.);
#124=FACE_OUTER_BOUND('',#172,.T.);
#125=FACE_OUTER_BOUND('',#173,.T.);
#126=FACE_OUTER_BOUND('',#174,.T.);
#127=FACE_OUTER_BOUND('',#175,.T.);
#128=FACE_OUTER_BOUND('',#176,.T.);
#129=FACE_OUTER_BOUND('',#192,.T.);
#130=FACE_OUTER_BOUND('',#200,.T.);
#131=FACE_OUTER_BOUND('',#201,.T.);
#132=FACE_OUTER_BOUND('',#202,.T.);
#133=FACE_OUTER_BOUND('',#203,.T.);
#134=FACE_OUTER_BOUND('',#211,.T.);
#135=FACE_OUTER_BOUND('',#212,.T.);
#136=FACE_OUTER_BOUND('',#213,.T.);
#137=EDGE_LOOP('',(#630,#631,#632,#633,#634,#635,#636,#637));
#138=EDGE_LOOP('',(#638,#639,#640,#641));
#139=EDGE_LOOP('',(#642,#643,#644,#645));
#140=EDGE_LOOP('',(#646,#647,#648,#649,#650,#651,#652,#653));
#141=EDGE_LOOP('',(#654,#655,#656,#657,#658,#659,#660,#661,#662,#663,#664,
#665));
#142=EDGE_LOOP('',(#666,#667,#668,#669));
#143=EDGE_LOOP('',(#670,#671,#672,#673));
#144=EDGE_LOOP('',(#674,#675,#676,#677));
#145=EDGE_LOOP('',(#678,#679,#680,#681));
#146=EDGE_LOOP('',(#682,#683,#684,#685));
#147=EDGE_LOOP('',(#686,#687));
#148=EDGE_LOOP('',(#688,#689,#690,#691,#692,#693));
#149=EDGE_LOOP('',(#694,#695));
#150=EDGE_LOOP('',(#696,#697,#698,#699,#700,#701));
#151=EDGE_LOOP('',(#702,#703));
#152=EDGE_LOOP('',(#704,#705,#706,#707,#708,#709));
#153=EDGE_LOOP('',(#710,#711));
#154=EDGE_LOOP('',(#712,#713,#714,#715,#716,#717));
#155=EDGE_LOOP('',(#718,#719));
#156=EDGE_LOOP('',(#720,#721,#722,#723,#724,#725));
#157=EDGE_LOOP('',(#726,#727));
#158=EDGE_LOOP('',(#728,#729,#730,#731,#732,#733));
#159=EDGE_LOOP('',(#734,#735));
#160=EDGE_LOOP('',(#736,#737,#738,#739,#740,#741));
#161=EDGE_LOOP('',(#742,#743,#744));
#162=EDGE_LOOP('',(#745,#746,#747,#748,#749,#750));
#163=EDGE_LOOP('',(#751,#752,#753));
#164=EDGE_LOOP('',(#754,#755,#756,#757,#758,#759));
#165=EDGE_LOOP('',(#760,#761,#762));
#166=EDGE_LOOP('',(#763,#764,#765,#766,#767,#768));
#167=EDGE_LOOP('',(#769,#770,#771));
#168=EDGE_LOOP('',(#772,#773,#774,#775,#776,#777));
#169=EDGE_LOOP('',(#778,#779,#780));
#170=EDGE_LOOP('',(#781,#782,#783,#784,#785,#786));
#171=EDGE_LOOP('',(#787,#788,#789));
#172=EDGE_LOOP('',(#790,#791,#792,#793,#794,#795));
#173=EDGE_LOOP('',(#796,#797,#798));
#174=EDGE_LOOP('',(#799,#800,#801,#802,#803,#804));
#175=EDGE_LOOP('',(#805,#806,#807,#808,#809,#810,#811,#812,#813,#814,#815));
#176=EDGE_LOOP('',(#816,#817,#818,#819));
#177=EDGE_LOOP('',(#820,#821,#822,#823));
#178=EDGE_LOOP('',(#824,#825,#826));
#179=EDGE_LOOP('',(#827,#828,#829));
#180=EDGE_LOOP('',(#830,#831,#832));
#181=EDGE_LOOP('',(#833,#834,#835));
#182=EDGE_LOOP('',(#836,#837,#838));
#183=EDGE_LOOP('',(#839,#840,#841));
#184=EDGE_LOOP('',(#842,#843,#844));
#185=EDGE_LOOP('',(#845,#846));
#186=EDGE_LOOP('',(#847,#848));
#187=EDGE_LOOP('',(#849,#850));
#188=EDGE_LOOP('',(#851,#852));
#189=EDGE_LOOP('',(#853,#854));
#190=EDGE_LOOP('',(#855,#856));
#191=EDGE_LOOP('',(#857,#858));
#192=EDGE_LOOP('',(#859,#860,#861,#862));
#193=EDGE_LOOP('',(#863));
#194=EDGE_LOOP('',(#864));
#195=EDGE_LOOP('',(#865));
#196=EDGE_LOOP('',(#866));
#197=EDGE_LOOP('',(#867));
#198=EDGE_LOOP('',(#868));
#199=EDGE_LOOP('',(#869));
#200=EDGE_LOOP('',(#870,#871,#872,#873));
#201=EDGE_LOOP('',(#874,#875,#876,#877));
#202=EDGE_LOOP('',(#878,#879,#880,#881,#882,#883,#884,#885));
#203=EDGE_LOOP('',(#886,#887,#888,#889));
#204=EDGE_LOOP('',(#890));
#205=EDGE_LOOP('',(#891));
#206=EDGE_LOOP('',(#892));
#207=EDGE_LOOP('',(#893));
#208=EDGE_LOOP('',(#894));
#209=EDGE_LOOP('',(#895));
#210=EDGE_LOOP('',(#896));
#211=EDGE_LOOP('',(#897,#898,#899,#900,#901,#902,#903,#904));
#212=EDGE_LOOP('',(#905,#906,#907));
#213=EDGE_LOOP('',(#908,#909,#910,#911));
#214=LINE('',#1398,#275);
#215=LINE('',#1402,#276);
#216=LINE('',#1404,#277);
#217=LINE('',#1408,#278);
#218=LINE('',#1411,#279);
#219=LINE('',#1415,#280);
#220=LINE('',#1425,#281);
#221=LINE('',#1427,#282);
#222=LINE('',#1429,#283);
#223=LINE('',#1431,#284);
#224=LINE('',#1433,#285);
#225=LINE('',#1435,#286);
#226=LINE('',#1437,#287);
#227=LINE('',#1439,#288);
#228=LINE('',#1440,#289);
#229=LINE('',#1443,#290);
#230=LINE('',#1448,#291);
#231=LINE('',#1451,#292);
#232=LINE('',#1455,#293);
#233=LINE('',#1459,#294);
#234=LINE('',#1462,#295);
#235=LINE('',#1466,#296);
#236=LINE('',#1472,#297);
#237=LINE('',#1504,#298);
#238=LINE('',#1510,#299);
#239=LINE('',#1542,#300);
#240=LINE('',#1548,#301);
#241=LINE('',#1580,#302);
#242=LINE('',#1586,#303);
#243=LINE('',#1618,#304);
#244=LINE('',#1624,#305);
#245=LINE('',#1656,#306);
#246=LINE('',#1662,#307);
#247=LINE('',#1694,#308);
#248=LINE('',#1700,#309);
#249=LINE('',#1732,#310);
#250=LINE('',#1739,#311);
#251=LINE('',#1765,#312);
#252=LINE('',#1772,#313);
#253=LINE('',#1798,#314);
#254=LINE('',#1805,#315);
#255=LINE('',#1831,#316);
#256=LINE('',#1838,#317);
#257=LINE('',#1864,#318);
#258=LINE('',#1871,#319);
#259=LINE('',#1897,#320);
#260=LINE('',#1904,#321);
#261=LINE('',#1930,#322);
#262=LINE('',#1937,#323);
#263=LINE('',#1962,#324);
#264=LINE('',#1963,#325);
#265=LINE('',#1965,#326);
#266=LINE('',#1969,#327);
#267=LINE('',#1974,#328);
#268=LINE('',#1977,#329);
#269=LINE('',#1979,#330);
#270=LINE('',#1982,#331);
#271=LINE('',#1983,#332);
#272=LINE('',#1985,#333);
#273=LINE('',#1988,#334);
#274=LINE('',#1991,#335);
#275=VECTOR('',#1121,10.);
#276=VECTOR('',#1126,10.);
#277=VECTOR('',#1127,10.);
#278=VECTOR('',#1132,10.);
#279=VECTOR('',#1135,10.);
#280=VECTOR('',#1140,10.);
#281=VECTOR('',#1151,10.);
#282=VECTOR('',#1152,10.);
#283=VECTOR('',#1153,10.);
#284=VECTOR('',#1154,10.);
#285=VECTOR('',#1155,10.);
#286=VECTOR('',#1156,10.);
#287=VECTOR('',#1157,10.);
#288=VECTOR('',#1158,10.);
#289=VECTOR('',#1159,10.);
#290=VECTOR('',#1162,10.);
#291=VECTOR('',#1169,10.);
#292=VECTOR('',#1172,10.);
#293=VECTOR('',#1177,10.);
#294=VECTOR('',#1182,10.);
#295=VECTOR('',#1185,10.);
#296=VECTOR('',#1188,10.);
#297=VECTOR('',#1195,1.75);
#298=VECTOR('',#1198,10.);
#299=VECTOR('',#1205,1.75);
#300=VECTOR('',#1208,10.);
#301=VECTOR('',#1215,1.75);
#302=VECTOR('',#1218,10.);
#303=VECTOR('',#1225,1.75);
#304=VECTOR('',#1228,10.);
#305=VECTOR('',#1235,1.75);
#306=VECTOR('',#1238,10.);
#307=VECTOR('',#1245,1.75);
#308=VECTOR('',#1248,10.);
#309=VECTOR('',#1255,1.75);
#310=VECTOR('',#1258,10.);
#311=VECTOR('',#1267,1.75);
#312=VECTOR('',#1270,10.);
#313=VECTOR('',#1279,1.75);
#314=VECTOR('',#1282,10.);
#315=VECTOR('',#1291,1.75);
#316=VECTOR('',#1294,10.);
#317=VECTOR('',#1303,1.75);
#318=VECTOR('',#1306,10.);
#319=VECTOR('',#1315,1.75);
#320=VECTOR('',#1318,10.);
#321=VECTOR('',#1327,1.75);
#322=VECTOR('',#1330,10.);
#323=VECTOR('',#1339,1.75);
#324=VECTOR('',#1342,10.);
#325=VECTOR('',#1343,10.);
#326=VECTOR('',#1344,10.);
#327=VECTOR('',#1347,10.);
#328=VECTOR('',#1354,10.);
#329=VECTOR('',#1357,10.);
#330=VECTOR('',#1360,10.);
#331=VECTOR('',#1363,10.);
#332=VECTOR('',#1364,10.);
#333=VECTOR('',#1367,10.);
#334=VECTOR('',#1370,10.);
#335=VECTOR('',#1375,10.);
#336=CIRCLE('',#999,55.);
#337=CIRCLE('',#1000,17.65);
#338=CIRCLE('',#1001,61.35);
#339=CIRCLE('',#1002,6.);
#340=CIRCLE('',#1003,16.);
#341=CIRCLE('',#1004,6.);
#342=CIRCLE('',#1005,17.65);
#343=CIRCLE('',#1007,17.65);
#344=CIRCLE('',#1009,17.65);
#345=CIRCLE('',#1011,55.);
#346=CIRCLE('',#1012,6.);
#347=CIRCLE('',#1013,16.);
#348=CIRCLE('',#1014,6.);
#349=CIRCLE('',#1015,61.35);
#350=CIRCLE('',#1018,6.);
#351=CIRCLE('',#1020,6.);
#352=CIRCLE('',#1022,16.);
#353=CIRCLE('',#1024,6.);
#354=CIRCLE('',#1026,6.);
#355=CIRCLE('',#1028,1.75);
#356=CIRCLE('',#1030,1.75);
#357=CIRCLE('',#1032,1.75);
#358=CIRCLE('',#1034,1.75);
#359=CIRCLE('',#1036,1.75);
#360=CIRCLE('',#1038,1.75);
#361=CIRCLE('',#1040,1.75);
#362=CIRCLE('',#1042,1.75);
#363=CIRCLE('',#1044,1.75);
#364=CIRCLE('',#1046,1.75);
#365=CIRCLE('',#1048,1.75);
#366=CIRCLE('',#1050,1.75);
#367=CIRCLE('',#1052,1.75);
#368=CIRCLE('',#1054,1.75);
#369=CIRCLE('',#1056,1.75);
#370=CIRCLE('',#1057,1.75);
#371=CIRCLE('',#1059,1.75);
#372=CIRCLE('',#1061,1.75);
#373=CIRCLE('',#1062,1.75);
#374=CIRCLE('',#1064,1.75);
#375=CIRCLE('',#1066,1.75);
#376=CIRCLE('',#1067,1.75);
#377=CIRCLE('',#1069,1.75);
#378=CIRCLE('',#1071,1.75);
#379=CIRCLE('',#1072,1.75);
#380=CIRCLE('',#1074,1.75);
#381=CIRCLE('',#1076,1.75);
#382=CIRCLE('',#1077,1.75);
#383=CIRCLE('',#1079,1.75);
#384=CIRCLE('',#1081,1.75);
#385=CIRCLE('',#1082,1.75);
#386=CIRCLE('',#1084,1.75);
#387=CIRCLE('',#1086,1.75);
#388=CIRCLE('',#1087,1.75);
#389=CIRCLE('',#1089,1.75);
#390=CIRCLE('',#1091,55.);
#391=CIRCLE('',#1092,61.35);
#392=CIRCLE('',#1093,16.);
#393=CIRCLE('',#1095,55.);
#394=CIRCLE('',#1100,61.35);
#395=VERTEX_POINT('',#1384);
#396=VERTEX_POINT('',#1385);
#397=VERTEX_POINT('',#1387);
#398=VERTEX_POINT('',#1389);
#399=VERTEX_POINT('',#1391);
#400=VERTEX_POINT('',#1393);
#401=VERTEX_POINT('',#1395);
#402=VERTEX_POINT('',#1397);
#403=VERTEX_POINT('',#1401);
#404=VERTEX_POINT('',#1403);
#405=VERTEX_POINT('',#1407);
#406=VERTEX_POINT('',#1409);
#407=VERTEX_POINT('',#1414);
#408=VERTEX_POINT('',#1416);
#409=VERTEX_POINT('',#1418);
#410=VERTEX_POINT('',#1420);
#411=VERTEX_POINT('',#1424);
#412=VERTEX_POINT('',#1426);
#413=VERTEX_POINT('',#1428);
#414=VERTEX_POINT('',#1430);
#415=VERTEX_POINT('',#1432);
#416=VERTEX_POINT('',#1434);
#417=VERTEX_POINT('',#1436);
#418=VERTEX_POINT('',#1438);
#419=VERTEX_POINT('',#1442);
#420=VERTEX_POINT('',#1446);
#421=VERTEX_POINT('',#1450);
#422=VERTEX_POINT('',#1454);
#423=VERTEX_POINT('',#1458);
#424=VERTEX_POINT('',#1460);
#425=VERTEX_POINT('',#1464);
#426=VERTEX_POINT('',#1465);
#427=VERTEX_POINT('',#1469);
#428=VERTEX_POINT('',#1471);
#429=VERTEX_POINT('',#1502);
#430=VERTEX_POINT('',#1503);
#431=VERTEX_POINT('',#1507);
#432=VERTEX_POINT('',#1509);
#433=VERTEX_POINT('',#1540);
#434=VERTEX_POINT('',#1541);
#435=VERTEX_POINT('',#1545);
#436=VERTEX_POINT('',#1547);
#437=VERTEX_POINT('',#1578);
#438=VERTEX_POINT('',#1579);
#439=VERTEX_POINT('',#1583);
#440=VERTEX_POINT('',#1585);
#441=VERTEX_POINT('',#1616);
#442=VERTEX_POINT('',#1617);
#443=VERTEX_POINT('',#1621);
#444=VERTEX_POINT('',#1623);
#445=VERTEX_POINT('',#1654);
#446=VERTEX_POINT('',#1655);
#447=VERTEX_POINT('',#1659);
#448=VERTEX_POINT('',#1661);
#449=VERTEX_POINT('',#1692);
#450=VERTEX_POINT('',#1693);
#451=VERTEX_POINT('',#1697);
#452=VERTEX_POINT('',#1699);
#453=VERTEX_POINT('',#1730);
#454=VERTEX_POINT('',#1731);
#455=VERTEX_POINT('',#1733);
#456=VERTEX_POINT('',#1737);
#457=VERTEX_POINT('',#1763);
#458=VERTEX_POINT('',#1764);
#459=VERTEX_POINT('',#1766);
#460=VERTEX_POINT('',#1770);
#461=VERTEX_POINT('',#1796);
#462=VERTEX_POINT('',#1797);
#463=VERTEX_POINT('',#1799);
#464=VERTEX_POINT('',#1803);
#465=VERTEX_POINT('',#1829);
#466=VERTEX_POINT('',#1830);
#467=VERTEX_POINT('',#1832);
#468=VERTEX_POINT('',#1836);
#469=VERTEX_POINT('',#1862);
#470=VERTEX_POINT('',#1863);
#471=VERTEX_POINT('',#1865);
#472=VERTEX_POINT('',#1869);
#473=VERTEX_POINT('',#1895);
#474=VERTEX_POINT('',#1896);
#475=VERTEX_POINT('',#1898);
#476=VERTEX_POINT('',#1902);
#477=VERTEX_POINT('',#1928);
#478=VERTEX_POINT('',#1929);
#479=VERTEX_POINT('',#1931);
#480=VERTEX_POINT('',#1935);
#481=VERTEX_POINT('',#1961);
#482=VERTEX_POINT('',#1964);
#483=VERTEX_POINT('',#1966);
#484=VERTEX_POINT('',#1968);
#485=VERTEX_POINT('',#1973);
#486=VERTEX_POINT('',#1975);
#487=VERTEX_POINT('',#1981);
#488=VERTEX_POINT('',#1987);
#489=EDGE_CURVE('',#395,#396,#336,.T.);
#490=EDGE_CURVE('',#397,#395,#337,.T.);
#491=EDGE_CURVE('',#398,#397,#338,.T.);
#492=EDGE_CURVE('',#399,#398,#339,.T.);
#493=EDGE_CURVE('',#400,#399,#340,.T.);
#494=EDGE_CURVE('',#401,#400,#341,.T.);
#495=EDGE_CURVE('',#402,#401,#214,.T.);
#496=EDGE_CURVE('',#396,#402,#342,.T.);
#497=EDGE_CURVE('',#396,#403,#215,.T.);
#498=EDGE_CURVE('',#404,#402,#216,.T.);
#499=EDGE_CURVE('',#404,#403,#343,.T.);
#500=EDGE_CURVE('',#405,#395,#217,.T.);
#501=EDGE_CURVE('',#405,#406,#344,.T.);
#502=EDGE_CURVE('',#397,#406,#218,.T.);
#503=EDGE_CURVE('',#403,#405,#345,.T.);
#504=EDGE_CURVE('',#407,#404,#219,.T.);
#505=EDGE_CURVE('',#408,#407,#346,.T.);
#506=EDGE_CURVE('',#409,#408,#347,.T.);
#507=EDGE_CURVE('',#410,#409,#348,.T.);
#508=EDGE_CURVE('',#406,#410,#349,.T.);
#509=EDGE_CURVE('',#411,#401,#220,.T.);
#510=EDGE_CURVE('',#412,#411,#221,.T.);
#511=EDGE_CURVE('',#412,#413,#222,.T.);
#512=EDGE_CURVE('',#413,#414,#223,.T.);
#513=EDGE_CURVE('',#414,#415,#224,.T.);
#514=EDGE_CURVE('',#415,#416,#225,.T.);
#515=EDGE_CURVE('',#416,#417,#226,.T.);
#516=EDGE_CURVE('',#417,#418,#227,.T.);
#517=EDGE_CURVE('',#407,#418,#228,.T.);
#518=EDGE_CURVE('',#400,#419,#229,.T.);
#519=EDGE_CURVE('',#411,#419,#350,.T.);
#520=EDGE_CURVE('',#418,#420,#351,.T.);
#521=EDGE_CURVE('',#420,#408,#230,.T.);
#522=EDGE_CURVE('',#421,#399,#231,.T.);
#523=EDGE_CURVE('',#419,#421,#352,.T.);
#524=EDGE_CURVE('',#398,#422,#232,.T.);
#525=EDGE_CURVE('',#421,#422,#353,.T.);
#526=EDGE_CURVE('',#409,#423,#233,.T.);
#527=EDGE_CURVE('',#423,#424,#354,.T.);
#528=EDGE_CURVE('',#424,#410,#234,.T.);
#529=EDGE_CURVE('',#425,#426,#235,.T.);
#530=EDGE_CURVE('',#426,#425,#355,.T.);
#531=EDGE_CURVE('',#427,#427,#356,.T.);
#532=EDGE_CURVE('',#427,#428,#236,.T.);
#533=EDGE_CURVE('',#426,#428,#44,.T.);
#534=EDGE_CURVE('',#428,#425,#45,.T.);
#535=EDGE_CURVE('',#429,#430,#237,.T.);
#536=EDGE_CURVE('',#430,#429,#357,.T.);
#537=EDGE_CURVE('',#431,#431,#358,.T.);
#538=EDGE_CURVE('',#431,#432,#238,.T.);
#539=EDGE_CURVE('',#430,#432,#46,.T.);
#540=EDGE_CURVE('',#432,#429,#47,.T.);
#541=EDGE_CURVE('',#433,#434,#239,.T.);
#542=EDGE_CURVE('',#434,#433,#359,.T.);
#543=EDGE_CURVE('',#435,#435,#360,.T.);
#544=EDGE_CURVE('',#435,#436,#240,.T.);
#545=EDGE_CURVE('',#434,#436,#48,.T.);
#546=EDGE_CURVE('',#436,#433,#49,.T.);
#547=EDGE_CURVE('',#437,#438,#241,.T.);
#548=EDGE_CURVE('',#438,#437,#361,.T.);
#549=EDGE_CURVE('',#439,#439,#362,.T.);
#550=EDGE_CURVE('',#439,#440,#242,.T.);
#551=EDGE_CURVE('',#438,#440,#50,.T.);
#552=EDGE_CURVE('',#440,#437,#51,.T.);
#553=EDGE_CURVE('',#441,#442,#243,.T.);
#554=EDGE_CURVE('',#442,#441,#363,.T.);
#555=EDGE_CURVE('',#443,#443,#364,.T.);
#556=EDGE_CURVE('',#443,#444,#244,.T.);
#557=EDGE_CURVE('',#442,#444,#52,.T.);
#558=EDGE_CURVE('',#444,#441,#53,.T.);
#559=EDGE_CURVE('',#445,#446,#245,.T.);
#560=EDGE_CURVE('',#446,#445,#365,.T.);
#561=EDGE_CURVE('',#447,#447,#366,.T.);
#562=EDGE_CURVE('',#447,#448,#246,.T.);
#563=EDGE_CURVE('',#446,#448,#54,.T.);
#564=EDGE_CURVE('',#448,#445,#55,.T.);
#565=EDGE_CURVE('',#449,#450,#247,.T.);
#566=EDGE_CURVE('',#450,#449,#367,.T.);
#567=EDGE_CURVE('',#451,#451,#368,.T.);
#568=EDGE_CURVE('',#451,#452,#248,.T.);
#569=EDGE_CURVE('',#450,#452,#56,.T.);
#570=EDGE_CURVE('',#452,#449,#57,.T.);
#571=EDGE_CURVE('',#453,#454,#249,.T.);
#572=EDGE_CURVE('',#455,#453,#369,.T.);
#573=EDGE_CURVE('',#454,#455,#370,.T.);
#574=EDGE_CURVE('',#456,#456,#371,.T.);
#575=EDGE_CURVE('',#456,#455,#250,.T.);
#576=EDGE_CURVE('',#454,#453,#58,.T.);
#577=EDGE_CURVE('',#457,#458,#251,.T.);
#578=EDGE_CURVE('',#459,#457,#372,.T.);
#579=EDGE_CURVE('',#458,#459,#373,.T.);
#580=EDGE_CURVE('',#460,#460,#374,.T.);
#581=EDGE_CURVE('',#460,#459,#252,.T.);
#582=EDGE_CURVE('',#458,#457,#59,.T.);
#583=EDGE_CURVE('',#461,#462,#253,.T.);
#584=EDGE_CURVE('',#463,#461,#375,.T.);
#585=EDGE_CURVE('',#462,#463,#376,.T.);
#586=EDGE_CURVE('',#464,#464,#377,.T.);
#587=EDGE_CURVE('',#464,#463,#254,.T.);
#588=EDGE_CURVE('',#462,#461,#60,.T.);
#589=EDGE_CURVE('',#465,#466,#255,.T.);
#590=EDGE_CURVE('',#467,#465,#378,.T.);
#591=EDGE_CURVE('',#466,#467,#379,.T.);
#592=EDGE_CURVE('',#468,#468,#380,.T.);
#593=EDGE_CURVE('',#468,#467,#256,.T.);
#594=EDGE_CURVE('',#466,#465,#61,.T.);
#595=EDGE_CURVE('',#469,#470,#257,.T.);
#596=EDGE_CURVE('',#471,#469,#381,.T.);
#597=EDGE_CURVE('',#470,#471,#382,.T.);
#598=EDGE_CURVE('',#472,#472,#383,.T.);
#599=EDGE_CURVE('',#472,#471,#258,.T.);
#600=EDGE_CURVE('',#470,#469,#62,.T.);
#601=EDGE_CURVE('',#473,#474,#259,.T.);
#602=EDGE_CURVE('',#475,#473,#384,.T.);
#603=EDGE_CURVE('',#474,#475,#385,.T.);
#604=EDGE_CURVE('',#476,#476,#386,.T.);
#605=EDGE_CURVE('',#476,#475,#260,.T.);
#606=EDGE_CURVE('',#474,#473,#63,.T.);
#607=EDGE_CURVE('',#477,#478,#261,.T.);
#608=EDGE_CURVE('',#479,#477,#387,.T.);
#609=EDGE_CURVE('',#478,#479,#388,.T.);
#610=EDGE_CURVE('',#480,#480,#389,.T.);
#611=EDGE_CURVE('',#480,#479,#262,.T.);
#612=EDGE_CURVE('',#478,#477,#64,.T.);
#613=EDGE_CURVE('',#481,#417,#263,.T.);
#614=EDGE_CURVE('',#414,#481,#264,.T.);
#615=EDGE_CURVE('',#482,#413,#265,.T.);
#616=EDGE_CURVE('',#483,#482,#390,.T.);
#617=EDGE_CURVE('',#484,#483,#266,.T.);
#618=EDGE_CURVE('',#424,#484,#391,.T.);
#619=EDGE_CURVE('',#420,#423,#392,.T.);
#620=EDGE_CURVE('',#482,#485,#267,.T.);
#621=EDGE_CURVE('',#486,#485,#393,.T.);
#622=EDGE_CURVE('',#486,#483,#268,.T.);
#623=EDGE_CURVE('',#485,#412,#269,.T.);
#624=EDGE_CURVE('',#487,#481,#270,.T.);
#625=EDGE_CURVE('',#415,#487,#271,.T.);
#626=EDGE_CURVE('',#416,#487,#272,.T.);
#627=EDGE_CURVE('',#484,#488,#273,.T.);
#628=EDGE_CURVE('',#422,#488,#394,.T.);
#629=EDGE_CURVE('',#488,#486,#274,.T.);
#630=ORIENTED_EDGE('',*,*,#489,.F.);
#631=ORIENTED_EDGE('',*,*,#490,.F.);
#632=ORIENTED_EDGE('',*,*,#491,.F.);
#633=ORIENTED_EDGE('',*,*,#492,.F.);
#634=ORIENTED_EDGE('',*,*,#493,.F.);
#635=ORIENTED_EDGE('',*,*,#494,.F.);
#636=ORIENTED_EDGE('',*,*,#495,.F.);
#637=ORIENTED_EDGE('',*,*,#496,.F.);
#638=ORIENTED_EDGE('',*,*,#497,.F.);
#639=ORIENTED_EDGE('',*,*,#496,.T.);
#640=ORIENTED_EDGE('',*,*,#498,.F.);
#641=ORIENTED_EDGE('',*,*,#499,.T.);
#642=ORIENTED_EDGE('',*,*,#500,.F.);
#643=ORIENTED_EDGE('',*,*,#501,.T.);
#644=ORIENTED_EDGE('',*,*,#502,.F.);
#645=ORIENTED_EDGE('',*,*,#490,.T.);
#646=ORIENTED_EDGE('',*,*,#503,.F.);
#647=ORIENTED_EDGE('',*,*,#499,.F.);
#648=ORIENTED_EDGE('',*,*,#504,.F.);
#649=ORIENTED_EDGE('',*,*,#505,.F.);
#650=ORIENTED_EDGE('',*,*,#506,.F.);
#651=ORIENTED_EDGE('',*,*,#507,.F.);
#652=ORIENTED_EDGE('',*,*,#508,.F.);
#653=ORIENTED_EDGE('',*,*,#501,.F.);
#654=ORIENTED_EDGE('',*,*,#504,.T.);
#655=ORIENTED_EDGE('',*,*,#498,.T.);
#656=ORIENTED_EDGE('',*,*,#495,.T.);
#657=ORIENTED_EDGE('',*,*,#509,.F.);
#658=ORIENTED_EDGE('',*,*,#510,.F.);
#659=ORIENTED_EDGE('',*,*,#511,.T.);
#660=ORIENTED_EDGE('',*,*,#512,.T.);
#661=ORIENTED_EDGE('',*,*,#513,.T.);
#662=ORIENTED_EDGE('',*,*,#514,.T.);
#663=ORIENTED_EDGE('',*,*,#515,.T.);
#664=ORIENTED_EDGE('',*,*,#516,.T.);
#665=ORIENTED_EDGE('',*,*,#517,.F.);
#666=ORIENTED_EDGE('',*,*,#494,.T.);
#667=ORIENTED_EDGE('',*,*,#518,.T.);
#668=ORIENTED_EDGE('',*,*,#519,.F.);
#669=ORIENTED_EDGE('',*,*,#509,.T.);
#670=ORIENTED_EDGE('',*,*,#505,.T.);
#671=ORIENTED_EDGE('',*,*,#517,.T.);
#672=ORIENTED_EDGE('',*,*,#520,.T.);
#673=ORIENTED_EDGE('',*,*,#521,.T.);
#674=ORIENTED_EDGE('',*,*,#493,.T.);
#675=ORIENTED_EDGE('',*,*,#522,.F.);
#676=ORIENTED_EDGE('',*,*,#523,.F.);
#677=ORIENTED_EDGE('',*,*,#518,.F.);
#678=ORIENTED_EDGE('',*,*,#492,.T.);
#679=ORIENTED_EDGE('',*,*,#524,.T.);
#680=ORIENTED_EDGE('',*,*,#525,.F.);
#681=ORIENTED_EDGE('',*,*,#522,.T.);
#682=ORIENTED_EDGE('',*,*,#507,.T.);
#683=ORIENTED_EDGE('',*,*,#526,.T.);
#684=ORIENTED_EDGE('',*,*,#527,.T.);
#685=ORIENTED_EDGE('',*,*,#528,.T.);
#686=ORIENTED_EDGE('',*,*,#529,.F.);
#687=ORIENTED_EDGE('',*,*,#530,.F.);
#688=ORIENTED_EDGE('',*,*,#531,.F.);
#689=ORIENTED_EDGE('',*,*,#532,.T.);
#690=ORIENTED_EDGE('',*,*,#533,.F.);
#691=ORIENTED_EDGE('',*,*,#530,.T.);
#692=ORIENTED_EDGE('',*,*,#534,.F.);
#693=ORIENTED_EDGE('',*,*,#532,.F.);
#694=ORIENTED_EDGE('',*,*,#535,.F.);
#695=ORIENTED_EDGE('',*,*,#536,.F.);
#696=ORIENTED_EDGE('',*,*,#537,.F.);
#697=ORIENTED_EDGE('',*,*,#538,.T.);
#698=ORIENTED_EDGE('',*,*,#539,.F.);
#699=ORIENTED_EDGE('',*,*,#536,.T.);
#700=ORIENTED_EDGE('',*,*,#540,.F.);
#701=ORIENTED_EDGE('',*,*,#538,.F.);
#702=ORIENTED_EDGE('',*,*,#541,.F.);
#703=ORIENTED_EDGE('',*,*,#542,.F.);
#704=ORIENTED_EDGE('',*,*,#543,.F.);
#705=ORIENTED_EDGE('',*,*,#544,.T.);
#706=ORIENTED_EDGE('',*,*,#545,.F.);
#707=ORIENTED_EDGE('',*,*,#542,.T.);
#708=ORIENTED_EDGE('',*,*,#546,.F.);
#709=ORIENTED_EDGE('',*,*,#544,.F.);
#710=ORIENTED_EDGE('',*,*,#547,.F.);
#711=ORIENTED_EDGE('',*,*,#548,.F.);
#712=ORIENTED_EDGE('',*,*,#549,.F.);
#713=ORIENTED_EDGE('',*,*,#550,.T.);
#714=ORIENTED_EDGE('',*,*,#551,.F.);
#715=ORIENTED_EDGE('',*,*,#548,.T.);
#716=ORIENTED_EDGE('',*,*,#552,.F.);
#717=ORIENTED_EDGE('',*,*,#550,.F.);
#718=ORIENTED_EDGE('',*,*,#553,.F.);
#719=ORIENTED_EDGE('',*,*,#554,.F.);
#720=ORIENTED_EDGE('',*,*,#555,.F.);
#721=ORIENTED_EDGE('',*,*,#556,.T.);
#722=ORIENTED_EDGE('',*,*,#557,.F.);
#723=ORIENTED_EDGE('',*,*,#554,.T.);
#724=ORIENTED_EDGE('',*,*,#558,.F.);
#725=ORIENTED_EDGE('',*,*,#556,.F.);
#726=ORIENTED_EDGE('',*,*,#559,.F.);
#727=ORIENTED_EDGE('',*,*,#560,.F.);
#728=ORIENTED_EDGE('',*,*,#561,.F.);
#729=ORIENTED_EDGE('',*,*,#562,.T.);
#730=ORIENTED_EDGE('',*,*,#563,.F.);
#731=ORIENTED_EDGE('',*,*,#560,.T.);
#732=ORIENTED_EDGE('',*,*,#564,.F.);
#733=ORIENTED_EDGE('',*,*,#562,.F.);
#734=ORIENTED_EDGE('',*,*,#565,.F.);
#735=ORIENTED_EDGE('',*,*,#566,.F.);
#736=ORIENTED_EDGE('',*,*,#567,.F.);
#737=ORIENTED_EDGE('',*,*,#568,.T.);
#738=ORIENTED_EDGE('',*,*,#569,.F.);
#739=ORIENTED_EDGE('',*,*,#566,.T.);
#740=ORIENTED_EDGE('',*,*,#570,.F.);
#741=ORIENTED_EDGE('',*,*,#568,.F.);
#742=ORIENTED_EDGE('',*,*,#571,.F.);
#743=ORIENTED_EDGE('',*,*,#572,.F.);
#744=ORIENTED_EDGE('',*,*,#573,.F.);
#745=ORIENTED_EDGE('',*,*,#574,.F.);
#746=ORIENTED_EDGE('',*,*,#575,.T.);
#747=ORIENTED_EDGE('',*,*,#572,.T.);
#748=ORIENTED_EDGE('',*,*,#576,.F.);
#749=ORIENTED_EDGE('',*,*,#573,.T.);
#750=ORIENTED_EDGE('',*,*,#575,.F.);
#751=ORIENTED_EDGE('',*,*,#577,.F.);
#752=ORIENTED_EDGE('',*,*,#578,.F.);
#753=ORIENTED_EDGE('',*,*,#579,.F.);
#754=ORIENTED_EDGE('',*,*,#580,.F.);
#755=ORIENTED_EDGE('',*,*,#581,.T.);
#756=ORIENTED_EDGE('',*,*,#578,.T.);
#757=ORIENTED_EDGE('',*,*,#582,.F.);
#758=ORIENTED_EDGE('',*,*,#579,.T.);
#759=ORIENTED_EDGE('',*,*,#581,.F.);
#760=ORIENTED_EDGE('',*,*,#583,.F.);
#761=ORIENTED_EDGE('',*,*,#584,.F.);
#762=ORIENTED_EDGE('',*,*,#585,.F.);
#763=ORIENTED_EDGE('',*,*,#586,.F.);
#764=ORIENTED_EDGE('',*,*,#587,.T.);
#765=ORIENTED_EDGE('',*,*,#584,.T.);
#766=ORIENTED_EDGE('',*,*,#588,.F.);
#767=ORIENTED_EDGE('',*,*,#585,.T.);
#768=ORIENTED_EDGE('',*,*,#587,.F.);
#769=ORIENTED_EDGE('',*,*,#589,.F.);
#770=ORIENTED_EDGE('',*,*,#590,.F.);
#771=ORIENTED_EDGE('',*,*,#591,.F.);
#772=ORIENTED_EDGE('',*,*,#592,.F.);
#773=ORIENTED_EDGE('',*,*,#593,.T.);
#774=ORIENTED_EDGE('',*,*,#590,.T.);
#775=ORIENTED_EDGE('',*,*,#594,.F.);
#776=ORIENTED_EDGE('',*,*,#591,.T.);
#777=ORIENTED_EDGE('',*,*,#593,.F.);
#778=ORIENTED_EDGE('',*,*,#595,.F.);
#779=ORIENTED_EDGE('',*,*,#596,.F.);
#780=ORIENTED_EDGE('',*,*,#597,.F.);
#781=ORIENTED_EDGE('',*,*,#598,.F.);
#782=ORIENTED_EDGE('',*,*,#599,.T.);
#783=ORIENTED_EDGE('',*,*,#596,.T.);
#784=ORIENTED_EDGE('',*,*,#600,.F.);
#785=ORIENTED_EDGE('',*,*,#597,.T.);
#786=ORIENTED_EDGE('',*,*,#599,.F.);
#787=ORIENTED_EDGE('',*,*,#601,.F.);
#788=ORIENTED_EDGE('',*,*,#602,.F.);
#789=ORIENTED_EDGE('',*,*,#603,.F.);
#790=ORIENTED_EDGE('',*,*,#604,.F.);
#791=ORIENTED_EDGE('',*,*,#605,.T.);
#792=ORIENTED_EDGE('',*,*,#602,.T.);
#793=ORIENTED_EDGE('',*,*,#606,.F.);
#794=ORIENTED_EDGE('',*,*,#603,.T.);
#795=ORIENTED_EDGE('',*,*,#605,.F.);
#796=ORIENTED_EDGE('',*,*,#607,.F.);
#797=ORIENTED_EDGE('',*,*,#608,.F.);
#798=ORIENTED_EDGE('',*,*,#609,.F.);
#799=ORIENTED_EDGE('',*,*,#610,.F.);
#800=ORIENTED_EDGE('',*,*,#611,.T.);
#801=ORIENTED_EDGE('',*,*,#608,.T.);
#802=ORIENTED_EDGE('',*,*,#612,.F.);
#803=ORIENTED_EDGE('',*,*,#609,.T.);
#804=ORIENTED_EDGE('',*,*,#611,.F.);
#805=ORIENTED_EDGE('',*,*,#520,.F.);
#806=ORIENTED_EDGE('',*,*,#516,.F.);
#807=ORIENTED_EDGE('',*,*,#613,.F.);
#808=ORIENTED_EDGE('',*,*,#614,.F.);
#809=ORIENTED_EDGE('',*,*,#512,.F.);
#810=ORIENTED_EDGE('',*,*,#615,.F.);
#811=ORIENTED_EDGE('',*,*,#616,.F.);
#812=ORIENTED_EDGE('',*,*,#617,.F.);
#813=ORIENTED_EDGE('',*,*,#618,.F.);
#814=ORIENTED_EDGE('',*,*,#527,.F.);
#815=ORIENTED_EDGE('',*,*,#619,.F.);
#816=ORIENTED_EDGE('',*,*,#616,.T.);
#817=ORIENTED_EDGE('',*,*,#620,.T.);
#818=ORIENTED_EDGE('',*,*,#621,.F.);
#819=ORIENTED_EDGE('',*,*,#622,.T.);
#820=ORIENTED_EDGE('',*,*,#497,.T.);
#821=ORIENTED_EDGE('',*,*,#503,.T.);
#822=ORIENTED_EDGE('',*,*,#500,.T.);
#823=ORIENTED_EDGE('',*,*,#489,.T.);
#824=ORIENTED_EDGE('',*,*,#533,.T.);
#825=ORIENTED_EDGE('',*,*,#534,.T.);
#826=ORIENTED_EDGE('',*,*,#529,.T.);
#827=ORIENTED_EDGE('',*,*,#539,.T.);
#828=ORIENTED_EDGE('',*,*,#540,.T.);
#829=ORIENTED_EDGE('',*,*,#535,.T.);
#830=ORIENTED_EDGE('',*,*,#545,.T.);
#831=ORIENTED_EDGE('',*,*,#546,.T.);
#832=ORIENTED_EDGE('',*,*,#541,.T.);
#833=ORIENTED_EDGE('',*,*,#551,.T.);
#834=ORIENTED_EDGE('',*,*,#552,.T.);
#835=ORIENTED_EDGE('',*,*,#547,.T.);
#836=ORIENTED_EDGE('',*,*,#557,.T.);
#837=ORIENTED_EDGE('',*,*,#558,.T.);
#838=ORIENTED_EDGE('',*,*,#553,.T.);
#839=ORIENTED_EDGE('',*,*,#563,.T.);
#840=ORIENTED_EDGE('',*,*,#564,.T.);
#841=ORIENTED_EDGE('',*,*,#559,.T.);
#842=ORIENTED_EDGE('',*,*,#569,.T.);
#843=ORIENTED_EDGE('',*,*,#570,.T.);
#844=ORIENTED_EDGE('',*,*,#565,.T.);
#845=ORIENTED_EDGE('',*,*,#576,.T.);
#846=ORIENTED_EDGE('',*,*,#571,.T.);
#847=ORIENTED_EDGE('',*,*,#582,.T.);
#848=ORIENTED_EDGE('',*,*,#577,.T.);
#849=ORIENTED_EDGE('',*,*,#588,.T.);
#850=ORIENTED_EDGE('',*,*,#583,.T.);
#851=ORIENTED_EDGE('',*,*,#594,.T.);
#852=ORIENTED_EDGE('',*,*,#589,.T.);
#853=ORIENTED_EDGE('',*,*,#600,.T.);
#854=ORIENTED_EDGE('',*,*,#595,.T.);
#855=ORIENTED_EDGE('',*,*,#606,.T.);
#856=ORIENTED_EDGE('',*,*,#601,.T.);
#857=ORIENTED_EDGE('',*,*,#612,.T.);
#858=ORIENTED_EDGE('',*,*,#607,.T.);
#859=ORIENTED_EDGE('',*,*,#615,.T.);
#860=ORIENTED_EDGE('',*,*,#511,.F.);
#861=ORIENTED_EDGE('',*,*,#623,.F.);
#862=ORIENTED_EDGE('',*,*,#620,.F.);
#863=ORIENTED_EDGE('',*,*,#574,.T.);
#864=ORIENTED_EDGE('',*,*,#580,.T.);
#865=ORIENTED_EDGE('',*,*,#586,.T.);
#866=ORIENTED_EDGE('',*,*,#592,.T.);
#867=ORIENTED_EDGE('',*,*,#598,.T.);
#868=ORIENTED_EDGE('',*,*,#604,.T.);
#869=ORIENTED_EDGE('',*,*,#610,.T.);
#870=ORIENTED_EDGE('',*,*,#614,.T.);
#871=ORIENTED_EDGE('',*,*,#624,.F.);
#872=ORIENTED_EDGE('',*,*,#625,.F.);
#873=ORIENTED_EDGE('',*,*,#513,.F.);
#874=ORIENTED_EDGE('',*,*,#613,.T.);
#875=ORIENTED_EDGE('',*,*,#515,.F.);
#876=ORIENTED_EDGE('',*,*,#626,.T.);
#877=ORIENTED_EDGE('',*,*,#624,.T.);
#878=ORIENTED_EDGE('',*,*,#508,.T.);
#879=ORIENTED_EDGE('',*,*,#528,.F.);
#880=ORIENTED_EDGE('',*,*,#618,.T.);
#881=ORIENTED_EDGE('',*,*,#627,.T.);
#882=ORIENTED_EDGE('',*,*,#628,.F.);
#883=ORIENTED_EDGE('',*,*,#524,.F.);
#884=ORIENTED_EDGE('',*,*,#491,.T.);
#885=ORIENTED_EDGE('',*,*,#502,.T.);
#886=ORIENTED_EDGE('',*,*,#617,.T.);
#887=ORIENTED_EDGE('',*,*,#622,.F.);
#888=ORIENTED_EDGE('',*,*,#629,.F.);
#889=ORIENTED_EDGE('',*,*,#627,.F.);
#890=ORIENTED_EDGE('',*,*,#531,.T.);
#891=ORIENTED_EDGE('',*,*,#537,.T.);
#892=ORIENTED_EDGE('',*,*,#543,.T.);
#893=ORIENTED_EDGE('',*,*,#549,.T.);
#894=ORIENTED_EDGE('',*,*,#555,.T.);
#895=ORIENTED_EDGE('',*,*,#561,.T.);
#896=ORIENTED_EDGE('',*,*,#567,.T.);
#897=ORIENTED_EDGE('',*,*,#629,.T.);
#898=ORIENTED_EDGE('',*,*,#621,.T.);
#899=ORIENTED_EDGE('',*,*,#623,.T.);
#900=ORIENTED_EDGE('',*,*,#510,.T.);
#901=ORIENTED_EDGE('',*,*,#519,.T.);
#902=ORIENTED_EDGE('',*,*,#523,.T.);
#903=ORIENTED_EDGE('',*,*,#525,.T.);
#904=ORIENTED_EDGE('',*,*,#628,.T.);
#905=ORIENTED_EDGE('',*,*,#514,.F.);
#906=ORIENTED_EDGE('',*,*,#625,.T.);
#907=ORIENTED_EDGE('',*,*,#626,.F.);
#908=ORIENTED_EDGE('',*,*,#506,.T.);
#909=ORIENTED_EDGE('',*,*,#521,.F.);
#910=ORIENTED_EDGE('',*,*,#619,.T.);
#911=ORIENTED_EDGE('',*,*,#526,.F.);
#912=PLANE('',#998);
#913=PLANE('',#1010);
#914=PLANE('',#1016);
#915=PLANE('',#1027);
#916=PLANE('',#1031);
#917=PLANE('',#1035);
#918=PLANE('',#1039);
#919=PLANE('',#1043);
#920=PLANE('',#1047);
#921=PLANE('',#1051);
#922=PLANE('',#1055);
#923=PLANE('',#1060);
#924=PLANE('',#1065);
#925=PLANE('',#1070);
#926=PLANE('',#1075);
#927=PLANE('',#1080);
#928=PLANE('',#1085);
#929=PLANE('',#1090);
#930=PLANE('',#1096);
#931=PLANE('',#1097);
#932=PLANE('',#1098);
#933=PLANE('',#1101);
#934=PLANE('',#1102);
#935=PLANE('',#1103);
#936=ADVANCED_FACE('',(#89),#912,.T.);
#937=ADVANCED_FACE('',(#90),#65,.F.);
#938=ADVANCED_FACE('',(#91),#66,.F.);
#939=ADVANCED_FACE('',(#92),#913,.F.);
#940=ADVANCED_FACE('',(#93),#914,.F.);
#941=ADVANCED_FACE('',(#94),#67,.T.);
#942=ADVANCED_FACE('',(#95),#68,.T.);
#943=ADVANCED_FACE('',(#96),#69,.F.);
#944=ADVANCED_FACE('',(#97),#70,.T.);
#945=ADVANCED_FACE('',(#98),#71,.T.);
#946=ADVANCED_FACE('',(#99),#915,.T.);
#947=ADVANCED_FACE('',(#100),#72,.F.);
#948=ADVANCED_FACE('',(#101),#916,.T.);
#949=ADVANCED_FACE('',(#102),#73,.F.);
#950=ADVANCED_FACE('',(#103),#917,.T.);
#951=ADVANCED_FACE('',(#104),#74,.F.);
#952=ADVANCED_FACE('',(#105),#918,.T.);
#953=ADVANCED_FACE('',(#106),#75,.F.);
#954=ADVANCED_FACE('',(#107),#919,.T.);
#955=ADVANCED_FACE('',(#108),#76,.F.);
#956=ADVANCED_FACE('',(#109),#920,.T.);
#957=ADVANCED_FACE('',(#110),#77,.F.);
#958=ADVANCED_FACE('',(#111),#921,.T.);
#959=ADVANCED_FACE('',(#112),#78,.F.);
#960=ADVANCED_FACE('',(#113),#922,.T.);
#961=ADVANCED_FACE('',(#114),#79,.F.);
#962=ADVANCED_FACE('',(#115),#923,.T.);
#963=ADVANCED_FACE('',(#116),#80,.F.);
#964=ADVANCED_FACE('',(#117),#924,.T.);
#965=ADVANCED_FACE('',(#118),#81,.F.);
#966=ADVANCED_FACE('',(#119),#925,.T.);
#967=ADVANCED_FACE('',(#120),#82,.F.);
#968=ADVANCED_FACE('',(#121),#926,.T.);
#969=ADVANCED_FACE('',(#122),#83,.F.);
#970=ADVANCED_FACE('',(#123),#927,.T.);
#971=ADVANCED_FACE('',(#124),#84,.F.);
#972=ADVANCED_FACE('',(#125),#928,.T.);
#973=ADVANCED_FACE('',(#126),#85,.F.);
#974=ADVANCED_FACE('',(#127),#929,.F.);
#975=ADVANCED_FACE('',(#128,#15,#16,#17,#18,#19,#20,#21,#22,#23,#24,#25,
#26,#27,#28,#29),#86,.F.);
#976=ADVANCED_FACE('',(#129,#30,#31,#32,#33,#34,#35,#36),#930,.F.);
#977=ADVANCED_FACE('',(#130),#931,.F.);
#978=ADVANCED_FACE('',(#131),#932,.F.);
#979=ADVANCED_FACE('',(#132),#87,.T.);
#980=ADVANCED_FACE('',(#133,#37,#38,#39,#40,#41,#42,#43),#933,.F.);
#981=ADVANCED_FACE('',(#134),#934,.T.);
#982=ADVANCED_FACE('',(#135),#935,.T.);
#983=ADVANCED_FACE('',(#136),#88,.F.);
#984=CLOSED_SHELL('',(#936,#937,#938,#939,#940,#941,#942,#943,#944,#945,
#946,#947,#948,#949,#950,#951,#952,#953,#954,#955,#956,#957,#958,#959,#960,
#961,#962,#963,#964,#965,#966,#967,#968,#969,#970,#971,#972,#973,#974,#975,
#976,#977,#978,#979,#980,#981,#982,#983));
#985=DERIVED_UNIT_ELEMENT(#987,1.);
#986=DERIVED_UNIT_ELEMENT(#2000,-3.);
#987=(
MASS_UNIT()
NAMED_UNIT(*)
SI_UNIT(.KILO.,.GRAM.)
);
#988=DERIVED_UNIT((#985,#986));
#989=MEASURE_REPRESENTATION_ITEM('density measure',
POSITIVE_RATIO_MEASURE(7850.),#988);
#990=PROPERTY_DEFINITION_REPRESENTATION(#995,#992);
#991=PROPERTY_DEFINITION_REPRESENTATION(#996,#993);
#992=REPRESENTATION('material name',(#994),#1997);
#993=REPRESENTATION('density',(#989),#1997);
#994=DESCRIPTIVE_REPRESENTATION_ITEM('Steel','Steel');
#995=PROPERTY_DEFINITION('material property','material name',#2007);
#996=PROPERTY_DEFINITION('material property','density of part',#2007);
#997=AXIS2_PLACEMENT_3D('',#1382,#1105,#1106);
#998=AXIS2_PLACEMENT_3D('',#1383,#1107,#1108);
#999=AXIS2_PLACEMENT_3D('',#1386,#1109,#1110);
#1000=AXIS2_PLACEMENT_3D('',#1388,#1111,#1112);
#1001=AXIS2_PLACEMENT_3D('',#1390,#1113,#1114);
#1002=AXIS2_PLACEMENT_3D('',#1392,#1115,#1116);
#1003=AXIS2_PLACEMENT_3D('',#1394,#1117,#1118);
#1004=AXIS2_PLACEMENT_3D('',#1396,#1119,#1120);
#1005=AXIS2_PLACEMENT_3D('',#1399,#1122,#1123);
#1006=AXIS2_PLACEMENT_3D('',#1400,#1124,#1125);
#1007=AXIS2_PLACEMENT_3D('',#1405,#1128,#1129);
#1008=AXIS2_PLACEMENT_3D('',#1406,#1130,#1131);
#1009=AXIS2_PLACEMENT_3D('',#1410,#1133,#1134);
#1010=AXIS2_PLACEMENT_3D('',#1412,#1136,#1137);
#1011=AXIS2_PLACEMENT_3D('',#1413,#1138,#1139);
#1012=AXIS2_PLACEMENT_3D('',#1417,#1141,#1142);
#1013=AXIS2_PLACEMENT_3D('',#1419,#1143,#1144);
#1014=AXIS2_PLACEMENT_3D('',#1421,#1145,#1146);
#1015=AXIS2_PLACEMENT_3D('',#1422,#1147,#1148);
#1016=AXIS2_PLACEMENT_3D('',#1423,#1149,#1150);
#1017=AXIS2_PLACEMENT_3D('',#1441,#1160,#1161);
#1018=AXIS2_PLACEMENT_3D('',#1444,#1163,#1164);
#1019=AXIS2_PLACEMENT_3D('',#1445,#1165,#1166);
#1020=AXIS2_PLACEMENT_3D('',#1447,#1167,#1168);
#1021=AXIS2_PLACEMENT_3D('',#1449,#1170,#1171);
#1022=AXIS2_PLACEMENT_3D('',#1452,#1173,#1174);
#1023=AXIS2_PLACEMENT_3D('',#1453,#1175,#1176);
#1024=AXIS2_PLACEMENT_3D('',#1456,#1178,#1179);
#1025=AXIS2_PLACEMENT_3D('',#1457,#1180,#1181);
#1026=AXIS2_PLACEMENT_3D('',#1461,#1183,#1184);
#1027=AXIS2_PLACEMENT_3D('',#1463,#1186,#1187);
#1028=AXIS2_PLACEMENT_3D('',#1467,#1189,#1190);
#1029=AXIS2_PLACEMENT_3D('',#1468,#1191,#1192);
#1030=AXIS2_PLACEMENT_3D('',#1470,#1193,#1194);
#1031=AXIS2_PLACEMENT_3D('',#1501,#1196,#1197);
#1032=AXIS2_PLACEMENT_3D('',#1505,#1199,#1200);
#1033=AXIS2_PLACEMENT_3D('',#1506,#1201,#1202);
#1034=AXIS2_PLACEMENT_3D('',#1508,#1203,#1204);
#1035=AXIS2_PLACEMENT_3D('',#1539,#1206,#1207);
#1036=AXIS2_PLACEMENT_3D('',#1543,#1209,#1210);
#1037=AXIS2_PLACEMENT_3D('',#1544,#1211,#1212);
#1038=AXIS2_PLACEMENT_3D('',#1546,#1213,#1214);
#1039=AXIS2_PLACEMENT_3D('',#1577,#1216,#1217);
#1040=AXIS2_PLACEMENT_3D('',#1581,#1219,#1220);
#1041=AXIS2_PLACEMENT_3D('',#1582,#1221,#1222);
#1042=AXIS2_PLACEMENT_3D('',#1584,#1223,#1224);
#1043=AXIS2_PLACEMENT_3D('',#1615,#1226,#1227);
#1044=AXIS2_PLACEMENT_3D('',#1619,#1229,#1230);
#1045=AXIS2_PLACEMENT_3D('',#1620,#1231,#1232);
#1046=AXIS2_PLACEMENT_3D('',#1622,#1233,#1234);
#1047=AXIS2_PLACEMENT_3D('',#1653,#1236,#1237);
#1048=AXIS2_PLACEMENT_3D('',#1657,#1239,#1240);
#1049=AXIS2_PLACEMENT_3D('',#1658,#1241,#1242);
#1050=AXIS2_PLACEMENT_3D('',#1660,#1243,#1244);
#1051=AXIS2_PLACEMENT_3D('',#1691,#1246,#1247);
#1052=AXIS2_PLACEMENT_3D('',#1695,#1249,#1250);
#1053=AXIS2_PLACEMENT_3D('',#1696,#1251,#1252);
#1054=AXIS2_PLACEMENT_3D('',#1698,#1253,#1254);
#1055=AXIS2_PLACEMENT_3D('',#1729,#1256,#1257);
#1056=AXIS2_PLACEMENT_3D('',#1734,#1259,#1260);
#1057=AXIS2_PLACEMENT_3D('',#1735,#1261,#1262);
#1058=AXIS2_PLACEMENT_3D('',#1736,#1263,#1264);
#1059=AXIS2_PLACEMENT_3D('',#1738,#1265,#1266);
#1060=AXIS2_PLACEMENT_3D('',#1762,#1268,#1269);
#1061=AXIS2_PLACEMENT_3D('',#1767,#1271,#1272);
#1062=AXIS2_PLACEMENT_3D('',#1768,#1273,#1274);
#1063=AXIS2_PLACEMENT_3D('',#1769,#1275,#1276);
#1064=AXIS2_PLACEMENT_3D('',#1771,#1277,#1278);
#1065=AXIS2_PLACEMENT_3D('',#1795,#1280,#1281);
#1066=AXIS2_PLACEMENT_3D('',#1800,#1283,#1284);
#1067=AXIS2_PLACEMENT_3D('',#1801,#1285,#1286);
#1068=AXIS2_PLACEMENT_3D('',#1802,#1287,#1288);
#1069=AXIS2_PLACEMENT_3D('',#1804,#1289,#1290);
#1070=AXIS2_PLACEMENT_3D('',#1828,#1292,#1293);
#1071=AXIS2_PLACEMENT_3D('',#1833,#1295,#1296);
#1072=AXIS2_PLACEMENT_3D('',#1834,#1297,#1298);
#1073=AXIS2_PLACEMENT_3D('',#1835,#1299,#1300);
#1074=AXIS2_PLACEMENT_3D('',#1837,#1301,#1302);
#1075=AXIS2_PLACEMENT_3D('',#1861,#1304,#1305);
#1076=AXIS2_PLACEMENT_3D('',#1866,#1307,#1308);
#1077=AXIS2_PLACEMENT_3D('',#1867,#1309,#1310);
#1078=AXIS2_PLACEMENT_3D('',#1868,#1311,#1312);
#1079=AXIS2_PLACEMENT_3D('',#1870,#1313,#1314);
#1080=AXIS2_PLACEMENT_3D('',#1894,#1316,#1317);
#1081=AXIS2_PLACEMENT_3D('',#1899,#1319,#1320);
#1082=AXIS2_PLACEMENT_3D('',#1900,#1321,#1322);
#1083=AXIS2_PLACEMENT_3D('',#1901,#1323,#1324);
#1084=AXIS2_PLACEMENT_3D('',#1903,#1325,#1326);
#1085=AXIS2_PLACEMENT_3D('',#1927,#1328,#1329);
#1086=AXIS2_PLACEMENT_3D('',#1932,#1331,#1332);
#1087=AXIS2_PLACEMENT_3D('',#1933,#1333,#1334);
#1088=AXIS2_PLACEMENT_3D('',#1934,#1335,#1336);
#1089=AXIS2_PLACEMENT_3D('',#1936,#1337,#1338);
#1090=AXIS2_PLACEMENT_3D('',#1960,#1340,#1341);
#1091=AXIS2_PLACEMENT_3D('',#1967,#1345,#1346);
#1092=AXIS2_PLACEMENT_3D('',#1970,#1348,#1349);
#1093=AXIS2_PLACEMENT_3D('',#1971,#1350,#1351);
#1094=AXIS2_PLACEMENT_3D('',#1972,#1352,#1353);
#1095=AXIS2_PLACEMENT_3D('',#1976,#1355,#1356);
#1096=AXIS2_PLACEMENT_3D('',#1978,#1358,#1359);
#1097=AXIS2_PLACEMENT_3D('',#1980,#1361,#1362);
#1098=AXIS2_PLACEMENT_3D('',#1984,#1365,#1366);
#1099=AXIS2_PLACEMENT_3D('',#1986,#1368,#1369);
#1100=AXIS2_PLACEMENT_3D('',#1989,#1371,#1372);
#1101=AXIS2_PLACEMENT_3D('',#1990,#1373,#1374);
#1102=AXIS2_PLACEMENT_3D('',#1992,#1376,#1377);
#1103=AXIS2_PLACEMENT_3D('',#1993,#1378,#1379);
#1104=AXIS2_PLACEMENT_3D('',#1994,#1380,#1381);
#1105=DIRECTION('axis',(0.,0.,1.));
#1106=DIRECTION('refdir',(1.,0.,0.));
#1107=DIRECTION('center_axis',(1.,0.,0.));
#1108=DIRECTION('ref_axis',(0.,1.,0.));
#1109=DIRECTION('center_axis',(1.,0.,0.));
#1110=DIRECTION('ref_axis',(0.,-1.,0.));
#1111=DIRECTION('center_axis',(-1.,0.,0.));
#1112=DIRECTION('ref_axis',(0.,1.,0.));
#1113=DIRECTION('center_axis',(-1.,0.,0.));
#1114=DIRECTION('ref_axis',(0.,-1.,0.));
#1115=DIRECTION('center_axis',(-1.,0.,0.));
#1116=DIRECTION('ref_axis',(0.,0.965351004005953,-0.260954860205168));
#1117=DIRECTION('center_axis',(1.,0.,0.));
#1118=DIRECTION('ref_axis',(0.,-1.,0.));
#1119=DIRECTION('center_axis',(-1.,0.,0.));
#1120=DIRECTION('ref_axis',(0.,0.9005753300212,-0.434699982697499));
#1121=DIRECTION('',(0.,-0.232702238175828,-0.972548028812953));
#1122=DIRECTION('center_axis',(-1.,0.,0.));
#1123=DIRECTION('ref_axis',(0.,1.,0.));
#1124=DIRECTION('center_axis',(-1.,0.,0.));
#1125=DIRECTION('ref_axis',(0.,1.,0.));
#1126=DIRECTION('',(1.,0.,0.));
#1127=DIRECTION('',(-1.,0.,0.));
#1128=DIRECTION('center_axis',(1.,0.,0.));
#1129=DIRECTION('ref_axis',(0.,1.,0.));
#1130=DIRECTION('center_axis',(-1.,0.,0.));
#1131=DIRECTION('ref_axis',(0.,1.,0.));
#1132=DIRECTION('',(-1.,0.,0.));
#1133=DIRECTION('center_axis',(1.,0.,0.));
#1134=DIRECTION('ref_axis',(0.,1.,0.));
#1135=DIRECTION('',(1.,0.,0.));
#1136=DIRECTION('center_axis',(1.,0.,0.));
#1137=DIRECTION('ref_axis',(0.,1.,0.));
#1138=DIRECTION('center_axis',(-1.,0.,0.));
#1139=DIRECTION('ref_axis',(0.,-1.,0.));
#1140=DIRECTION('',(0.,0.232702238175828,0.972548028812953));
#1141=DIRECTION('center_axis',(1.,0.,0.));
#1142=DIRECTION('ref_axis',(0.,0.9005753300212,-0.434699982697499));
#1143=DIRECTION('center_axis',(-1.,0.,0.));
#1144=DIRECTION('ref_axis',(0.,-1.,0.));
#1145=DIRECTION('center_axis',(1.,0.,0.));
#1146=DIRECTION('ref_axis',(0.,0.965351004005953,-0.260954860205168));
#1147=DIRECTION('center_axis',(1.,0.,0.));
#1148=DIRECTION('ref_axis',(0.,-1.,0.));
#1149=DIRECTION('center_axis',(0.,-0.972548028812953,0.232702238175828));
#1150=DIRECTION('ref_axis',(0.,-0.232702238175828,-0.972548028812953));
#1151=DIRECTION('',(1.,0.,0.));
#1152=DIRECTION('',(0.,-0.232702238175828,-0.972548028812953));
#1153=DIRECTION('',(1.,0.,0.));
#1154=DIRECTION('',(0.,-0.232702238175828,-0.972548028812953));
#1155=DIRECTION('',(-1.,0.,0.));
#1156=DIRECTION('',(0.,-0.232702238175828,-0.972548028812953));
#1157=DIRECTION('',(1.,0.,0.));
#1158=DIRECTION('',(0.,-0.232702238175828,-0.972548028812953));
#1159=DIRECTION('',(1.,0.,0.));
#1160=DIRECTION('center_axis',(-1.,0.,0.));
#1161=DIRECTION('ref_axis',(0.,0.9005753300212,-0.434699982697499));
#1162=DIRECTION('',(-1.,0.,0.));
#1163=DIRECTION('center_axis',(-1.,0.,0.));
#1164=DIRECTION('ref_axis',(0.,0.9005753300212,-0.434699982697499));
#1165=DIRECTION('center_axis',(-1.,0.,0.));
#1166=DIRECTION('ref_axis',(0.,0.9005753300212,-0.434699982697499));
#1167=DIRECTION('center_axis',(-1.,0.,0.));
#1168=DIRECTION('ref_axis',(0.,0.9005753300212,-0.434699982697499));
#1169=DIRECTION('',(-1.,0.,0.));
#1170=DIRECTION('center_axis',(-1.,0.,0.));
#1171=DIRECTION('ref_axis',(0.,-1.,0.));
#1172=DIRECTION('',(1.,0.,0.));
#1173=DIRECTION('center_axis',(1.,0.,0.));
#1174=DIRECTION('ref_axis',(0.,-1.,0.));
#1175=DIRECTION('center_axis',(1.,0.,0.));
#1176=DIRECTION('ref_axis',(0.,0.965351004005953,-0.260954860205168));
#1177=DIRECTION('',(-1.,0.,0.));
#1178=DIRECTION('center_axis',(-1.,0.,0.));
#1179=DIRECTION('ref_axis',(0.,0.965351004005953,-0.260954860205168));
#1180=DIRECTION('center_axis',(1.,0.,0.));
#1181=DIRECTION('ref_axis',(0.,0.965351004005953,-0.260954860205168));
#1182=DIRECTION('',(1.,0.,0.));
#1183=DIRECTION('center_axis',(-1.,0.,0.));
#1184=DIRECTION('ref_axis',(0.,0.965351004005953,-0.260954860205168));
#1185=DIRECTION('',(-1.,0.,0.));
#1186=DIRECTION('center_axis',(0.,0.,-1.));
#1187=DIRECTION('ref_axis',(1.,0.,0.));
#1188=DIRECTION('',(1.,0.,0.));
#1189=DIRECTION('center_axis',(0.,0.,1.));
#1190=DIRECTION('ref_axis',(1.,0.,0.));
#1191=DIRECTION('center_axis',(0.,0.,1.));
#1192=DIRECTION('ref_axis',(1.,0.,0.));
#1193=DIRECTION('center_axis',(0.,0.,1.));
#1194=DIRECTION('ref_axis',(1.,0.,0.));
#1195=DIRECTION('',(0.,0.,1.));
#1196=DIRECTION('center_axis',(0.,0.,-1.));
#1197=DIRECTION('ref_axis',(1.,0.,0.));
#1198=DIRECTION('',(1.,0.,0.));
#1199=DIRECTION('center_axis',(0.,0.,1.));
#1200=DIRECTION('ref_axis',(1.,0.,0.));
#1201=DIRECTION('center_axis',(0.,0.,1.));
#1202=DIRECTION('ref_axis',(1.,0.,0.));
#1203=DIRECTION('center_axis',(0.,0.,1.));
#1204=DIRECTION('ref_axis',(1.,0.,0.));
#1205=DIRECTION('',(0.,0.,1.));
#1206=DIRECTION('center_axis',(0.,0.,-1.));
#1207=DIRECTION('ref_axis',(1.,0.,0.));
#1208=DIRECTION('',(1.,0.,0.));
#1209=DIRECTION('center_axis',(0.,0.,1.));
#1210=DIRECTION('ref_axis',(1.,0.,0.));
#1211=DIRECTION('center_axis',(0.,0.,1.));
#1212=DIRECTION('ref_axis',(1.,0.,0.));
#1213=DIRECTION('center_axis',(0.,0.,1.));
#1214=DIRECTION('ref_axis',(1.,0.,0.));
#1215=DIRECTION('',(0.,0.,1.));
#1216=DIRECTION('center_axis',(0.,0.,-1.));
#1217=DIRECTION('ref_axis',(1.,0.,0.));
#1218=DIRECTION('',(1.,0.,0.));
#1219=DIRECTION('center_axis',(0.,0.,1.));
#1220=DIRECTION('ref_axis',(1.,0.,0.));
#1221=DIRECTION('center_axis',(0.,0.,1.));
#1222=DIRECTION('ref_axis',(1.,0.,0.));
#1223=DIRECTION('center_axis',(0.,0.,1.));
#1224=DIRECTION('ref_axis',(1.,0.,0.));
#1225=DIRECTION('',(0.,0.,1.));
#1226=DIRECTION('center_axis',(0.,0.,-1.));
#1227=DIRECTION('ref_axis',(1.,0.,0.));
#1228=DIRECTION('',(1.,0.,0.));
#1229=DIRECTION('center_axis',(0.,0.,1.));
#1230=DIRECTION('ref_axis',(1.,0.,0.));
#1231=DIRECTION('center_axis',(0.,0.,1.));
#1232=DIRECTION('ref_axis',(1.,0.,0.));
#1233=DIRECTION('center_axis',(0.,0.,1.));
#1234=DIRECTION('ref_axis',(1.,0.,0.));
#1235=DIRECTION('',(0.,0.,1.));
#1236=DIRECTION('center_axis',(0.,0.,-1.));
#1237=DIRECTION('ref_axis',(1.,0.,0.));
#1238=DIRECTION('',(1.,0.,0.));
#1239=DIRECTION('center_axis',(0.,0.,1.));
#1240=DIRECTION('ref_axis',(1.,0.,0.));
#1241=DIRECTION('center_axis',(0.,0.,1.));
#1242=DIRECTION('ref_axis',(1.,0.,0.));
#1243=DIRECTION('center_axis',(0.,0.,1.));
#1244=DIRECTION('ref_axis',(1.,0.,0.));
#1245=DIRECTION('',(0.,0.,1.));
#1246=DIRECTION('center_axis',(0.,0.,-1.));
#1247=DIRECTION('ref_axis',(1.,0.,0.));
#1248=DIRECTION('',(1.,0.,0.));
#1249=DIRECTION('center_axis',(0.,0.,1.));
#1250=DIRECTION('ref_axis',(1.,0.,0.));
#1251=DIRECTION('center_axis',(0.,0.,1.));
#1252=DIRECTION('ref_axis',(1.,0.,0.));
#1253=DIRECTION('center_axis',(0.,0.,1.));
#1254=DIRECTION('ref_axis',(1.,0.,0.));
#1255=DIRECTION('',(0.,0.,1.));
#1256=DIRECTION('center_axis',(1.99013594630058E-31,0.355553416295794,0.934655962459123));
#1257=DIRECTION('ref_axis',(-1.,5.59729102601264E-31,-3.50324616081204E-46));
#1258=DIRECTION('',(-1.,0.,0.));
#1259=DIRECTION('center_axis',(-1.99013594630058E-31,-0.355553416295794,
-0.934655962459123));
#1260=DIRECTION('ref_axis',(-1.,5.59729102601264E-31,-3.50324616081204E-46));
#1261=DIRECTION('center_axis',(-1.99013594630058E-31,-0.355553416295794,
-0.934655962459123));
#1262=DIRECTION('ref_axis',(-1.,5.59729102601264E-31,-3.50324616081204E-46));
#1263=DIRECTION('center_axis',(0.,-0.355553416295794,-0.934655962459123));
#1264=DIRECTION('ref_axis',(-1.,4.88969139141241E-31,-1.86009242831407E-31));
#1265=DIRECTION('center_axis',(0.,-0.355553416295793,-0.934655962459124));
#1266=DIRECTION('ref_axis',(-1.,4.88969139141241E-31,-1.86009242831407E-31));
#1267=DIRECTION('',(0.,-0.355553416295794,-0.934655962459123));
#1268=DIRECTION('center_axis',(1.99013594630058E-31,0.355553416295794,0.934655962459123));
#1269=DIRECTION('ref_axis',(-1.,5.59729102601264E-31,-3.50324616081204E-46));
#1270=DIRECTION('',(-1.,0.,0.));
#1271=DIRECTION('center_axis',(-1.99013594630058E-31,-0.355553416295794,
-0.934655962459123));
#1272=DIRECTION('ref_axis',(-1.,5.59729102601264E-31,-3.50324616081204E-46));
#1273=DIRECTION('center_axis',(-1.99013594630058E-31,-0.355553416295794,
-0.934655962459123));
#1274=DIRECTION('ref_axis',(-1.,5.59729102601264E-31,-3.50324616081204E-46));
#1275=DIRECTION('center_axis',(0.,-0.355553416295794,-0.934655962459123));
#1276=DIRECTION('ref_axis',(-1.,4.88969139141241E-31,-1.86009242831407E-31));
#1277=DIRECTION('center_axis',(0.,-0.355553416295793,-0.934655962459124));
#1278=DIRECTION('ref_axis',(-1.,4.88969139141241E-31,-1.86009242831407E-31));
#1279=DIRECTION('',(0.,-0.355553416295794,-0.934655962459123));
#1280=DIRECTION('center_axis',(1.99013594630058E-31,0.355553416295794,0.934655962459123));
#1281=DIRECTION('ref_axis',(-1.,5.59729102601264E-31,-3.50324616081204E-46));
#1282=DIRECTION('',(-1.,0.,0.));
#1283=DIRECTION('center_axis',(-1.99013594630058E-31,-0.355553416295794,
-0.934655962459123));
#1284=DIRECTION('ref_axis',(-1.,5.59729102601264E-31,-3.50324616081204E-46));
#1285=DIRECTION('center_axis',(-1.99013594630058E-31,-0.355553416295794,
-0.934655962459123));
#1286=DIRECTION('ref_axis',(-1.,5.59729102601264E-31,-3.50324616081204E-46));
#1287=DIRECTION('center_axis',(0.,-0.355553416295794,-0.934655962459123));
#1288=DIRECTION('ref_axis',(-1.,4.88969139141241E-31,-1.86009242831407E-31));
#1289=DIRECTION('center_axis',(0.,-0.355553416295793,-0.934655962459124));
#1290=DIRECTION('ref_axis',(-1.,4.88969139141241E-31,-1.86009242831407E-31));
#1291=DIRECTION('',(0.,-0.355553416295794,-0.934655962459123));
#1292=DIRECTION('center_axis',(1.99013594630058E-31,0.355553416295794,0.934655962459123));
#1293=DIRECTION('ref_axis',(-1.,5.59729102601264E-31,-3.50324616081204E-46));
#1294=DIRECTION('',(-1.,0.,0.));
#1295=DIRECTION('center_axis',(-1.99013594630058E-31,-0.355553416295794,
-0.934655962459123));
#1296=DIRECTION('ref_axis',(-1.,5.59729102601264E-31,-3.50324616081204E-46));
#1297=DIRECTION('center_axis',(-1.99013594630058E-31,-0.355553416295794,
-0.934655962459123));
#1298=DIRECTION('ref_axis',(-1.,5.59729102601264E-31,-3.50324616081204E-46));
#1299=DIRECTION('center_axis',(0.,-0.355553416295794,-0.934655962459123));
#1300=DIRECTION('ref_axis',(-1.,4.88969139141241E-31,-1.86009242831407E-31));
#1301=DIRECTION('center_axis',(0.,-0.355553416295793,-0.934655962459124));
#1302=DIRECTION('ref_axis',(-1.,4.88969139141241E-31,-1.86009242831407E-31));
#1303=DIRECTION('',(0.,-0.355553416295794,-0.934655962459123));
#1304=DIRECTION('center_axis',(1.99013594630058E-31,0.355553416295794,0.934655962459123));
#1305=DIRECTION('ref_axis',(-1.,5.59729102601264E-31,-3.50324616081204E-46));
#1306=DIRECTION('',(-1.,0.,0.));
#1307=DIRECTION('center_axis',(-1.99013594630058E-31,-0.355553416295794,
-0.934655962459123));
#1308=DIRECTION('ref_axis',(-1.,5.59729102601264E-31,-3.50324616081204E-46));
#1309=DIRECTION('center_axis',(-1.99013594630058E-31,-0.355553416295794,
-0.934655962459123));
#1310=DIRECTION('ref_axis',(-1.,5.59729102601264E-31,-3.50324616081204E-46));
#1311=DIRECTION('center_axis',(0.,-0.355553416295794,-0.934655962459123));
#1312=DIRECTION('ref_axis',(-1.,4.88969139141241E-31,-1.86009242831407E-31));
#1313=DIRECTION('center_axis',(0.,-0.355553416295793,-0.934655962459124));
#1314=DIRECTION('ref_axis',(-1.,4.88969139141241E-31,-1.86009242831407E-31));
#1315=DIRECTION('',(0.,-0.355553416295794,-0.934655962459123));
#1316=DIRECTION('center_axis',(1.99013594630058E-31,0.355553416295794,0.934655962459123));
#1317=DIRECTION('ref_axis',(-1.,5.59729102601264E-31,-3.50324616081204E-46));
#1318=DIRECTION('',(-1.,0.,0.));
#1319=DIRECTION('center_axis',(-1.99013594630058E-31,-0.355553416295794,
-0.934655962459123));
#1320=DIRECTION('ref_axis',(-1.,5.59729102601264E-31,-3.50324616081204E-46));
#1321=DIRECTION('center_axis',(-1.99013594630058E-31,-0.355553416295794,
-0.934655962459123));
#1322=DIRECTION('ref_axis',(-1.,5.59729102601264E-31,-3.50324616081204E-46));
#1323=DIRECTION('center_axis',(0.,-0.355553416295794,-0.934655962459123));
#1324=DIRECTION('ref_axis',(-1.,4.88969139141241E-31,-1.86009242831407E-31));
#1325=DIRECTION('center_axis',(0.,-0.355553416295793,-0.934655962459124));
#1326=DIRECTION('ref_axis',(-1.,4.88969139141241E-31,-1.86009242831407E-31));
#1327=DIRECTION('',(0.,-0.355553416295794,-0.934655962459123));
#1328=DIRECTION('center_axis',(1.99013594630058E-31,0.355553416295794,0.934655962459123));
#1329=DIRECTION('ref_axis',(-1.,5.59729102601264E-31,-3.50324616081204E-46));
#1330=DIRECTION('',(-1.,0.,0.));
#1331=DIRECTION('center_axis',(-1.99013594630058E-31,-0.355553416295794,
-0.934655962459123));
#1332=DIRECTION('ref_axis',(-1.,5.59729102601264E-31,-3.50324616081204E-46));
#1333=DIRECTION('center_axis',(-1.99013594630058E-31,-0.355553416295794,
-0.934655962459123));
#1334=DIRECTION('ref_axis',(-1.,5.59729102601264E-31,-3.50324616081204E-46));
#1335=DIRECTION('center_axis',(0.,-0.355553416295794,-0.934655962459123));
#1336=DIRECTION('ref_axis',(-1.,4.88969139141241E-31,-1.86009242831407E-31));
#1337=DIRECTION('center_axis',(0.,-0.355553416295793,-0.934655962459124));
#1338=DIRECTION('ref_axis',(-1.,4.88969139141241E-31,-1.86009242831407E-31));
#1339=DIRECTION('',(0.,-0.355553416295794,-0.934655962459123));
#1340=DIRECTION('center_axis',(-1.,0.,0.));
#1341=DIRECTION('ref_axis',(0.,-1.,0.));
#1342=DIRECTION('',(0.,0.934655962459124,-0.355553416295793));
#1343=DIRECTION('',(0.,-0.355553416295793,-0.934655962459124));
#1344=DIRECTION('',(0.,0.934655962459124,-0.355553416295793));
#1345=DIRECTION('center_axis',(1.,0.,0.));
#1346=DIRECTION('ref_axis',(0.,-1.,0.));
#1347=DIRECTION('',(0.,-1.,0.));
#1348=DIRECTION('center_axis',(-1.,0.,0.));
#1349=DIRECTION('ref_axis',(0.,-1.,0.));
#1350=DIRECTION('center_axis',(1.,0.,0.));
#1351=DIRECTION('ref_axis',(0.,-1.,0.));
#1352=DIRECTION('center_axis',(-1.,0.,0.));
#1353=DIRECTION('ref_axis',(0.,-1.,0.));
#1354=DIRECTION('',(-1.,0.,0.));
#1355=DIRECTION('center_axis',(1.,0.,0.));
#1356=DIRECTION('ref_axis',(0.,-1.,0.));
#1357=DIRECTION('',(1.,0.,0.));
#1358=DIRECTION('center_axis',(0.,-0.355553416295793,-0.934655962459124));
#1359=DIRECTION('ref_axis',(-1.,0.,0.));
#1360=DIRECTION('',(0.,0.934655962459124,-0.355553416295793));
#1361=DIRECTION('center_axis',(0.,-0.934655962459124,0.355553416295793));
#1362=DIRECTION('ref_axis',(0.,-0.355553416295793,-0.934655962459124));
#1363=DIRECTION('',(1.,0.,0.));
#1364=DIRECTION('',(0.,-0.355553416295793,-0.934655962459124));
#1365=DIRECTION('center_axis',(0.,-0.355553416295793,-0.934655962459124));
#1366=DIRECTION('ref_axis',(0.,0.934655962459124,-0.355553416295793));
#1367=DIRECTION('',(0.,-0.934655962459124,0.355553416295793));
#1368=DIRECTION('center_axis',(-1.,0.,0.));
#1369=DIRECTION('ref_axis',(0.,-1.,0.));
#1370=DIRECTION('',(-1.,0.,0.));
#1371=DIRECTION('center_axis',(-1.,0.,0.));
#1372=DIRECTION('ref_axis',(0.,-1.,0.));
#1373=DIRECTION('center_axis',(0.,0.,1.));
#1374=DIRECTION('ref_axis',(1.,0.,0.));
#1375=DIRECTION('',(0.,-1.,0.));
#1376=DIRECTION('center_axis',(-1.,0.,0.));
#1377=DIRECTION('ref_axis',(0.,-1.,0.));
#1378=DIRECTION('center_axis',(1.,0.,0.));
#1379=DIRECTION('ref_axis',(0.,0.934655962459124,-0.355553416295793));
#1380=DIRECTION('center_axis',(-1.,0.,0.));
#1381=DIRECTION('ref_axis',(0.,-1.,0.));
#1382=CARTESIAN_POINT('',(0.,0.,0.));
#1383=CARTESIAN_POINT('Origin',(8.48000016212465,-39.3380727951098,1.38816309394562));
#1384=CARTESIAN_POINT('',(8.48000016212465,-56.938984568601,0.072714599408652));
#1385=CARTESIAN_POINT('',(8.48000016212465,-50.2294727223626,15.2770042127949));
#1386=CARTESIAN_POINT('Origin',(8.48000016212466,-103.325,29.6250000000001));
#1387=CARTESIAN_POINT('',(8.48000016212465,-54.5415599126502,-7.57712995574235));
#1388=CARTESIAN_POINT('Origin',(8.48000016212465,-39.3380727951098,1.38816309394562));
#1389=CARTESIAN_POINT('',(8.48000016212466,-51.2510683692181,-2.81152485258929));
#1390=CARTESIAN_POINT('Origin',(8.48000016212466,-103.325,29.6250000000001));
#1391=CARTESIAN_POINT('',(8.48000016212466,-50.346406838357,0.535091939355444));
#1392=CARTESIAN_POINT('Origin',(8.48000016212466,-56.3438734186831,0.3607514166126));
#1393=CARTESIAN_POINT('',(8.48000016212466,-46.9482239584128,10.867341586583));
#1394=CARTESIAN_POINT('Origin',(8.48000016212466,-34.3531626241538,1.00000000000303));
#1395=CARTESIAN_POINT('',(8.48000016212466,-45.8360837858825,13.1713812524955));
#1396=CARTESIAN_POINT('Origin',(8.48000016212466,-51.6713719587601,14.5675946815505));
#1397=CARTESIAN_POINT('',(8.48000016212465,-44.6263499570715,18.2273027589723));
#1398=CARTESIAN_POINT('',(8.48000016212465,-45.3524109227941,15.1928276007319));
#1399=CARTESIAN_POINT('Origin',(8.48000016212465,-39.3380727951098,1.38816309394562));
#1400=CARTESIAN_POINT('Origin',(41.9800001621247,-39.3380727951098,1.38816309394562));
#1401=CARTESIAN_POINT('',(41.9800001621247,-50.2294727223626,15.2770042127949));
#1402=CARTESIAN_POINT('',(41.9800001621247,-50.2294727223626,15.2770042127949));
#1403=CARTESIAN_POINT('',(41.9800001621247,-44.6263499570715,18.2273027589723));
#1404=CARTESIAN_POINT('',(41.9800001621247,-44.6263499570715,18.2273027589723));
#1405=CARTESIAN_POINT('Origin',(41.9800001621247,-39.3380727951098,1.38816309394562));
#1406=CARTESIAN_POINT('Origin',(41.9800001621247,-39.3380727951098,1.38816309394562));
#1407=CARTESIAN_POINT('',(41.9800001621247,-56.938984568601,0.072714599408652));
#1408=CARTESIAN_POINT('',(41.9800001621247,-56.938984568601,0.072714599408652));
#1409=CARTESIAN_POINT('',(41.9800001621247,-54.5415599126502,-7.57712995574235));
#1410=CARTESIAN_POINT('Origin',(41.9800001621247,-39.3380727951098,1.38816309394562));
#1411=CARTESIAN_POINT('',(41.9800001621247,-54.5415599126502,-7.57712995574235));
#1412=CARTESIAN_POINT('Origin',(41.9800001621247,-39.3380727951098,1.38816309394562));
#1413=CARTESIAN_POINT('Origin',(41.9800001621247,-103.325,29.6250000000001));
#1414=CARTESIAN_POINT('',(41.9800001621247,-45.8360837858825,13.1713812524955));
#1415=CARTESIAN_POINT('',(41.9800001621247,-45.3524109227941,15.1928276007319));
#1416=CARTESIAN_POINT('',(41.9800001621247,-46.9482239584128,10.867341586583));
#1417=CARTESIAN_POINT('Origin',(41.9800001621247,-51.6713719587601,14.5675946815505));
#1418=CARTESIAN_POINT('',(41.9800001621247,-50.346406838357,0.535091939355444));
#1419=CARTESIAN_POINT('Origin',(41.9800001621247,-34.3531626241538,1.00000000000303));
#1420=CARTESIAN_POINT('',(41.9800001621247,-51.2510683692181,-2.81152485258929));
#1421=CARTESIAN_POINT('Origin',(41.9800001621247,-56.3438734186831,0.3607514166126));
#1422=CARTESIAN_POINT('Origin',(41.9800001621247,-103.325,29.6250000000001));
#1423=CARTESIAN_POINT('Origin',(41.9374999999999,-42.5538990614782,26.8888354073949));
#1424=CARTESIAN_POINT('',(-62.7347000000001,-45.8360837858825,13.1713812524955));
#1425=CARTESIAN_POINT('',(57.7374999999999,-45.8360837858825,13.1713812524955));
#1426=CARTESIAN_POINT('',(-62.7347000000001,-43.0231817416745,24.9275309130388));
#1427=CARTESIAN_POINT('',(-62.7347000000001,-47.2189613216611,7.39182867038777));
#1428=CARTESIAN_POINT('',(48.1108999999999,-43.0231817416745,24.9275309130388));
#1429=CARTESIAN_POINT('',(20.96875,-43.0231817416745,24.9275309130388));
#1430=CARTESIAN_POINT('',(48.1108999999999,-43.3473012046547,23.5729167619567));
#1431=CARTESIAN_POINT('',(48.1108999999999,-45.4127452317127,14.9406683878734));
#1432=CARTESIAN_POINT('',(44.9375000000001,-43.3473012046547,23.5729167619567));
#1433=CARTESIAN_POINT('',(43.4375,-43.3473012046547,23.5729167619567));
#1434=CARTESIAN_POINT('',(44.9375000000001,-44.5131542512975,18.7003891434583));
#1435=CARTESIAN_POINT('',(44.9375000000001,-43.3441624494352,23.5860347715882));
#1436=CARTESIAN_POINT('',(48.1108999999999,-44.5131542512975,18.7003891434583));
#1437=CARTESIAN_POINT('',(43.4375,-44.5131542512975,18.7003891434583));
#1438=CARTESIAN_POINT('',(48.1108999999999,-45.8360837858825,13.1713812524955));
#1439=CARTESIAN_POINT('',(48.1108999999999,-45.4127452317127,14.9406683878734));
#1440=CARTESIAN_POINT('',(57.7374999999999,-45.8360837858825,13.1713812524955));
#1441=CARTESIAN_POINT('Origin',(57.7374999999999,-51.6713719587601,14.5675946815505));
#1442=CARTESIAN_POINT('',(-62.7347000000001,-46.9482239584128,10.867341586583));
#1443=CARTESIAN_POINT('',(57.7374999999999,-46.9482239584128,10.867341586583));
#1444=CARTESIAN_POINT('Origin',(-62.7347000000001,-51.6713719587601,14.5675946815505));
#1445=CARTESIAN_POINT('Origin',(57.7374999999999,-51.6713719587601,14.5675946815505));
#1446=CARTESIAN_POINT('',(48.1108999999999,-46.9482239584128,10.867341586583));
#1447=CARTESIAN_POINT('Origin',(48.1108999999999,-51.6713719587601,14.5675946815505));
#1448=CARTESIAN_POINT('',(57.7374999999999,-46.9482239584128,10.867341586583));
#1449=CARTESIAN_POINT('Origin',(57.7374999999999,-34.3531626241538,1.00000000000303));
#1450=CARTESIAN_POINT('',(-62.7347000000001,-50.346406838357,0.535091939355444));
#1451=CARTESIAN_POINT('',(57.7374999999999,-50.346406838357,0.535091939355444));
#1452=CARTESIAN_POINT('Origin',(-62.7347000000001,-34.3531626241538,1.00000000000303));
#1453=CARTESIAN_POINT('Origin',(57.7374999999999,-56.3438734186831,0.3607514166126));
#1454=CARTESIAN_POINT('',(-62.7347000000001,-51.2510683692181,-2.81152485258929));
#1455=CARTESIAN_POINT('',(57.7374999999999,-51.2510683692181,-2.81152485258929));
#1456=CARTESIAN_POINT('Origin',(-62.7347000000001,-56.3438734186831,0.3607514166126));
#1457=CARTESIAN_POINT('Origin',(57.7374999999999,-56.3438734186831,0.3607514166126));
#1458=CARTESIAN_POINT('',(48.1108999999999,-50.346406838357,0.535091939355444));
#1459=CARTESIAN_POINT('',(57.7374999999999,-50.346406838357,0.535091939355444));
#1460=CARTESIAN_POINT('',(48.1108999999999,-51.2510683692181,-2.81152485258929));
#1461=CARTESIAN_POINT('Origin',(48.1108999999999,-56.3438734186831,0.3607514166126));
#1462=CARTESIAN_POINT('',(57.7374999999999,-51.2510683692181,-2.81152485258929));
#1463=CARTESIAN_POINT('Origin',(-21.1676,-66.173184912364,-10.));
#1464=CARTESIAN_POINT('',(-22.6101005530968,-65.1823811203265,-10.));
#1465=CARTESIAN_POINT('',(-19.7250994469032,-65.1823811203265,-10.));
#1466=CARTESIAN_POINT('',(57.7374999999999,-65.1823811203268,-10.));
#1467=CARTESIAN_POINT('Origin',(-21.1676,-66.173184912364,-10.));
#1468=CARTESIAN_POINT('Origin',(-21.1676,-66.173184912364,-18.));
#1469=CARTESIAN_POINT('',(-22.9176,-66.173184912364,-16.));
#1470=CARTESIAN_POINT('Origin',(-21.1676,-66.173184912364,-16.));
#1471=CARTESIAN_POINT('',(-22.9176,-66.173184912364,-10.9304267107879));
#1472=CARTESIAN_POINT('',(-22.9176,-66.173184912364,-18.));
#1473=CARTESIAN_POINT('Ctrl Pts',(-19.7250994469032,-65.1823811203267,-9.99999999999974));
#1474=CARTESIAN_POINT('Ctrl Pts',(-19.6616833168302,-65.2747079800347,-10.088872888888));
#1475=CARTESIAN_POINT('Ctrl Pts',(-19.6077303015803,-65.3723457859854,-10.1822260321861));
#1476=CARTESIAN_POINT('Ctrl Pts',(-19.4640328702376,-65.7014332766564,-10.4944025412084));
#1477=CARTESIAN_POINT('Ctrl Pts',(-19.4176,-65.9456113662398,-10.721952260137));
#1478=CARTESIAN_POINT('Ctrl Pts',(-19.4176,-66.3936255958619,-11.1323669238575));
#1479=CARTESIAN_POINT('Ctrl Pts',(-19.4613148753107,-66.6341325947074,-11.3490503760052));
#1480=CARTESIAN_POINT('Ctrl Pts',(-19.6563203902386,-67.0896540803672,-11.7524366177791));
#1481=CARTESIAN_POINT('Ctrl Pts',(-19.8075808452895,-67.3046154125526,-11.9392140180477));
#1482=CARTESIAN_POINT('Ctrl Pts',(-20.1410085184903,-67.6028469561,-12.1955102371762));
#1483=CARTESIAN_POINT('Ctrl Pts',(-20.3205298938396,-67.7199175064078,-12.2950326728475));
#1484=CARTESIAN_POINT('Ctrl Pts',(-20.7253823476113,-67.8803326289118,-12.4307557674303));
#1485=CARTESIAN_POINT('Ctrl Pts',(-20.9509930997288,-67.923184912364,-12.4667033214482));
#1486=CARTESIAN_POINT('Ctrl Pts',(-21.4033385983665,-67.923184912364,-12.4667033214482));
#1487=CARTESIAN_POINT('Ctrl Pts',(-21.646253541157,-67.872628076043,-12.4243053104856));
#1488=CARTESIAN_POINT('Ctrl Pts',(-22.0757893879405,-67.6872548869828,-12.2673128515993));
#1489=CARTESIAN_POINT('Ctrl Pts',(-22.2627091505701,-67.5529494959468,-12.1529333888517));
#1490=CARTESIAN_POINT('Ctrl Pts',(-22.5741136118806,-67.2415450346363,-11.8844460940284));
#1491=CARTESIAN_POINT('Ctrl Pts',(-22.7075303075309,-67.0362703906184,-11.7055104934882));
#1492=CARTESIAN_POINT('Ctrl Pts',(-22.8792014035888,-66.6052988517989,-11.3230957071228));
#1493=CARTESIAN_POINT('Ctrl Pts',(-22.9176,-66.3796807866455,-11.1195924318732));
#1494=CARTESIAN_POINT('Ctrl Pts',(-22.9176,-66.173184912364,-10.9304267107879));
#1495=CARTESIAN_POINT('Ctrl Pts',(-22.9176,-66.173184912364,-10.9304267107879));
#1496=CARTESIAN_POINT('Ctrl Pts',(-22.9176,-65.961942865946,-10.7369131397627));
#1497=CARTESIAN_POINT('Ctrl Pts',(-22.8775064782376,-65.7346076918893,-10.5253411779821));
#1498=CARTESIAN_POINT('Ctrl Pts',(-22.7437873918974,-65.4023745233989,-10.2109210249862));
#1499=CARTESIAN_POINT('Ctrl Pts',(-22.6830292154195,-65.2885571731261,-10.1022039802161));
#1500=CARTESIAN_POINT('Ctrl Pts',(-22.6101005530968,-65.1823811203268,-9.99999999999975));
#1501=CARTESIAN_POINT('Origin',(34.2551999999999,-66.173184912364,-10.));
#1502=CARTESIAN_POINT('',(32.8126994469032,-65.1823811203265,-10.));
#1503=CARTESIAN_POINT('',(35.6977005530967,-65.1823811203265,-10.));
#1504=CARTESIAN_POINT('',(57.7374999999999,-65.1823811203268,-10.));
#1505=CARTESIAN_POINT('Origin',(34.2551999999999,-66.173184912364,-10.));
#1506=CARTESIAN_POINT('Origin',(34.2551999999999,-66.173184912364,-18.));
#1507=CARTESIAN_POINT('',(32.5052000000001,-66.173184912364,-16.));
#1508=CARTESIAN_POINT('Origin',(34.2551999999999,-66.173184912364,-16.));
#1509=CARTESIAN_POINT('',(32.5051999999999,-66.173184912364,-10.9304267107879));
#1510=CARTESIAN_POINT('',(32.5051999999999,-66.173184912364,-18.));
#1511=CARTESIAN_POINT('Ctrl Pts',(35.6977005530968,-65.1823811203267,-9.99999999999974));
#1512=CARTESIAN_POINT('Ctrl Pts',(35.7611166831698,-65.2747079800347,-10.088872888888));
#1513=CARTESIAN_POINT('Ctrl Pts',(35.8150696984197,-65.3723457859854,-10.1822260321861));
#1514=CARTESIAN_POINT('Ctrl Pts',(35.9587671297623,-65.7014332766564,-10.4944025412084));
#1515=CARTESIAN_POINT('Ctrl Pts',(36.0051999999999,-65.9456113662398,-10.721952260137));
#1516=CARTESIAN_POINT('Ctrl Pts',(36.0051999999999,-66.3936255958619,-11.1323669238575));
#1517=CARTESIAN_POINT('Ctrl Pts',(35.9614851246893,-66.6341325947074,-11.3490503760052));
#1518=CARTESIAN_POINT('Ctrl Pts',(35.7664796097614,-67.0896540803672,-11.7524366177791));
#1519=CARTESIAN_POINT('Ctrl Pts',(35.6152191547104,-67.3046154125526,-11.9392140180477));
#1520=CARTESIAN_POINT('Ctrl Pts',(35.2817914815096,-67.6028469561,-12.1955102371762));
#1521=CARTESIAN_POINT('Ctrl Pts',(35.1022701061603,-67.7199175064078,-12.2950326728475));
#1522=CARTESIAN_POINT('Ctrl Pts',(34.6974176523886,-67.8803326289118,-12.4307557674303));
#1523=CARTESIAN_POINT('Ctrl Pts',(34.4718069002711,-67.923184912364,-12.4667033214482));
#1524=CARTESIAN_POINT('Ctrl Pts',(34.0385930997288,-67.923184912364,-12.4667033214482));
#1525=CARTESIAN_POINT('Ctrl Pts',(33.8129823476113,-67.8803326289118,-12.4307557674303));
#1526=CARTESIAN_POINT('Ctrl Pts',(33.4081298938395,-67.7199175064078,-12.2950326728475));
#1527=CARTESIAN_POINT('Ctrl Pts',(33.2286085184903,-67.6028469561,-12.1955102371762));
#1528=CARTESIAN_POINT('Ctrl Pts',(32.8951808452895,-67.3046154125526,-11.9392140180477));
#1529=CARTESIAN_POINT('Ctrl Pts',(32.7439203902385,-67.0896540803672,-11.7524366177791));
#1530=CARTESIAN_POINT('Ctrl Pts',(32.5489148753106,-66.6341325947074,-11.3490503760052));
#1531=CARTESIAN_POINT('Ctrl Pts',(32.5051999999999,-66.3936255958619,-11.1323669238575));
#1532=CARTESIAN_POINT('Ctrl Pts',(32.5051999999999,-66.173184912364,-10.9304267107879));
#1533=CARTESIAN_POINT('Ctrl Pts',(32.5051999999999,-66.173184912364,-10.9304267107879));
#1534=CARTESIAN_POINT('Ctrl Pts',(32.5051999999999,-65.9456113662398,-10.721952260137));
#1535=CARTESIAN_POINT('Ctrl Pts',(32.5516328702375,-65.7014332766564,-10.4944025412084));
#1536=CARTESIAN_POINT('Ctrl Pts',(32.6953303015802,-65.3723457859854,-10.1822260321861));
#1537=CARTESIAN_POINT('Ctrl Pts',(32.7492833168301,-65.2747079800347,-10.088872888888));
#1538=CARTESIAN_POINT('Ctrl Pts',(32.8126994469031,-65.1823811203267,-9.99999999999974));
#1539=CARTESIAN_POINT('Origin',(-7.31189999999999,-66.173184912364,-10.));
#1540=CARTESIAN_POINT('',(-8.75440055309677,-65.1823811203265,-10.));
#1541=CARTESIAN_POINT('',(-5.86939944690323,-65.1823811203265,-10.));
#1542=CARTESIAN_POINT('',(57.7374999999999,-65.1823811203268,-10.));
#1543=CARTESIAN_POINT('Origin',(-7.31189999999999,-66.173184912364,-10.));
#1544=CARTESIAN_POINT('Origin',(-7.31189999999999,-66.173184912364,-18.));
#1545=CARTESIAN_POINT('',(-9.0619,-66.173184912364,-16.));
#1546=CARTESIAN_POINT('Origin',(-7.31189999999999,-66.173184912364,-16.));
#1547=CARTESIAN_POINT('',(-9.06189999999999,-66.173184912364,-10.9304267107879));
#1548=CARTESIAN_POINT('',(-9.06189999999999,-66.173184912364,-18.));
#1549=CARTESIAN_POINT('Ctrl Pts',(-5.86939944690315,-65.1823811203267,-9.99999999999975));
#1550=CARTESIAN_POINT('Ctrl Pts',(-5.80598331683015,-65.2747079800347,-10.0888728888881));
#1551=CARTESIAN_POINT('Ctrl Pts',(-5.75203030158027,-65.3723457859854,-10.1822260321861));
#1552=CARTESIAN_POINT('Ctrl Pts',(-5.6083328702376,-65.7014332766564,-10.4944025412084));
#1553=CARTESIAN_POINT('Ctrl Pts',(-5.56189999999997,-65.9456113662398,-10.721952260137));
#1554=CARTESIAN_POINT('Ctrl Pts',(-5.56189999999997,-66.3936255958619,-11.1323669238575));
#1555=CARTESIAN_POINT('Ctrl Pts',(-5.60561487531066,-66.6341325947074,-11.3490503760052));
#1556=CARTESIAN_POINT('Ctrl Pts',(-5.80062039023856,-67.0896540803672,-11.7524366177791));
#1557=CARTESIAN_POINT('Ctrl Pts',(-5.95188084528951,-67.3046154125526,-11.9392140180476));
#1558=CARTESIAN_POINT('Ctrl Pts',(-6.28530851849032,-67.6028469561,-12.1955102371762));
#1559=CARTESIAN_POINT('Ctrl Pts',(-6.46482989383958,-67.7199175064078,-12.2950326728475));
#1560=CARTESIAN_POINT('Ctrl Pts',(-6.86968234761131,-67.8803326289118,-12.4307557674303));
#1561=CARTESIAN_POINT('Ctrl Pts',(-7.09529309972883,-67.923184912364,-12.4667033214482));
#1562=CARTESIAN_POINT('Ctrl Pts',(-7.54763859836652,-67.923184912364,-12.4667033214482));
#1563=CARTESIAN_POINT('Ctrl Pts',(-7.79055354115701,-67.872628076043,-12.4243053104856));
#1564=CARTESIAN_POINT('Ctrl Pts',(-8.22008938794044,-67.6872548869828,-12.2673128515993));
#1565=CARTESIAN_POINT('Ctrl Pts',(-8.40700915057007,-67.5529494959468,-12.1529333888517));
#1566=CARTESIAN_POINT('Ctrl Pts',(-8.71841361188058,-67.2415450346363,-11.8844460940284));
#1567=CARTESIAN_POINT('Ctrl Pts',(-8.85183030753089,-67.0362703906184,-11.7055104934882));
#1568=CARTESIAN_POINT('Ctrl Pts',(-9.02350140358879,-66.6052988517989,-11.3230957071228));
#1569=CARTESIAN_POINT('Ctrl Pts',(-9.06189999999999,-66.3796807866455,-11.1195924318732));
#1570=CARTESIAN_POINT('Ctrl Pts',(-9.06189999999999,-66.173184912364,-10.9304267107879));
#1571=CARTESIAN_POINT('Ctrl Pts',(-9.06189999999999,-66.173184912364,-10.9304267107879));
#1572=CARTESIAN_POINT('Ctrl Pts',(-9.06189999999999,-65.961942865946,-10.7369131397627));
#1573=CARTESIAN_POINT('Ctrl Pts',(-9.02180647823761,-65.7346076918893,-10.5253411779821));
#1574=CARTESIAN_POINT('Ctrl Pts',(-8.88808739189741,-65.4023745233989,-10.2109210249862));
#1575=CARTESIAN_POINT('Ctrl Pts',(-8.82732921541952,-65.2885571731261,-10.1022039802161));
#1576=CARTESIAN_POINT('Ctrl Pts',(-8.75440055309683,-65.1823811203267,-9.99999999999975));
#1577=CARTESIAN_POINT('Origin',(-35.0233000000001,-66.173184912364,-10.));
#1578=CARTESIAN_POINT('',(-36.4658005530968,-65.1823811203265,-10.));
#1579=CARTESIAN_POINT('',(-33.5807994469033,-65.1823811203265,-10.));
#1580=CARTESIAN_POINT('',(57.7374999999999,-65.1823811203268,-10.));
#1581=CARTESIAN_POINT('Origin',(-35.0233000000001,-66.173184912364,-10.));
#1582=CARTESIAN_POINT('Origin',(-35.0233000000001,-66.173184912364,-18.));
#1583=CARTESIAN_POINT('',(-36.7732999999999,-66.173184912364,-16.));
#1584=CARTESIAN_POINT('Origin',(-35.0233000000001,-66.173184912364,-16.));
#1585=CARTESIAN_POINT('',(-36.7733000000001,-66.173184912364,-10.9304267107879));
#1586=CARTESIAN_POINT('',(-36.7733000000001,-66.173184912364,-18.));
#1587=CARTESIAN_POINT('Ctrl Pts',(-33.5807994469032,-65.1823811203267,-9.99999999999975));
#1588=CARTESIAN_POINT('Ctrl Pts',(-33.5078707845805,-65.2885571731261,-10.1022039802161));
#1589=CARTESIAN_POINT('Ctrl Pts',(-33.4471126081026,-65.4023745233989,-10.2109210249862));
#1590=CARTESIAN_POINT('Ctrl Pts',(-33.3133935217624,-65.7346076918893,-10.5253411779821));
#1591=CARTESIAN_POINT('Ctrl Pts',(-33.2733000000001,-65.961942865946,-10.7369131397627));
#1592=CARTESIAN_POINT('Ctrl Pts',(-33.2733000000001,-66.3796807866455,-11.1195924318732));
#1593=CARTESIAN_POINT('Ctrl Pts',(-33.3116985964113,-66.6052988517989,-11.3230957071228));
#1594=CARTESIAN_POINT('Ctrl Pts',(-33.4833696924692,-67.0362703906184,-11.7055104934882));
#1595=CARTESIAN_POINT('Ctrl Pts',(-33.6167863881195,-67.2415450346363,-11.8844460940284));
#1596=CARTESIAN_POINT('Ctrl Pts',(-33.92819084943,-67.5529494959468,-12.1529333888517));
#1597=CARTESIAN_POINT('Ctrl Pts',(-34.1151106120596,-67.6872548869828,-12.2673128515993));
#1598=CARTESIAN_POINT('Ctrl Pts',(-34.544646458843,-67.872628076043,-12.4243053104856));
#1599=CARTESIAN_POINT('Ctrl Pts',(-34.7875614016335,-67.923184912364,-12.4667033214482));
#1600=CARTESIAN_POINT('Ctrl Pts',(-35.2399069002712,-67.923184912364,-12.4667033214482));
#1601=CARTESIAN_POINT('Ctrl Pts',(-35.4655176523887,-67.8803326289118,-12.4307557674303));
#1602=CARTESIAN_POINT('Ctrl Pts',(-35.8703701061605,-67.7199175064078,-12.2950326728475));
#1603=CARTESIAN_POINT('Ctrl Pts',(-36.0498914815097,-67.6028469561,-12.1955102371762));
#1604=CARTESIAN_POINT('Ctrl Pts',(-36.3833191547105,-67.3046154125526,-11.9392140180477));
#1605=CARTESIAN_POINT('Ctrl Pts',(-36.5345796097615,-67.0896540803672,-11.7524366177791));
#1606=CARTESIAN_POINT('Ctrl Pts',(-36.7295851246894,-66.6341325947074,-11.3490503760052));
#1607=CARTESIAN_POINT('Ctrl Pts',(-36.7733000000001,-66.3936255958619,-11.1323669238575));
#1608=CARTESIAN_POINT('Ctrl Pts',(-36.7733000000001,-66.173184912364,-10.9304267107879));
#1609=CARTESIAN_POINT('Ctrl Pts',(-36.7733000000001,-66.173184912364,-10.9304267107879));
#1610=CARTESIAN_POINT('Ctrl Pts',(-36.7733000000001,-65.9456113662398,-10.721952260137));
#1611=CARTESIAN_POINT('Ctrl Pts',(-36.7268671297625,-65.7014332766564,-10.4944025412084));
#1612=CARTESIAN_POINT('Ctrl Pts',(-36.5831696984198,-65.3723457859854,-10.1822260321861));
#1613=CARTESIAN_POINT('Ctrl Pts',(-36.5292166831699,-65.2747079800347,-10.088872888888));
#1614=CARTESIAN_POINT('Ctrl Pts',(-36.4658005530969,-65.1823811203267,-9.99999999999974));
#1615=CARTESIAN_POINT('Origin',(20.3995,-66.173184912364,-10.));
#1616=CARTESIAN_POINT('',(18.9569994469033,-65.1823811203265,-10.));
#1617=CARTESIAN_POINT('',(21.8420005530968,-65.1823811203265,-10.));
#1618=CARTESIAN_POINT('',(57.7374999999999,-65.1823811203268,-10.));
#1619=CARTESIAN_POINT('Origin',(20.3995,-66.173184912364,-10.));
#1620=CARTESIAN_POINT('Origin',(20.3995,-66.173184912364,-18.));
#1621=CARTESIAN_POINT('',(18.6495,-66.173184912364,-16.));
#1622=CARTESIAN_POINT('Origin',(20.3995,-66.173184912364,-16.));
#1623=CARTESIAN_POINT('',(18.6495,-66.173184912364,-10.9304267107879));
#1624=CARTESIAN_POINT('',(18.6495,-66.173184912364,-18.));
#1625=CARTESIAN_POINT('Ctrl Pts',(21.8420005530968,-65.1823811203267,-9.99999999999974));
#1626=CARTESIAN_POINT('Ctrl Pts',(21.9054166831698,-65.2747079800347,-10.088872888888));
#1627=CARTESIAN_POINT('Ctrl Pts',(21.9593696984197,-65.3723457859854,-10.1822260321861));
#1628=CARTESIAN_POINT('Ctrl Pts',(22.1030671297624,-65.7014332766564,-10.4944025412083));
#1629=CARTESIAN_POINT('Ctrl Pts',(22.1495,-65.9456113662398,-10.721952260137));
#1630=CARTESIAN_POINT('Ctrl Pts',(22.1495,-66.3936255958619,-11.1323669238575));
#1631=CARTESIAN_POINT('Ctrl Pts',(22.1057851246893,-66.6341325947074,-11.3490503760052));
#1632=CARTESIAN_POINT('Ctrl Pts',(21.9107796097614,-67.0896540803672,-11.7524366177791));
#1633=CARTESIAN_POINT('Ctrl Pts',(21.7595191547105,-67.3046154125526,-11.9392140180477));
#1634=CARTESIAN_POINT('Ctrl Pts',(21.4260914815097,-67.6028469561,-12.1955102371762));
#1635=CARTESIAN_POINT('Ctrl Pts',(21.2465701061604,-67.7199175064078,-12.2950326728475));
#1636=CARTESIAN_POINT('Ctrl Pts',(20.8417176523887,-67.8803326289118,-12.4307557674303));
#1637=CARTESIAN_POINT('Ctrl Pts',(20.6161069002712,-67.923184912364,-12.4667033214482));
#1638=CARTESIAN_POINT('Ctrl Pts',(20.1637614016335,-67.923184912364,-12.4667033214482));
#1639=CARTESIAN_POINT('Ctrl Pts',(19.920846458843,-67.872628076043,-12.4243053104856));
#1640=CARTESIAN_POINT('Ctrl Pts',(19.4913106120596,-67.6872548869828,-12.2673128515993));
#1641=CARTESIAN_POINT('Ctrl Pts',(19.3043908494299,-67.5529494959468,-12.1529333888517));
#1642=CARTESIAN_POINT('Ctrl Pts',(18.9929863881194,-67.2415450346363,-11.8844460940284));
#1643=CARTESIAN_POINT('Ctrl Pts',(18.8595696924691,-67.0362703906184,-11.7055104934882));
#1644=CARTESIAN_POINT('Ctrl Pts',(18.6878985964112,-66.6052988517989,-11.3230957071228));
#1645=CARTESIAN_POINT('Ctrl Pts',(18.6495,-66.3796807866455,-11.1195924318732));
#1646=CARTESIAN_POINT('Ctrl Pts',(18.6495,-66.173184912364,-10.9304267107879));
#1647=CARTESIAN_POINT('Ctrl Pts',(18.6495,-66.173184912364,-10.9304267107879));
#1648=CARTESIAN_POINT('Ctrl Pts',(18.6495,-65.9619428659461,-10.7369131397627));
#1649=CARTESIAN_POINT('Ctrl Pts',(18.6895935217624,-65.7346076918893,-10.5253411779821));
#1650=CARTESIAN_POINT('Ctrl Pts',(18.8233126081026,-65.4023745233989,-10.2109210249862));
#1651=CARTESIAN_POINT('Ctrl Pts',(18.8840707845805,-65.288557173126,-10.1022039802161));
#1652=CARTESIAN_POINT('Ctrl Pts',(18.9569994469032,-65.1823811203267,-9.99999999999974));
#1653=CARTESIAN_POINT('Origin',(6.54380000000001,-66.173184912364,-10.));
#1654=CARTESIAN_POINT('',(5.10129944690323,-65.1823811203265,-10.));
#1655=CARTESIAN_POINT('',(7.98630055309679,-65.1823811203265,-10.));
#1656=CARTESIAN_POINT('',(57.7374999999999,-65.1823811203268,-10.));
#1657=CARTESIAN_POINT('Origin',(6.54380000000001,-66.173184912364,-10.));
#1658=CARTESIAN_POINT('Origin',(6.54380000000001,-66.173184912364,-18.));
#1659=CARTESIAN_POINT('',(4.7938,-66.173184912364,-16.));
#1660=CARTESIAN_POINT('Origin',(6.54380000000001,-66.173184912364,-16.));
#1661=CARTESIAN_POINT('',(4.79380000000001,-66.173184912364,-10.9304267107879));
#1662=CARTESIAN_POINT('',(4.79380000000001,-66.173184912364,-18.));
#1663=CARTESIAN_POINT('Ctrl Pts',(7.98630055309685,-65.1823811203267,-9.99999999999975));
#1664=CARTESIAN_POINT('Ctrl Pts',(8.04971668316985,-65.2747079800347,-10.088872888888));
#1665=CARTESIAN_POINT('Ctrl Pts',(8.10366969841974,-65.3723457859854,-10.1822260321861));
#1666=CARTESIAN_POINT('Ctrl Pts',(8.2473671297624,-65.7014332766564,-10.4944025412084));
#1667=CARTESIAN_POINT('Ctrl Pts',(8.29380000000001,-65.9456113662398,-10.721952260137));
#1668=CARTESIAN_POINT('Ctrl Pts',(8.29380000000001,-66.3936255958619,-11.1323669238575));
#1669=CARTESIAN_POINT('Ctrl Pts',(8.25008512468933,-66.6341325947074,-11.3490503760052));
#1670=CARTESIAN_POINT('Ctrl Pts',(8.05507960976143,-67.0896540803672,-11.7524366177791));
#1671=CARTESIAN_POINT('Ctrl Pts',(7.90381915471049,-67.3046154125526,-11.9392140180477));
#1672=CARTESIAN_POINT('Ctrl Pts',(7.57039148150968,-67.6028469561,-12.1955102371762));
#1673=CARTESIAN_POINT('Ctrl Pts',(7.39087010616041,-67.7199175064078,-12.2950326728475));
#1674=CARTESIAN_POINT('Ctrl Pts',(6.98601765238869,-67.8803326289118,-12.4307557674303));
#1675=CARTESIAN_POINT('Ctrl Pts',(6.76040690027117,-67.923184912364,-12.4667033214482));
#1676=CARTESIAN_POINT('Ctrl Pts',(6.30806140163348,-67.923184912364,-12.4667033214482));
#1677=CARTESIAN_POINT('Ctrl Pts',(6.06514645884299,-67.872628076043,-12.4243053104856));
#1678=CARTESIAN_POINT('Ctrl Pts',(5.63561061205955,-67.6872548869828,-12.2673128515993));
#1679=CARTESIAN_POINT('Ctrl Pts',(5.44869084942993,-67.5529494959468,-12.1529333888517));
#1680=CARTESIAN_POINT('Ctrl Pts',(5.13728638811942,-67.2415450346363,-11.8844460940284));
#1681=CARTESIAN_POINT('Ctrl Pts',(5.00386969246911,-67.0362703906184,-11.7055104934882));
#1682=CARTESIAN_POINT('Ctrl Pts',(4.83219859641122,-66.6052988517989,-11.3230957071228));
#1683=CARTESIAN_POINT('Ctrl Pts',(4.79380000000001,-66.3796807866455,-11.1195924318732));
#1684=CARTESIAN_POINT('Ctrl Pts',(4.79380000000001,-66.173184912364,-10.9304267107879));
#1685=CARTESIAN_POINT('Ctrl Pts',(4.79380000000001,-66.173184912364,-10.9304267107879));
#1686=CARTESIAN_POINT('Ctrl Pts',(4.79380000000001,-65.961942865946,-10.7369131397627));
#1687=CARTESIAN_POINT('Ctrl Pts',(4.83389352176239,-65.7346076918893,-10.5253411779821));
#1688=CARTESIAN_POINT('Ctrl Pts',(4.96761260810259,-65.4023745233989,-10.2109210249862));
#1689=CARTESIAN_POINT('Ctrl Pts',(5.02837078458048,-65.2885571731261,-10.1022039802161));
#1690=CARTESIAN_POINT('Ctrl Pts',(5.10129944690317,-65.1823811203267,-9.99999999999975));
#1691=CARTESIAN_POINT('Origin',(-48.8790000000001,-66.173184912364,-10.));
#1692=CARTESIAN_POINT('',(-50.3215005530968,-65.1823811203265,-10.));
#1693=CARTESIAN_POINT('',(-47.4364994469033,-65.1823811203265,-10.));
#1694=CARTESIAN_POINT('',(57.7374999999999,-65.1823811203268,-10.));
#1695=CARTESIAN_POINT('Origin',(-48.8790000000001,-66.173184912364,-10.));
#1696=CARTESIAN_POINT('Origin',(-48.8790000000001,-66.173184912364,-18.));
#1697=CARTESIAN_POINT('',(-50.6289999999999,-66.173184912364,-16.));
#1698=CARTESIAN_POINT('Origin',(-48.8790000000001,-66.173184912364,-16.));
#1699=CARTESIAN_POINT('',(-50.6290000000001,-66.173184912364,-10.9304267107879));
#1700=CARTESIAN_POINT('',(-50.6290000000001,-66.173184912364,-18.));
#1701=CARTESIAN_POINT('Ctrl Pts',(-47.4364994469032,-65.1823811203267,-9.99999999999974));
#1702=CARTESIAN_POINT('Ctrl Pts',(-47.3730833168302,-65.2747079800347,-10.088872888888));
#1703=CARTESIAN_POINT('Ctrl Pts',(-47.3191303015803,-65.3723457859854,-10.1822260321862));
#1704=CARTESIAN_POINT('Ctrl Pts',(-47.1754328702377,-65.7014332766564,-10.4944025412084));
#1705=CARTESIAN_POINT('Ctrl Pts',(-47.1290000000001,-65.9456113662398,-10.721952260137));
#1706=CARTESIAN_POINT('Ctrl Pts',(-47.1290000000001,-66.3936255958619,-11.1323669238575));
#1707=CARTESIAN_POINT('Ctrl Pts',(-47.1727148753108,-66.6341325947074,-11.3490503760052));
#1708=CARTESIAN_POINT('Ctrl Pts',(-47.3677203902387,-67.0896540803672,-11.7524366177791));
#1709=CARTESIAN_POINT('Ctrl Pts',(-47.5189808452896,-67.3046154125526,-11.9392140180476));
#1710=CARTESIAN_POINT('Ctrl Pts',(-47.8524085184904,-67.6028469561,-12.1955102371762));
#1711=CARTESIAN_POINT('Ctrl Pts',(-48.0319298938397,-67.7199175064078,-12.2950326728475));
#1712=CARTESIAN_POINT('Ctrl Pts',(-48.4367823476114,-67.8803326289118,-12.4307557674303));
#1713=CARTESIAN_POINT('Ctrl Pts',(-48.6623930997289,-67.923184912364,-12.4667033214482));
#1714=CARTESIAN_POINT('Ctrl Pts',(-49.0956069002712,-67.923184912364,-12.4667033214482));
#1715=CARTESIAN_POINT('Ctrl Pts',(-49.3212176523887,-67.8803326289118,-12.4307557674303));
#1716=CARTESIAN_POINT('Ctrl Pts',(-49.7260701061605,-67.7199175064078,-12.2950326728475));
#1717=CARTESIAN_POINT('Ctrl Pts',(-49.9055914815097,-67.6028469561,-12.1955102371762));
#1718=CARTESIAN_POINT('Ctrl Pts',(-50.2390191547105,-67.3046154125526,-11.9392140180476));
#1719=CARTESIAN_POINT('Ctrl Pts',(-50.3902796097615,-67.0896540803672,-11.7524366177791));
#1720=CARTESIAN_POINT('Ctrl Pts',(-50.5852851246894,-66.6341325947074,-11.3490503760052));
#1721=CARTESIAN_POINT('Ctrl Pts',(-50.6290000000001,-66.3936255958619,-11.1323669238575));
#1722=CARTESIAN_POINT('Ctrl Pts',(-50.6290000000001,-66.173184912364,-10.9304267107879));
#1723=CARTESIAN_POINT('Ctrl Pts',(-50.6290000000001,-66.173184912364,-10.9304267107879));
#1724=CARTESIAN_POINT('Ctrl Pts',(-50.6290000000001,-65.9456113662398,-10.721952260137));
#1725=CARTESIAN_POINT('Ctrl Pts',(-50.5825671297624,-65.7014332766564,-10.4944025412084));
#1726=CARTESIAN_POINT('Ctrl Pts',(-50.4388696984198,-65.3723457859854,-10.1822260321861));
#1727=CARTESIAN_POINT('Ctrl Pts',(-50.3849166831699,-65.2747079800347,-10.088872888888));
#1728=CARTESIAN_POINT('Ctrl Pts',(-50.3215005530969,-65.1823811203267,-9.99999999999974));
#1729=CARTESIAN_POINT('Origin',(-35.0233000000001,-48.1950531495018,19.4055809554038));
#1730=CARTESIAN_POINT('',(-33.6518951445049,-49.2111014447956,19.7920969110317));
#1731=CARTESIAN_POINT('',(-36.3947048554952,-49.2111014447956,19.7920969110317));
#1732=CARTESIAN_POINT('',(57.7374999999999,-49.2111014447956,19.7920969110317));
#1733=CARTESIAN_POINT('',(-33.2733000000001,-48.1950531495017,19.4055809554038));
#1734=CARTESIAN_POINT('Origin',(-35.0233000000001,-48.1950531495018,19.4055809554038));
#1735=CARTESIAN_POINT('Origin',(-35.0233000000001,-48.1950531495018,19.4055809554038));
#1736=CARTESIAN_POINT('Origin',(-35.0233000000001,-44.9950724028395,27.817484617536));
#1737=CARTESIAN_POINT('',(-33.2733,-45.7061792354313,25.9481726926176));
#1738=CARTESIAN_POINT('Origin',(-35.0233000000001,-45.7061792354313,25.9481726926176));
#1739=CARTESIAN_POINT('',(-33.2733000000001,-44.9950724028395,27.817484617536));
#1740=CARTESIAN_POINT('Ctrl Pts',(-36.3947048554951,-49.2111014447956,19.7920969110317));
#1741=CARTESIAN_POINT('Ctrl Pts',(-36.349901824807,-49.1558013084762,20.0964328675446));
#1742=CARTESIAN_POINT('Ctrl Pts',(-36.2981397108248,-49.1037666360754,20.3974074327587));
#1743=CARTESIAN_POINT('Ctrl Pts',(-36.1339124857169,-48.975057328727,21.1795601139459));
#1744=CARTESIAN_POINT('Ctrl Pts',(-36.0120222053587,-48.9034764380147,21.6557819452949));
#1745=CARTESIAN_POINT('Ctrl Pts',(-35.7014174454688,-48.8089695452649,22.3410047949767));
#1746=CARTESIAN_POINT('Ctrl Pts',(-35.5537932332009,-48.7743514174699,22.6069548455379));
#1747=CARTESIAN_POINT('Ctrl Pts',(-35.3115195636636,-48.7495414787069,22.8043914337712));
#1748=CARTESIAN_POINT('Ctrl Pts',(-35.2581192367079,-48.7451618316663,22.8395840290679));
#1749=CARTESIAN_POINT('Ctrl Pts',(-35.1433067065695,-48.7391178540617,22.8883780969242));
#1750=CARTESIAN_POINT('Ctrl Pts',(-35.0817021986415,-48.7375016556788,22.9015318094956));
#1751=CARTESIAN_POINT('Ctrl Pts',(-34.9648978013586,-48.7375016556788,22.9015318094956));
#1752=CARTESIAN_POINT('Ctrl Pts',(-34.9032932934307,-48.7391178540617,22.8883780969242));
#1753=CARTESIAN_POINT('Ctrl Pts',(-34.7884807632922,-48.7451618316663,22.8395840290679));
#1754=CARTESIAN_POINT('Ctrl Pts',(-34.7350804363365,-48.7495414787069,22.8043914337712));
#1755=CARTESIAN_POINT('Ctrl Pts',(-34.4928067667992,-48.7743514174699,22.6069548455379));
#1756=CARTESIAN_POINT('Ctrl Pts',(-34.3451825545314,-48.8089695452649,22.3410047949767));
#1757=CARTESIAN_POINT('Ctrl Pts',(-34.0345777946414,-48.9034764380147,21.6557819452949));
#1758=CARTESIAN_POINT('Ctrl Pts',(-33.9126875142832,-48.975057328727,21.1795601139459));
#1759=CARTESIAN_POINT('Ctrl Pts',(-33.7484602891753,-49.1037666360754,20.3974074327587));
#1760=CARTESIAN_POINT('Ctrl Pts',(-33.6966981751932,-49.1558013084762,20.0964328675446));
#1761=CARTESIAN_POINT('Ctrl Pts',(-33.651895144505,-49.2111014447956,19.7920969110317));
#1762=CARTESIAN_POINT('Origin',(35.0233000000001,-48.1950531495018,19.4055809554038));
#1763=CARTESIAN_POINT('',(36.3947048554952,-49.2111014447956,19.7920969110317));
#1764=CARTESIAN_POINT('',(33.6518951445049,-49.2111014447956,19.7920969110317));
#1765=CARTESIAN_POINT('',(57.7374999999999,-49.2111014447956,19.7920969110317));
#1766=CARTESIAN_POINT('',(36.7733000000001,-48.1950531495017,19.4055809554038));
#1767=CARTESIAN_POINT('Origin',(35.0233000000001,-48.1950531495018,19.4055809554038));
#1768=CARTESIAN_POINT('Origin',(35.0233000000001,-48.1950531495018,19.4055809554038));
#1769=CARTESIAN_POINT('Origin',(35.0233000000001,-44.9950724028395,27.817484617536));
#1770=CARTESIAN_POINT('',(36.7732999999999,-45.7061792354313,25.9481726926176));
#1771=CARTESIAN_POINT('Origin',(35.0233000000001,-45.7061792354313,25.9481726926176));
#1772=CARTESIAN_POINT('',(36.7733000000001,-44.9950724028395,27.817484617536));
#1773=CARTESIAN_POINT('Ctrl Pts',(33.651895144505,-49.2111014447956,19.7920969110317));
#1774=CARTESIAN_POINT('Ctrl Pts',(33.6966981751932,-49.1558013084762,20.0964328675446));
#1775=CARTESIAN_POINT('Ctrl Pts',(33.7484602891753,-49.1037666360754,20.3974074327587));
#1776=CARTESIAN_POINT('Ctrl Pts',(33.9126875142832,-48.975057328727,21.1795601139459));
#1777=CARTESIAN_POINT('Ctrl Pts',(34.0345777946414,-48.9034764380147,21.6557819452949));
#1778=CARTESIAN_POINT('Ctrl Pts',(34.3451825545314,-48.8089695452649,22.3410047949767));
#1779=CARTESIAN_POINT('Ctrl Pts',(34.4928067667992,-48.7743514174699,22.6069548455379));
#1780=CARTESIAN_POINT('Ctrl Pts',(34.7350804363365,-48.7495414787069,22.8043914337712));
#1781=CARTESIAN_POINT('Ctrl Pts',(34.7884807632922,-48.7451618316662,22.8395840290679));
#1782=CARTESIAN_POINT('Ctrl Pts',(34.9032932934307,-48.7391178540617,22.8883780969242));
#1783=CARTESIAN_POINT('Ctrl Pts',(34.9648978013586,-48.7375016556788,22.9015318094956));
#1784=CARTESIAN_POINT('Ctrl Pts',(35.0817021986415,-48.7375016556788,22.9015318094956));
#1785=CARTESIAN_POINT('Ctrl Pts',(35.1433067065695,-48.7391178540617,22.8883780969242));
#1786=CARTESIAN_POINT('Ctrl Pts',(35.2581192367079,-48.7451618316663,22.8395840290679));
#1787=CARTESIAN_POINT('Ctrl Pts',(35.3115195636636,-48.7495414787069,22.8043914337712));
#1788=CARTESIAN_POINT('Ctrl Pts',(35.5537932332009,-48.7743514174699,22.6069548455379));
#1789=CARTESIAN_POINT('Ctrl Pts',(35.7014174454688,-48.8089695452649,22.3410047949767));
#1790=CARTESIAN_POINT('Ctrl Pts',(36.0120222053587,-48.9034764380147,21.6557819452949));
#1791=CARTESIAN_POINT('Ctrl Pts',(36.133912485717,-48.975057328727,21.1795601139459));
#1792=CARTESIAN_POINT('Ctrl Pts',(36.2981397108248,-49.1037666360754,20.3974074327587));
#1793=CARTESIAN_POINT('Ctrl Pts',(36.349901824807,-49.1558013084762,20.0964328675446));
#1794=CARTESIAN_POINT('Ctrl Pts',(36.3947048554951,-49.2111014447956,19.7920969110317));
#1795=CARTESIAN_POINT('Origin',(-48.8790000000001,-48.1950531495018,19.4055809554038));
#1796=CARTESIAN_POINT('',(-47.5075951445049,-49.2111014447956,19.7920969110317));
#1797=CARTESIAN_POINT('',(-50.250404855495,-49.2111014447956,19.7920969110317));
#1798=CARTESIAN_POINT('',(57.7374999999999,-49.2111014447956,19.7920969110317));
#1799=CARTESIAN_POINT('',(-47.1290000000001,-48.1950531495017,19.4055809554038));
#1800=CARTESIAN_POINT('Origin',(-48.8790000000001,-48.1950531495018,19.4055809554038));
#1801=CARTESIAN_POINT('Origin',(-48.8790000000001,-48.1950531495018,19.4055809554038));
#1802=CARTESIAN_POINT('Origin',(-48.8790000000001,-44.9950724028395,27.817484617536));
#1803=CARTESIAN_POINT('',(-47.1289999999999,-45.7061792354313,25.9481726926176));
#1804=CARTESIAN_POINT('Origin',(-48.8790000000001,-45.7061792354313,25.9481726926176));
#1805=CARTESIAN_POINT('',(-47.1290000000001,-44.9950724028395,27.817484617536));
#1806=CARTESIAN_POINT('Ctrl Pts',(-50.2504048554951,-49.2111014447956,19.7920969110318));
#1807=CARTESIAN_POINT('Ctrl Pts',(-50.205601824807,-49.1558013084762,20.0964328675446));
#1808=CARTESIAN_POINT('Ctrl Pts',(-50.1538397108248,-49.1037666360754,20.3974074327587));
#1809=CARTESIAN_POINT('Ctrl Pts',(-49.989612485717,-48.975057328727,21.1795601139459));
#1810=CARTESIAN_POINT('Ctrl Pts',(-49.8677222053587,-48.9034764380147,21.6557819452949));
#1811=CARTESIAN_POINT('Ctrl Pts',(-49.5571174454687,-48.8089695452649,22.3410047949767));
#1812=CARTESIAN_POINT('Ctrl Pts',(-49.4094932332009,-48.7743514174699,22.6069548455379));
#1813=CARTESIAN_POINT('Ctrl Pts',(-49.1672195636636,-48.7495414787069,22.8043914337712));
#1814=CARTESIAN_POINT('Ctrl Pts',(-49.1138192367079,-48.7451618316662,22.8395840290679));
#1815=CARTESIAN_POINT('Ctrl Pts',(-48.9990067065695,-48.7391178540617,22.8883780969242));
#1816=CARTESIAN_POINT('Ctrl Pts',(-48.9374021986415,-48.7375016556788,22.9015318094956));
#1817=CARTESIAN_POINT('Ctrl Pts',(-48.8205978013586,-48.7375016556788,22.9015318094956));
#1818=CARTESIAN_POINT('Ctrl Pts',(-48.7589932934307,-48.7391178540617,22.8883780969242));
#1819=CARTESIAN_POINT('Ctrl Pts',(-48.6441807632922,-48.7451618316662,22.8395840290679));
#1820=CARTESIAN_POINT('Ctrl Pts',(-48.5907804363365,-48.7495414787069,22.8043914337712));
#1821=CARTESIAN_POINT('Ctrl Pts',(-48.3485067667992,-48.7743514174699,22.6069548455379));
#1822=CARTESIAN_POINT('Ctrl Pts',(-48.2008825545314,-48.8089695452649,22.3410047949767));
#1823=CARTESIAN_POINT('Ctrl Pts',(-47.8902777946414,-48.9034764380147,21.6557819452949));
#1824=CARTESIAN_POINT('Ctrl Pts',(-47.7683875142832,-48.975057328727,21.1795601139459));
#1825=CARTESIAN_POINT('Ctrl Pts',(-47.6041602891753,-49.1037666360754,20.3974074327587));
#1826=CARTESIAN_POINT('Ctrl Pts',(-47.5523981751932,-49.1558013084762,20.0964328675446));
#1827=CARTESIAN_POINT('Ctrl Pts',(-47.507595144505,-49.2111014447956,19.7920969110317));
#1828=CARTESIAN_POINT('Origin',(-21.1676,-48.1950531495018,19.4055809554038));
#1829=CARTESIAN_POINT('',(-19.7961951445049,-49.2111014447956,19.7920969110317));
#1830=CARTESIAN_POINT('',(-22.5390048554951,-49.2111014447956,19.7920969110317));
#1831=CARTESIAN_POINT('',(57.7374999999999,-49.2111014447956,19.7920969110317));
#1832=CARTESIAN_POINT('',(-19.4176,-48.1950531495017,19.4055809554038));
#1833=CARTESIAN_POINT('Origin',(-21.1676,-48.1950531495018,19.4055809554038));
#1834=CARTESIAN_POINT('Origin',(-21.1676,-48.1950531495018,19.4055809554038));
#1835=CARTESIAN_POINT('Origin',(-21.1676,-44.9950724028395,27.817484617536));
#1836=CARTESIAN_POINT('',(-19.4176,-45.7061792354313,25.9481726926176));
#1837=CARTESIAN_POINT('Origin',(-21.1676,-45.7061792354313,25.9481726926176));
#1838=CARTESIAN_POINT('',(-19.4176,-44.9950724028395,27.817484617536));
#1839=CARTESIAN_POINT('Ctrl Pts',(-22.539004855495,-49.2111014447956,19.7920969110317));
#1840=CARTESIAN_POINT('Ctrl Pts',(-22.4942018248069,-49.1558013084762,20.0964328675446));
#1841=CARTESIAN_POINT('Ctrl Pts',(-22.4424397108248,-49.1037666360754,20.3974074327587));
#1842=CARTESIAN_POINT('Ctrl Pts',(-22.2782124857169,-48.975057328727,21.1795601139459));
#1843=CARTESIAN_POINT('Ctrl Pts',(-22.1563222053586,-48.9034764380147,21.6557819452949));
#1844=CARTESIAN_POINT('Ctrl Pts',(-21.8457174454687,-48.8089695452649,22.3410047949767));
#1845=CARTESIAN_POINT('Ctrl Pts',(-21.6980932332009,-48.7743514174699,22.6069548455379));
#1846=CARTESIAN_POINT('Ctrl Pts',(-21.4558195636635,-48.7495414787069,22.8043914337712));
#1847=CARTESIAN_POINT('Ctrl Pts',(-21.4024192367078,-48.7451618316663,22.8395840290679));
#1848=CARTESIAN_POINT('Ctrl Pts',(-21.2876067065694,-48.7391178540617,22.8883780969242));
#1849=CARTESIAN_POINT('Ctrl Pts',(-21.2260021986414,-48.7375016556788,22.9015318094956));
#1850=CARTESIAN_POINT('Ctrl Pts',(-21.1091978013586,-48.7375016556788,22.9015318094956));
#1851=CARTESIAN_POINT('Ctrl Pts',(-21.0475932934306,-48.7391178540617,22.8883780969242));
#1852=CARTESIAN_POINT('Ctrl Pts',(-20.9327807632922,-48.7451618316663,22.8395840290679));
#1853=CARTESIAN_POINT('Ctrl Pts',(-20.8793804363364,-48.7495414787069,22.8043914337712));
#1854=CARTESIAN_POINT('Ctrl Pts',(-20.6371067667991,-48.7743514174699,22.6069548455379));
#1855=CARTESIAN_POINT('Ctrl Pts',(-20.4894825545313,-48.8089695452649,22.3410047949767));
#1856=CARTESIAN_POINT('Ctrl Pts',(-20.1788777946413,-48.9034764380147,21.6557819452949));
#1857=CARTESIAN_POINT('Ctrl Pts',(-20.0569875142831,-48.975057328727,21.1795601139459));
#1858=CARTESIAN_POINT('Ctrl Pts',(-19.8927602891752,-49.1037666360754,20.3974074327587));
#1859=CARTESIAN_POINT('Ctrl Pts',(-19.8409981751931,-49.1558013084762,20.0964328675446));
#1860=CARTESIAN_POINT('Ctrl Pts',(-19.7961951445049,-49.2111014447956,19.7920969110317));
#1861=CARTESIAN_POINT('Origin',(21.1676,-48.1950531495018,19.4055809554038));
#1862=CARTESIAN_POINT('',(22.5390048554951,-49.2111014447956,19.7920969110317));
#1863=CARTESIAN_POINT('',(19.7961951445049,-49.2111014447956,19.7920969110317));
#1864=CARTESIAN_POINT('',(57.7374999999999,-49.2111014447956,19.7920969110317));
#1865=CARTESIAN_POINT('',(22.9176,-48.1950531495017,19.4055809554038));
#1866=CARTESIAN_POINT('Origin',(21.1676,-48.1950531495018,19.4055809554038));
#1867=CARTESIAN_POINT('Origin',(21.1676,-48.1950531495018,19.4055809554038));
#1868=CARTESIAN_POINT('Origin',(21.1676,-44.9950724028395,27.817484617536));
#1869=CARTESIAN_POINT('',(22.9176,-45.7061792354313,25.9481726926176));
#1870=CARTESIAN_POINT('Origin',(21.1676,-45.7061792354313,25.9481726926176));
#1871=CARTESIAN_POINT('',(22.9176,-44.9950724028395,27.817484617536));
#1872=CARTESIAN_POINT('Ctrl Pts',(19.7961951445049,-49.2111014447956,19.7920969110317));
#1873=CARTESIAN_POINT('Ctrl Pts',(19.8409981751931,-49.1558013084762,20.0964328675446));
#1874=CARTESIAN_POINT('Ctrl Pts',(19.8927602891752,-49.1037666360754,20.3974074327587));
#1875=CARTESIAN_POINT('Ctrl Pts',(20.0569875142831,-48.975057328727,21.1795601139459));
#1876=CARTESIAN_POINT('Ctrl Pts',(20.1788777946413,-48.9034764380147,21.6557819452949));
#1877=CARTESIAN_POINT('Ctrl Pts',(20.4894825545313,-48.8089695452649,22.3410047949767));
#1878=CARTESIAN_POINT('Ctrl Pts',(20.6371067667991,-48.7743514174699,22.6069548455379));
#1879=CARTESIAN_POINT('Ctrl Pts',(20.8793804363365,-48.7495414787069,22.8043914337712));
#1880=CARTESIAN_POINT('Ctrl Pts',(20.9327807632922,-48.7451618316663,22.8395840290679));
#1881=CARTESIAN_POINT('Ctrl Pts',(21.0475932934306,-48.7391178540617,22.8883780969242));
#1882=CARTESIAN_POINT('Ctrl Pts',(21.1091978013586,-48.7375016556788,22.9015318094956));
#1883=CARTESIAN_POINT('Ctrl Pts',(21.2260021986414,-48.7375016556788,22.9015318094956));
#1884=CARTESIAN_POINT('Ctrl Pts',(21.2876067065694,-48.7391178540617,22.8883780969242));
#1885=CARTESIAN_POINT('Ctrl Pts',(21.4024192367078,-48.7451618316663,22.8395840290679));
#1886=CARTESIAN_POINT('Ctrl Pts',(21.4558195636635,-48.7495414787069,22.8043914337712));
#1887=CARTESIAN_POINT('Ctrl Pts',(21.6980932332009,-48.7743514174699,22.6069548455379));
#1888=CARTESIAN_POINT('Ctrl Pts',(21.8457174454687,-48.8089695452649,22.3410047949767));
#1889=CARTESIAN_POINT('Ctrl Pts',(22.1563222053586,-48.9034764380147,21.6557819452949));
#1890=CARTESIAN_POINT('Ctrl Pts',(22.2782124857169,-48.975057328727,21.1795601139459));
#1891=CARTESIAN_POINT('Ctrl Pts',(22.4424397108248,-49.1037666360754,20.3974074327587));
#1892=CARTESIAN_POINT('Ctrl Pts',(22.4942018248069,-49.1558013084762,20.0964328675446));
#1893=CARTESIAN_POINT('Ctrl Pts',(22.539004855495,-49.2111014447956,19.7920969110317));
#1894=CARTESIAN_POINT('Origin',(7.31189999999999,-48.1950531495018,19.4055809554038));
#1895=CARTESIAN_POINT('',(8.68330485549513,-49.2111014447956,19.7920969110317));
#1896=CARTESIAN_POINT('',(5.94049514450485,-49.2111014447956,19.7920969110317));
#1897=CARTESIAN_POINT('',(57.7374999999999,-49.2111014447956,19.7920969110317));
#1898=CARTESIAN_POINT('',(9.06189999999999,-48.1950531495017,19.4055809554038));
#1899=CARTESIAN_POINT('Origin',(7.31189999999999,-48.1950531495018,19.4055809554038));
#1900=CARTESIAN_POINT('Origin',(7.31189999999999,-48.1950531495018,19.4055809554038));
#1901=CARTESIAN_POINT('Origin',(7.31189999999999,-44.9950724028395,27.817484617536));
#1902=CARTESIAN_POINT('',(9.0619,-45.7061792354313,25.9481726926176));
#1903=CARTESIAN_POINT('Origin',(7.31189999999999,-45.7061792354313,25.9481726926176));
#1904=CARTESIAN_POINT('',(9.06189999999999,-44.9950724028395,27.817484617536));
#1905=CARTESIAN_POINT('Ctrl Pts',(5.94049514450493,-49.2111014447956,19.7920969110317));
#1906=CARTESIAN_POINT('Ctrl Pts',(5.98529817519308,-49.1558013084761,20.0964328675446));
#1907=CARTESIAN_POINT('Ctrl Pts',(6.03706028917522,-49.1037666360754,20.3974074327587));
#1908=CARTESIAN_POINT('Ctrl Pts',(6.2012875142831,-48.975057328727,21.1795601139459));
#1909=CARTESIAN_POINT('Ctrl Pts',(6.32317779464134,-48.9034764380147,21.655781945295));
#1910=CARTESIAN_POINT('Ctrl Pts',(6.6337825545313,-48.8089695452649,22.3410047949768));
#1911=CARTESIAN_POINT('Ctrl Pts',(6.78140676679911,-48.7743514174699,22.6069548455379));
#1912=CARTESIAN_POINT('Ctrl Pts',(7.02368043633644,-48.7495414787069,22.8043914337712));
#1913=CARTESIAN_POINT('Ctrl Pts',(7.07708076329217,-48.7451618316663,22.8395840290679));
#1914=CARTESIAN_POINT('Ctrl Pts',(7.19189329343059,-48.7391178540617,22.8883780969242));
#1915=CARTESIAN_POINT('Ctrl Pts',(7.25349780135856,-48.7375016556788,22.9015318094956));
#1916=CARTESIAN_POINT('Ctrl Pts',(7.37030219864141,-48.7375016556788,22.9015318094956));
#1917=CARTESIAN_POINT('Ctrl Pts',(7.43190670656939,-48.7391178540617,22.8883780969242));
#1918=CARTESIAN_POINT('Ctrl Pts',(7.54671923670781,-48.7451618316663,22.8395840290679));
#1919=CARTESIAN_POINT('Ctrl Pts',(7.60011956366354,-48.7495414787069,22.8043914337712));
#1920=CARTESIAN_POINT('Ctrl Pts',(7.84239323320087,-48.7743514174699,22.6069548455379));
#1921=CARTESIAN_POINT('Ctrl Pts',(7.99001744546868,-48.8089695452649,22.3410047949768));
#1922=CARTESIAN_POINT('Ctrl Pts',(8.30062220535865,-48.9034764380147,21.655781945295));
#1923=CARTESIAN_POINT('Ctrl Pts',(8.42251248571687,-48.975057328727,21.1795601139459));
#1924=CARTESIAN_POINT('Ctrl Pts',(8.58673971082476,-49.1037666360754,20.3974074327587));
#1925=CARTESIAN_POINT('Ctrl Pts',(8.6385018248069,-49.1558013084761,20.0964328675446));
#1926=CARTESIAN_POINT('Ctrl Pts',(8.68330485549505,-49.2111014447956,19.7920969110317));
#1927=CARTESIAN_POINT('Origin',(-7.31189999999999,-48.1950531495018,19.4055809554038));
#1928=CARTESIAN_POINT('',(-5.94049514450485,-49.2111014447956,19.7920969110317));
#1929=CARTESIAN_POINT('',(-8.68330485549513,-49.2111014447956,19.7920969110317));
#1930=CARTESIAN_POINT('',(57.7374999999999,-49.2111014447956,19.7920969110317));
#1931=CARTESIAN_POINT('',(-5.56189999999999,-48.1950531495017,19.4055809554038));
#1932=CARTESIAN_POINT('Origin',(-7.31189999999999,-48.1950531495018,19.4055809554038));
#1933=CARTESIAN_POINT('Origin',(-7.31189999999999,-48.1950531495018,19.4055809554038));
#1934=CARTESIAN_POINT('Origin',(-7.31189999999999,-44.9950724028395,27.817484617536));
#1935=CARTESIAN_POINT('',(-5.5619,-45.7061792354313,25.9481726926176));
#1936=CARTESIAN_POINT('Origin',(-7.31189999999999,-45.7061792354313,25.9481726926176));
#1937=CARTESIAN_POINT('',(-5.56189999999999,-44.9950724028395,27.817484617536));
#1938=CARTESIAN_POINT('Ctrl Pts',(-8.68330485549505,-49.2111014447956,19.7920969110317));
#1939=CARTESIAN_POINT('Ctrl Pts',(-8.6385018248069,-49.1558013084761,20.0964328675446));
#1940=CARTESIAN_POINT('Ctrl Pts',(-8.58673971082476,-49.1037666360754,20.3974074327587));
#1941=CARTESIAN_POINT('Ctrl Pts',(-8.42251248571688,-48.975057328727,21.1795601139459));
#1942=CARTESIAN_POINT('Ctrl Pts',(-8.30062220535865,-48.9034764380147,21.655781945295));
#1943=CARTESIAN_POINT('Ctrl Pts',(-7.99001744546867,-48.8089695452649,22.3410047949768));
#1944=CARTESIAN_POINT('Ctrl Pts',(-7.84239323320089,-48.7743514174699,22.606954845538));
#1945=CARTESIAN_POINT('Ctrl Pts',(-7.60011956366353,-48.7495414787069,22.8043914337713));
#1946=CARTESIAN_POINT('Ctrl Pts',(-7.5467192367078,-48.7451618316662,22.8395840290679));
#1947=CARTESIAN_POINT('Ctrl Pts',(-7.43190670656939,-48.7391178540617,22.8883780969242));
#1948=CARTESIAN_POINT('Ctrl Pts',(-7.3703021986414,-48.7375016556788,22.9015318094956));
#1949=CARTESIAN_POINT('Ctrl Pts',(-7.25349780135855,-48.7375016556788,22.9015318094956));
#1950=CARTESIAN_POINT('Ctrl Pts',(-7.19189329343059,-48.7391178540617,22.8883780969242));
#1951=CARTESIAN_POINT('Ctrl Pts',(-7.07708076329216,-48.7451618316662,22.8395840290679));
#1952=CARTESIAN_POINT('Ctrl Pts',(-7.02368043633644,-48.7495414787069,22.8043914337712));
#1953=CARTESIAN_POINT('Ctrl Pts',(-6.7814067667991,-48.7743514174699,22.6069548455379));
#1954=CARTESIAN_POINT('Ctrl Pts',(-6.63378255453129,-48.8089695452649,22.3410047949767));
#1955=CARTESIAN_POINT('Ctrl Pts',(-6.32317779464133,-48.9034764380147,21.6557819452949));
#1956=CARTESIAN_POINT('Ctrl Pts',(-6.2012875142831,-48.975057328727,21.1795601139459));
#1957=CARTESIAN_POINT('Ctrl Pts',(-6.03706028917522,-49.1037666360754,20.3974074327587));
#1958=CARTESIAN_POINT('Ctrl Pts',(-5.98529817519308,-49.1558013084762,20.0964328675446));
#1959=CARTESIAN_POINT('Ctrl Pts',(-5.94049514450493,-49.2111014447956,19.7920969110317));
#1960=CARTESIAN_POINT('Origin',(48.1108999999999,-58.9294588052579,5.54261665875952));
#1961=CARTESIAN_POINT('',(48.1108999999999,-45.1139252507813,18.928929044617));
#1962=CARTESIAN_POINT('',(48.1108999999999,-48.9241538934305,20.3783819611722));
#1963=CARTESIAN_POINT('',(48.1108999999999,-47.0825812886313,13.7538526159409));
#1964=CARTESIAN_POINT('',(48.1108999999999,-48.3891767291881,26.9688144721966));
#1965=CARTESIAN_POINT('',(48.1108999999999,-42.4806049379799,24.7211287245277));
#1966=CARTESIAN_POINT('',(48.1108999999999,-72.6108440617359,-16.));
#1967=CARTESIAN_POINT('Origin',(48.1108999999999,-103.325,29.6250000000001));
#1968=CARTESIAN_POINT('',(48.1108999999999,-62.3105894227406,-16.));
#1969=CARTESIAN_POINT('',(48.1108999999999,-39.6590453096382,-16.));
#1970=CARTESIAN_POINT('Origin',(48.1108999999999,-103.325,29.6250000000001));
#1971=CARTESIAN_POINT('Origin',(48.1108999999999,-34.3531626241538,1.00000000000303));
#1972=CARTESIAN_POINT('Origin',(57.7374999999999,-103.325,29.6250000000001));
#1973=CARTESIAN_POINT('',(-62.7347000000001,-48.3891767291881,26.9688144721966));
#1974=CARTESIAN_POINT('',(57.7374999999999,-48.3891767291881,26.9688144721966));
#1975=CARTESIAN_POINT('',(-62.7347000000001,-72.6108440617359,-16.));
#1976=CARTESIAN_POINT('Origin',(-62.7347000000001,-103.325,29.6250000000001));
#1977=CARTESIAN_POINT('',(57.7374999999999,-72.6108440617359,-16.));
#1978=CARTESIAN_POINT('Origin',(0.,-34.4845915333582,21.6793572097127));
#1979=CARTESIAN_POINT('',(-62.7347000000001,-42.4806049379799,24.7211287245277));
#1980=CARTESIAN_POINT('Origin',(44.9375000000001,-42.856161057303,24.8639944062325));
#1981=CARTESIAN_POINT('',(44.9375000000001,-45.1139252507813,18.928929044617));
#1982=CARTESIAN_POINT('',(44.9375000000001,-45.1139252507813,18.928929044617));
#1983=CARTESIAN_POINT('',(44.9375000000001,-43.985043154042,21.8964617254248));
#1984=CARTESIAN_POINT('Origin',(44.9375000000001,-45.1139252507813,18.928929044617));
#1985=CARTESIAN_POINT('',(44.9375000000001,-33.4307257200422,14.4845113409196));
#1986=CARTESIAN_POINT('Origin',(57.7374999999999,-103.325,29.6250000000001));
#1987=CARTESIAN_POINT('',(-62.7347000000001,-62.3105894227406,-16.));
#1988=CARTESIAN_POINT('',(57.7374999999999,-62.3105894227406,-16.));
#1989=CARTESIAN_POINT('Origin',(-62.7347000000001,-103.325,29.6250000000001));
#1990=CARTESIAN_POINT('Origin',(-8.88178419700126E-15,-20.3886318140184,
-16.));
#1991=CARTESIAN_POINT('',(-62.7347000000001,-39.6590453096382,-16.));
#1992=CARTESIAN_POINT('Origin',(-62.7347000000001,-58.9294588052579,5.54261665875952));
#1993=CARTESIAN_POINT('Origin',(44.9375000000001,-32.3018436233032,17.4520440217273));
#1994=CARTESIAN_POINT('Origin',(57.7374999999999,-34.3531626241538,1.00000000000303));
#1995=UNCERTAINTY_MEASURE_WITH_UNIT(LENGTH_MEASURE(0.01),#1999,
'DISTANCE_ACCURACY_VALUE',
'Maximum model space distance between geometric entities at asserted c
onnectivities');
#1996=UNCERTAINTY_MEASURE_WITH_UNIT(LENGTH_MEASURE(0.01),#1999,
'DISTANCE_ACCURACY_VALUE',
'Maximum model space distance between geometric entities at asserted c
onnectivities');
#1997=(
GEOMETRIC_REPRESENTATION_CONTEXT(3)
GLOBAL_UNCERTAINTY_ASSIGNED_CONTEXT((#1995))
GLOBAL_UNIT_ASSIGNED_CONTEXT((#1999,#2001,#2002))
REPRESENTATION_CONTEXT('','3D')
);
#1998=(
GEOMETRIC_REPRESENTATION_CONTEXT(3)
GLOBAL_UNCERTAINTY_ASSIGNED_CONTEXT((#1996))
GLOBAL_UNIT_ASSIGNED_CONTEXT((#1999,#2001,#2002))
REPRESENTATION_CONTEXT('','3D')
);
#1999=(
LENGTH_UNIT()
NAMED_UNIT(*)
SI_UNIT(.MILLI.,.METRE.)
);
#2000=(
LENGTH_UNIT()
NAMED_UNIT(*)
SI_UNIT($,.METRE.)
);
#2001=(
NAMED_UNIT(*)
PLANE_ANGLE_UNIT()
SI_UNIT($,.RADIAN.)
);
#2002=(
NAMED_UNIT(*)
SI_UNIT($,.STERADIAN.)
SOLID_ANGLE_UNIT()
);
#2003=SHAPE_DEFINITION_REPRESENTATION(#2004,#2005);
#2004=PRODUCT_DEFINITION_SHAPE('',$,#2007);
#2005=SHAPE_REPRESENTATION('',(#997),#1997);
#2006=PRODUCT_DEFINITION_CONTEXT('part definition',#2011,'design');
#2007=PRODUCT_DEFINITION('Component63','Component63',#2008,#2006);
#2008=PRODUCT_DEFINITION_FORMATION('',$,#2013);
#2009=PRODUCT_RELATED_PRODUCT_CATEGORY('Component63','Component63',(#2013));
#2010=APPLICATION_PROTOCOL_DEFINITION('international standard',
'automotive_design',2009,#2011);
#2011=APPLICATION_CONTEXT(
'Core Data for Automotive Mechanical Design Process');
#2012=PRODUCT_CONTEXT('part definition',#2011,'mechanical');
#2013=PRODUCT('Component63','Component63',$,(#2012));
#2014=PRESENTATION_STYLE_ASSIGNMENT((#2016));
#2015=PRESENTATION_STYLE_ASSIGNMENT((#2017));
#2016=SURFACE_STYLE_USAGE(.BOTH.,#2018);
#2017=SURFACE_STYLE_USAGE(.BOTH.,#2019);
#2018=SURFACE_SIDE_STYLE('',(#2020));
#2019=SURFACE_SIDE_STYLE('',(#2021));
#2020=SURFACE_STYLE_FILL_AREA(#2022);
#2021=SURFACE_STYLE_FILL_AREA(#2023);
#2022=FILL_AREA_STYLE('Steel - Satin',(#2024));
#2023=FILL_AREA_STYLE('Opaque(63,63,63)',(#2025));
#2024=FILL_AREA_STYLE_COLOUR('Steel - Satin',#2026);
#2025=FILL_AREA_STYLE_COLOUR('Opaque(63,63,63)',#2027);
#2026=COLOUR_RGB('Steel - Satin',0.627450980392157,0.627450980392157,0.627450980392157);
#2027=COLOUR_RGB('Opaque(63,63,63)',0.247058823529412,0.247058823529412,
0.247058823529412);
ENDSEC;
END-ISO-10303-21;
