ISO-10303-21;
HEADER;
/* Generated by software containing ST-Developer
 * from STEP Tools, Inc. (www.steptools.com) 
 */

FILE_DESCRIPTION(
/* description */ (''),
/* implementation_level */ '2;1');

FILE_NAME(
/* name */ 'Left_Inside_Wing.step',
/* time_stamp */ '2026-09-06T19:49:04+03:00',
/* author */ (''),
/* organization */ (''),
/* preprocessor_version */ 'ST-DEVELOPER v20.1',
/* originating_system */ 'Autodesk Translation Framework v15.8.0.0',
/* authorisation */ '');

FILE_SCHEMA (('AUTOMOTIVE_DESIGN { 1 0 10303 214 3 1 1 }'));
ENDSEC;

DATA;
#10=MECHANICAL_DESIGN_GEOMETRIC_PRESENTATION_REPRESENTATION('',(#13),#3468);
#11=SHAPE_REPRESENTATION_RELATIONSHIP('SRR','None',#3475,#12);
#12=ADVANCED_BREP_SHAPE_REPRESENTATION('',(#14),#3467);
#13=STYLED_ITEM('',(#3485),#14);
#14=MANIFOLD_SOLID_BREP('Body1',#2041);
#15=ELLIPSE('',#2137,1.55137297384267,1.45);
#16=B_SPLINE_CURVE_WITH_KNOTS('',3,(#3168,#3169,#3170,#3171,#3172,#3173),
 .UNSPECIFIED.,.F.,.F.,(4,2,4),(-0.282663272110903,-0.279382360702854,-0.220884321699499),
 .UNSPECIFIED.);
#17=B_SPLINE_CURVE_WITH_KNOTS('',3,(#3176,#3177,#3178,#3179,#3180,#3181,
#3182,#3183,#3184,#3185,#3186,#3187,#3188,#3189,#3190,#3191,#3192,#3193,
#3194,#3195,#3196,#3197,#3198),.UNSPECIFIED.,.F.,.F.,(4,2,2,2,3,2,2,2,2,
2,4),(-0.220884321699499,-0.164978611756698,-0.109072901813898,-0.0545364509069487,
0.,0.0547135925844068,0.109427185168814,0.165155636858755,0.220884088548696,
0.278334158404314,0.282594431360419),.UNSPECIFIED.);
#18=B_SPLINE_CURVE_WITH_KNOTS('',3,(#3207,#3208,#3209,#3210,#3211,#3212,
#3213,#3214,#3215,#3216),.UNSPECIFIED.,.F.,.F.,(4,2,2,2,4),(0.167086488805241,
0.200523593259692,0.255337387008924,0.310151180758156,0.343588285212607),
 .UNSPECIFIED.);
#19=FACE_BOUND('',#228,.T.);
#20=FACE_BOUND('',#229,.T.);
#21=FACE_BOUND('',#231,.T.);
#22=FACE_BOUND('',#232,.T.);
#23=FACE_BOUND('',#233,.T.);
#24=FACE_BOUND('',#234,.T.);
#25=FACE_BOUND('',#235,.T.);
#26=FACE_BOUND('',#236,.T.);
#27=FACE_BOUND('',#237,.T.);
#28=FACE_BOUND('',#238,.T.);
#29=FACE_BOUND('',#239,.T.);
#30=FACE_BOUND('',#242,.T.);
#31=FACE_BOUND('',#243,.T.);
#32=FACE_BOUND('',#244,.T.);
#33=FACE_BOUND('',#245,.T.);
#34=FACE_BOUND('',#246,.T.);
#35=FACE_BOUND('',#247,.T.);
#36=FACE_BOUND('',#248,.T.);
#37=FACE_BOUND('',#249,.T.);
#38=FACE_BOUND('',#250,.T.);
#39=FACE_BOUND('',#251,.T.);
#40=FACE_BOUND('',#262,.T.);
#41=FACE_BOUND('',#263,.T.);
#42=FACE_BOUND('',#276,.T.);
#43=FACE_BOUND('',#277,.T.);
#44=FACE_BOUND('',#278,.T.);
#45=FACE_BOUND('',#279,.T.);
#46=FACE_BOUND('',#319,.T.);
#47=FACE_BOUND('',#320,.T.);
#48=FACE_BOUND('',#323,.T.);
#49=FACE_BOUND('',#327,.T.);
#50=FACE_BOUND('',#328,.T.);
#51=FACE_BOUND('',#332,.T.);
#52=FACE_BOUND('',#334,.T.);
#53=FACE_BOUND('',#336,.T.);
#54=FACE_BOUND('',#338,.T.);
#55=FACE_BOUND('',#340,.T.);
#56=FACE_BOUND('',#344,.T.);
#57=PLANE('',#2070);
#58=PLANE('',#2077);
#59=PLANE('',#2078);
#60=PLANE('',#2079);
#61=PLANE('',#2111);
#62=PLANE('',#2112);
#63=PLANE('',#2144);
#64=PLANE('',#2148);
#65=PLANE('',#2152);
#66=PLANE('',#2155);
#67=PLANE('',#2158);
#68=PLANE('',#2160);
#69=PLANE('',#2161);
#70=PLANE('',#2170);
#71=PLANE('',#2173);
#72=PLANE('',#2174);
#73=PLANE('',#2180);
#74=PLANE('',#2183);
#75=PLANE('',#2186);
#76=PLANE('',#2189);
#77=PLANE('',#2190);
#78=PLANE('',#2194);
#79=PLANE('',#2196);
#80=PLANE('',#2198);
#81=PLANE('',#2200);
#82=PLANE('',#2203);
#83=PLANE('',#2205);
#84=PLANE('',#2207);
#85=PLANE('',#2209);
#86=PLANE('',#2211);
#87=PLANE('',#2213);
#88=PLANE('',#2215);
#89=PLANE('',#2219);
#90=PLANE('',#2220);
#91=PLANE('',#2221);
#92=PLANE('',#2222);
#93=PLANE('',#2223);
#94=PLANE('',#2224);
#95=PLANE('',#2225);
#96=PLANE('',#2226);
#97=PLANE('',#2227);
#98=PLANE('',#2228);
#99=PLANE('',#2229);
#100=PLANE('',#2230);
#101=PLANE('',#2231);
#102=PLANE('',#2232);
#103=PLANE('',#2233);
#104=PLANE('',#2234);
#105=PLANE('',#2240);
#106=PLANE('',#2242);
#107=PLANE('',#2243);
#108=PLANE('',#2245);
#109=PLANE('',#2247);
#110=PLANE('',#2249);
#111=PLANE('',#2250);
#112=PLANE('',#2251);
#113=PLANE('',#2253);
#114=FACE_OUTER_BOUND('',#218,.T.);
#115=FACE_OUTER_BOUND('',#219,.T.);
#116=FACE_OUTER_BOUND('',#220,.T.);
#117=FACE_OUTER_BOUND('',#221,.T.);
#118=FACE_OUTER_BOUND('',#222,.T.);
#119=FACE_OUTER_BOUND('',#223,.T.);
#120=FACE_OUTER_BOUND('',#224,.T.);
#121=FACE_OUTER_BOUND('',#225,.T.);
#122=FACE_OUTER_BOUND('',#226,.T.);
#123=FACE_OUTER_BOUND('',#227,.T.);
#124=FACE_OUTER_BOUND('',#230,.T.);
#125=FACE_OUTER_BOUND('',#240,.T.);
#126=FACE_OUTER_BOUND('',#241,.T.);
#127=FACE_OUTER_BOUND('',#252,.T.);
#128=FACE_OUTER_BOUND('',#253,.T.);
#129=FACE_OUTER_BOUND('',#254,.T.);
#130=FACE_OUTER_BOUND('',#255,.T.);
#131=FACE_OUTER_BOUND('',#256,.T.);
#132=FACE_OUTER_BOUND('',#257,.T.);
#133=FACE_OUTER_BOUND('',#258,.T.);
#134=FACE_OUTER_BOUND('',#259,.T.);
#135=FACE_OUTER_BOUND('',#260,.T.);
#136=FACE_OUTER_BOUND('',#261,.T.);
#137=FACE_OUTER_BOUND('',#264,.T.);
#138=FACE_OUTER_BOUND('',#265,.T.);
#139=FACE_OUTER_BOUND('',#266,.T.);
#140=FACE_OUTER_BOUND('',#267,.T.);
#141=FACE_OUTER_BOUND('',#268,.T.);
#142=FACE_OUTER_BOUND('',#269,.T.);
#143=FACE_OUTER_BOUND('',#270,.T.);
#144=FACE_OUTER_BOUND('',#271,.T.);
#145=FACE_OUTER_BOUND('',#272,.T.);
#146=FACE_OUTER_BOUND('',#273,.T.);
#147=FACE_OUTER_BOUND('',#274,.T.);
#148=FACE_OUTER_BOUND('',#275,.T.);
#149=FACE_OUTER_BOUND('',#280,.T.);
#150=FACE_OUTER_BOUND('',#281,.T.);
#151=FACE_OUTER_BOUND('',#282,.T.);
#152=FACE_OUTER_BOUND('',#283,.T.);
#153=FACE_OUTER_BOUND('',#284,.T.);
#154=FACE_OUTER_BOUND('',#285,.T.);
#155=FACE_OUTER_BOUND('',#286,.T.);
#156=FACE_OUTER_BOUND('',#287,.T.);
#157=FACE_OUTER_BOUND('',#288,.T.);
#158=FACE_OUTER_BOUND('',#289,.T.);
#159=FACE_OUTER_BOUND('',#290,.T.);
#160=FACE_OUTER_BOUND('',#291,.T.);
#161=FACE_OUTER_BOUND('',#292,.T.);
#162=FACE_OUTER_BOUND('',#293,.T.);
#163=FACE_OUTER_BOUND('',#294,.T.);
#164=FACE_OUTER_BOUND('',#295,.T.);
#165=FACE_OUTER_BOUND('',#296,.T.);
#166=FACE_OUTER_BOUND('',#297,.T.);
#167=FACE_OUTER_BOUND('',#298,.T.);
#168=FACE_OUTER_BOUND('',#299,.T.);
#169=FACE_OUTER_BOUND('',#300,.T.);
#170=FACE_OUTER_BOUND('',#301,.T.);
#171=FACE_OUTER_BOUND('',#302,.T.);
#172=FACE_OUTER_BOUND('',#303,.T.);
#173=FACE_OUTER_BOUND('',#304,.T.);
#174=FACE_OUTER_BOUND('',#305,.T.);
#175=FACE_OUTER_BOUND('',#306,.T.);
#176=FACE_OUTER_BOUND('',#307,.T.);
#177=FACE_OUTER_BOUND('',#308,.T.);
#178=FACE_OUTER_BOUND('',#309,.T.);
#179=FACE_OUTER_BOUND('',#310,.T.);
#180=FACE_OUTER_BOUND('',#311,.T.);
#181=FACE_OUTER_BOUND('',#312,.T.);
#182=FACE_OUTER_BOUND('',#313,.T.);
#183=FACE_OUTER_BOUND('',#314,.T.);
#184=FACE_OUTER_BOUND('',#315,.T.);
#185=FACE_OUTER_BOUND('',#316,.T.);
#186=FACE_OUTER_BOUND('',#317,.T.);
#187=FACE_OUTER_BOUND('',#318,.T.);
#188=FACE_OUTER_BOUND('',#321,.T.);
#189=FACE_OUTER_BOUND('',#322,.T.);
#190=FACE_OUTER_BOUND('',#324,.T.);
#191=FACE_OUTER_BOUND('',#325,.T.);
#192=FACE_OUTER_BOUND('',#326,.T.);
#193=FACE_OUTER_BOUND('',#329,.T.);
#194=FACE_OUTER_BOUND('',#330,.T.);
#195=FACE_OUTER_BOUND('',#331,.T.);
#196=FACE_OUTER_BOUND('',#333,.T.);
#197=FACE_OUTER_BOUND('',#335,.T.);
#198=FACE_OUTER_BOUND('',#337,.T.);
#199=FACE_OUTER_BOUND('',#339,.T.);
#200=FACE_OUTER_BOUND('',#341,.T.);
#201=FACE_OUTER_BOUND('',#342,.T.);
#202=FACE_OUTER_BOUND('',#343,.T.);
#203=FACE_OUTER_BOUND('',#345,.T.);
#204=FACE_OUTER_BOUND('',#346,.T.);
#205=FACE_OUTER_BOUND('',#347,.T.);
#206=FACE_OUTER_BOUND('',#348,.T.);
#207=FACE_OUTER_BOUND('',#349,.T.);
#208=FACE_OUTER_BOUND('',#350,.T.);
#209=FACE_OUTER_BOUND('',#351,.T.);
#210=FACE_OUTER_BOUND('',#352,.T.);
#211=FACE_OUTER_BOUND('',#353,.T.);
#212=FACE_OUTER_BOUND('',#354,.T.);
#213=FACE_OUTER_BOUND('',#355,.T.);
#214=FACE_OUTER_BOUND('',#356,.T.);
#215=FACE_OUTER_BOUND('',#357,.T.);
#216=FACE_OUTER_BOUND('',#358,.T.);
#217=FACE_OUTER_BOUND('',#359,.T.);
#218=EDGE_LOOP('',(#1314,#1315,#1316,#1317));
#219=EDGE_LOOP('',(#1318,#1319,#1320,#1321));
#220=EDGE_LOOP('',(#1322,#1323,#1324,#1325));
#221=EDGE_LOOP('',(#1326,#1327,#1328,#1329));
#222=EDGE_LOOP('',(#1330,#1331,#1332,#1333));
#223=EDGE_LOOP('',(#1334));
#224=EDGE_LOOP('',(#1335,#1336,#1337,#1338));
#225=EDGE_LOOP('',(#1339,#1340,#1341,#1342));
#226=EDGE_LOOP('',(#1343));
#227=EDGE_LOOP('',(#1344,#1345,#1346,#1347));
#228=EDGE_LOOP('',(#1348));
#229=EDGE_LOOP('',(#1349));
#230=EDGE_LOOP('',(#1350,#1351,#1352,#1353,#1354,#1355,#1356,#1357,#1358,
#1359,#1360,#1361,#1362,#1363,#1364,#1365,#1366,#1367,#1368,#1369,#1370,
#1371,#1372,#1373));
#231=EDGE_LOOP('',(#1374));
#232=EDGE_LOOP('',(#1375,#1376,#1377,#1378));
#233=EDGE_LOOP('',(#1379,#1380,#1381,#1382,#1383,#1384,#1385,#1386));
#234=EDGE_LOOP('',(#1387,#1388,#1389,#1390,#1391,#1392,#1393,#1394));
#235=EDGE_LOOP('',(#1395,#1396,#1397,#1398));
#236=EDGE_LOOP('',(#1399,#1400,#1401,#1402,#1403,#1404));
#237=EDGE_LOOP('',(#1405,#1406,#1407,#1408,#1409,#1410,#1411,#1412));
#238=EDGE_LOOP('',(#1413,#1414,#1415,#1416,#1417,#1418,#1419,#1420));
#239=EDGE_LOOP('',(#1421,#1422,#1423,#1424,#1425,#1426,#1427,#1428));
#240=EDGE_LOOP('',(#1429,#1430,#1431,#1432));
#241=EDGE_LOOP('',(#1433,#1434,#1435,#1436,#1437,#1438,#1439,#1440,#1441,
#1442,#1443,#1444,#1445,#1446,#1447,#1448,#1449,#1450,#1451,#1452,#1453,
#1454,#1455,#1456));
#242=EDGE_LOOP('',(#1457));
#243=EDGE_LOOP('',(#1458,#1459,#1460,#1461));
#244=EDGE_LOOP('',(#1462));
#245=EDGE_LOOP('',(#1463,#1464,#1465,#1466,#1467,#1468));
#246=EDGE_LOOP('',(#1469,#1470,#1471,#1472,#1473,#1474,#1475,#1476));
#247=EDGE_LOOP('',(#1477,#1478,#1479,#1480,#1481,#1482,#1483,#1484));
#248=EDGE_LOOP('',(#1485));
#249=EDGE_LOOP('',(#1486));
#250=EDGE_LOOP('',(#1487));
#251=EDGE_LOOP('',(#1488));
#252=EDGE_LOOP('',(#1489,#1490,#1491,#1492,#1493,#1494));
#253=EDGE_LOOP('',(#1495,#1496,#1497,#1498,#1499,#1500));
#254=EDGE_LOOP('',(#1501,#1502,#1503,#1504,#1505,#1506,#1507));
#255=EDGE_LOOP('',(#1508,#1509,#1510,#1511,#1512,#1513,#1514));
#256=EDGE_LOOP('',(#1515,#1516,#1517,#1518));
#257=EDGE_LOOP('',(#1519));
#258=EDGE_LOOP('',(#1520,#1521,#1522,#1523));
#259=EDGE_LOOP('',(#1524));
#260=EDGE_LOOP('',(#1525,#1526,#1527,#1528));
#261=EDGE_LOOP('',(#1529,#1530,#1531,#1532));
#262=EDGE_LOOP('',(#1533));
#263=EDGE_LOOP('',(#1534));
#264=EDGE_LOOP('',(#1535,#1536,#1537,#1538));
#265=EDGE_LOOP('',(#1539,#1540,#1541,#1542,#1543,#1544,#1545,#1546));
#266=EDGE_LOOP('',(#1547,#1548,#1549,#1550));
#267=EDGE_LOOP('',(#1551,#1552,#1553,#1554));
#268=EDGE_LOOP('',(#1555,#1556,#1557,#1558));
#269=EDGE_LOOP('',(#1559,#1560,#1561,#1562));
#270=EDGE_LOOP('',(#1563,#1564,#1565,#1566));
#271=EDGE_LOOP('',(#1567,#1568,#1569,#1570));
#272=EDGE_LOOP('',(#1571,#1572,#1573,#1574));
#273=EDGE_LOOP('',(#1575,#1576,#1577,#1578));
#274=EDGE_LOOP('',(#1579,#1580,#1581,#1582));
#275=EDGE_LOOP('',(#1583,#1584,#1585,#1586));
#276=EDGE_LOOP('',(#1587));
#277=EDGE_LOOP('',(#1588));
#278=EDGE_LOOP('',(#1589));
#279=EDGE_LOOP('',(#1590));
#280=EDGE_LOOP('',(#1591,#1592,#1593,#1594));
#281=EDGE_LOOP('',(#1595,#1596,#1597,#1598));
#282=EDGE_LOOP('',(#1599,#1600,#1601,#1602));
#283=EDGE_LOOP('',(#1603,#1604,#1605,#1606));
#284=EDGE_LOOP('',(#1607,#1608,#1609,#1610));
#285=EDGE_LOOP('',(#1611,#1612,#1613,#1614));
#286=EDGE_LOOP('',(#1615,#1616,#1617,#1618));
#287=EDGE_LOOP('',(#1619,#1620,#1621,#1622));
#288=EDGE_LOOP('',(#1623,#1624,#1625,#1626));
#289=EDGE_LOOP('',(#1627,#1628,#1629,#1630,#1631,#1632,#1633,#1634));
#290=EDGE_LOOP('',(#1635,#1636,#1637,#1638));
#291=EDGE_LOOP('',(#1639,#1640,#1641,#1642));
#292=EDGE_LOOP('',(#1643,#1644,#1645,#1646));
#293=EDGE_LOOP('',(#1647,#1648,#1649,#1650));
#294=EDGE_LOOP('',(#1651,#1652,#1653,#1654));
#295=EDGE_LOOP('',(#1655,#1656,#1657,#1658,#1659,#1660));
#296=EDGE_LOOP('',(#1661,#1662,#1663,#1664,#1665,#1666));
#297=EDGE_LOOP('',(#1667,#1668,#1669,#1670));
#298=EDGE_LOOP('',(#1671,#1672,#1673,#1674));
#299=EDGE_LOOP('',(#1675,#1676,#1677,#1678));
#300=EDGE_LOOP('',(#1679,#1680,#1681,#1682));
#301=EDGE_LOOP('',(#1683,#1684,#1685,#1686));
#302=EDGE_LOOP('',(#1687,#1688,#1689,#1690));
#303=EDGE_LOOP('',(#1691,#1692,#1693,#1694));
#304=EDGE_LOOP('',(#1695,#1696,#1697,#1698));
#305=EDGE_LOOP('',(#1699,#1700,#1701,#1702));
#306=EDGE_LOOP('',(#1703,#1704,#1705,#1706));
#307=EDGE_LOOP('',(#1707,#1708,#1709,#1710));
#308=EDGE_LOOP('',(#1711,#1712,#1713,#1714));
#309=EDGE_LOOP('',(#1715,#1716,#1717,#1718));
#310=EDGE_LOOP('',(#1719,#1720,#1721,#1722));
#311=EDGE_LOOP('',(#1723,#1724,#1725,#1726));
#312=EDGE_LOOP('',(#1727,#1728,#1729,#1730));
#313=EDGE_LOOP('',(#1731,#1732,#1733,#1734));
#314=EDGE_LOOP('',(#1735,#1736,#1737,#1738));
#315=EDGE_LOOP('',(#1739,#1740,#1741,#1742));
#316=EDGE_LOOP('',(#1743,#1744,#1745,#1746));
#317=EDGE_LOOP('',(#1747,#1748,#1749,#1750));
#318=EDGE_LOOP('',(#1751,#1752,#1753,#1754));
#319=EDGE_LOOP('',(#1755));
#320=EDGE_LOOP('',(#1756));
#321=EDGE_LOOP('',(#1757,#1758,#1759,#1760));
#322=EDGE_LOOP('',(#1761,#1762,#1763,#1764));
#323=EDGE_LOOP('',(#1765));
#324=EDGE_LOOP('',(#1766,#1767,#1768,#1769));
#325=EDGE_LOOP('',(#1770,#1771,#1772,#1773));
#326=EDGE_LOOP('',(#1774,#1775,#1776,#1777));
#327=EDGE_LOOP('',(#1778));
#328=EDGE_LOOP('',(#1779));
#329=EDGE_LOOP('',(#1780,#1781,#1782,#1783));
#330=EDGE_LOOP('',(#1784,#1785,#1786,#1787));
#331=EDGE_LOOP('',(#1788,#1789,#1790,#1791));
#332=EDGE_LOOP('',(#1792));
#333=EDGE_LOOP('',(#1793,#1794,#1795,#1796));
#334=EDGE_LOOP('',(#1797));
#335=EDGE_LOOP('',(#1798,#1799,#1800,#1801));
#336=EDGE_LOOP('',(#1802));
#337=EDGE_LOOP('',(#1803,#1804,#1805,#1806));
#338=EDGE_LOOP('',(#1807));
#339=EDGE_LOOP('',(#1808,#1809,#1810,#1811));
#340=EDGE_LOOP('',(#1812));
#341=EDGE_LOOP('',(#1813,#1814,#1815,#1816));
#342=EDGE_LOOP('',(#1817,#1818,#1819,#1820));
#343=EDGE_LOOP('',(#1821,#1822,#1823,#1824,#1825,#1826,#1827,#1828));
#344=EDGE_LOOP('',(#1829));
#345=EDGE_LOOP('',(#1830,#1831,#1832,#1833));
#346=EDGE_LOOP('',(#1834,#1835,#1836,#1837));
#347=EDGE_LOOP('',(#1838,#1839,#1840,#1841));
#348=EDGE_LOOP('',(#1842,#1843,#1844,#1845));
#349=EDGE_LOOP('',(#1846,#1847,#1848,#1849));
#350=EDGE_LOOP('',(#1850,#1851,#1852,#1853));
#351=EDGE_LOOP('',(#1854,#1855,#1856,#1857));
#352=EDGE_LOOP('',(#1858,#1859,#1860,#1861));
#353=EDGE_LOOP('',(#1862,#1863,#1864,#1865));
#354=EDGE_LOOP('',(#1866,#1867,#1868,#1869));
#355=EDGE_LOOP('',(#1870,#1871,#1872,#1873));
#356=EDGE_LOOP('',(#1874,#1875,#1876,#1877));
#357=EDGE_LOOP('',(#1878,#1879,#1880,#1881));
#358=EDGE_LOOP('',(#1882,#1883,#1884,#1885));
#359=EDGE_LOOP('',(#1886,#1887,#1888,#1889));
#360=LINE('',#2849,#550);
#361=LINE('',#2855,#551);
#362=LINE('',#2861,#552);
#363=LINE('',#2867,#553);
#364=LINE('',#2873,#554);
#365=LINE('',#2880,#555);
#366=LINE('',#2886,#556);
#367=LINE('',#2892,#557);
#368=LINE('',#2894,#558);
#369=LINE('',#2896,#559);
#370=LINE('',#2897,#560);
#371=LINE('',#2900,#561);
#372=LINE('',#2902,#562);
#373=LINE('',#2904,#563);
#374=LINE('',#2906,#564);
#375=LINE('',#2908,#565);
#376=LINE('',#2910,#566);
#377=LINE('',#2912,#567);
#378=LINE('',#2914,#568);
#379=LINE('',#2916,#569);
#380=LINE('',#2918,#570);
#381=LINE('',#2920,#571);
#382=LINE('',#2924,#572);
#383=LINE('',#2932,#573);
#384=LINE('',#2934,#574);
#385=LINE('',#2936,#575);
#386=LINE('',#2938,#576);
#387=LINE('',#2940,#577);
#388=LINE('',#2942,#578);
#389=LINE('',#2943,#579);
#390=LINE('',#2948,#580);
#391=LINE('',#2951,#581);
#392=LINE('',#2954,#582);
#393=LINE('',#2958,#583);
#394=LINE('',#2962,#584);
#395=LINE('',#2966,#585);
#396=LINE('',#2970,#586);
#397=LINE('',#2974,#587);
#398=LINE('',#2978,#588);
#399=LINE('',#2982,#589);
#400=LINE('',#2986,#590);
#401=LINE('',#2988,#591);
#402=LINE('',#2991,#592);
#403=LINE('',#2994,#593);
#404=LINE('',#2998,#594);
#405=LINE('',#3002,#595);
#406=LINE('',#3006,#596);
#407=LINE('',#3010,#597);
#408=LINE('',#3014,#598);
#409=LINE('',#3018,#599);
#410=LINE('',#3022,#600);
#411=LINE('',#3026,#601);
#412=LINE('',#3034,#602);
#413=LINE('',#3038,#603);
#414=LINE('',#3042,#604);
#415=LINE('',#3046,#605);
#416=LINE('',#3050,#606);
#417=LINE('',#3054,#607);
#418=LINE('',#3055,#608);
#419=LINE('',#3058,#609);
#420=LINE('',#3060,#610);
#421=LINE('',#3062,#611);
#422=LINE('',#3064,#612);
#423=LINE('',#3066,#613);
#424=LINE('',#3068,#614);
#425=LINE('',#3070,#615);
#426=LINE('',#3078,#616);
#427=LINE('',#3082,#617);
#428=LINE('',#3084,#618);
#429=LINE('',#3086,#619);
#430=LINE('',#3088,#620);
#431=LINE('',#3090,#621);
#432=LINE('',#3092,#622);
#433=LINE('',#3094,#623);
#434=LINE('',#3096,#624);
#435=LINE('',#3098,#625);
#436=LINE('',#3099,#626);
#437=LINE('',#3102,#627);
#438=LINE('',#3104,#628);
#439=LINE('',#3107,#629);
#440=LINE('',#3112,#630);
#441=LINE('',#3116,#631);
#442=LINE('',#3120,#632);
#443=LINE('',#3124,#633);
#444=LINE('',#3128,#634);
#445=LINE('',#3132,#635);
#446=LINE('',#3136,#636);
#447=LINE('',#3140,#637);
#448=LINE('',#3144,#638);
#449=LINE('',#3152,#639);
#450=LINE('',#3166,#640);
#451=LINE('',#3203,#641);
#452=LINE('',#3220,#642);
#453=LINE('',#3223,#643);
#454=LINE('',#3224,#644);
#455=LINE('',#3226,#645);
#456=LINE('',#3227,#646);
#457=LINE('',#3228,#647);
#458=LINE('',#3233,#648);
#459=LINE('',#3240,#649);
#460=LINE('',#3247,#650);
#461=LINE('',#3248,#651);
#462=LINE('',#3251,#652);
#463=LINE('',#3252,#653);
#464=LINE('',#3256,#654);
#465=LINE('',#3258,#655);
#466=LINE('',#3260,#656);
#467=LINE('',#3263,#657);
#468=LINE('',#3265,#658);
#469=LINE('',#3269,#659);
#470=LINE('',#3273,#660);
#471=LINE('',#3277,#661);
#472=LINE('',#3281,#662);
#473=LINE('',#3284,#663);
#474=LINE('',#3287,#664);
#475=LINE('',#3288,#665);
#476=LINE('',#3292,#666);
#477=LINE('',#3294,#667);
#478=LINE('',#3300,#668);
#479=LINE('',#3306,#669);
#480=LINE('',#3307,#670);
#481=LINE('',#3310,#671);
#482=LINE('',#3311,#672);
#483=LINE('',#3316,#673);
#484=LINE('',#3317,#674);
#485=LINE('',#3319,#675);
#486=LINE('',#3323,#676);
#487=LINE('',#3326,#677);
#488=LINE('',#3327,#678);
#489=LINE('',#3331,#679);
#490=LINE('',#3333,#680);
#491=LINE('',#3336,#681);
#492=LINE('',#3337,#682);
#493=LINE('',#3339,#683);
#494=LINE('',#3341,#684);
#495=LINE('',#3343,#685);
#496=LINE('',#3345,#686);
#497=LINE('',#3348,#687);
#498=LINE('',#3350,#688);
#499=LINE('',#3352,#689);
#500=LINE('',#3354,#690);
#501=LINE('',#3357,#691);
#502=LINE('',#3358,#692);
#503=LINE('',#3360,#693);
#504=LINE('',#3362,#694);
#505=LINE('',#3363,#695);
#506=LINE('',#3366,#696);
#507=LINE('',#3368,#697);
#508=LINE('',#3370,#698);
#509=LINE('',#3371,#699);
#510=LINE('',#3373,#700);
#511=LINE('',#3375,#701);
#512=LINE('',#3378,#702);
#513=LINE('',#3380,#703);
#514=LINE('',#3382,#704);
#515=LINE('',#3383,#705);
#516=LINE('',#3386,#706);
#517=LINE('',#3389,#707);
#518=LINE('',#3391,#708);
#519=LINE('',#3392,#709);
#520=LINE('',#3395,#710);
#521=LINE('',#3397,#711);
#522=LINE('',#3398,#712);
#523=LINE('',#3400,#713);
#524=LINE('',#3401,#714);
#525=LINE('',#3404,#715);
#526=LINE('',#3406,#716);
#527=LINE('',#3408,#717);
#528=LINE('',#3410,#718);
#529=LINE('',#3412,#719);
#530=LINE('',#3415,#720);
#531=LINE('',#3416,#721);
#532=LINE('',#3424,#722);
#533=LINE('',#3428,#723);
#534=LINE('',#3432,#724);
#535=LINE('',#3435,#725);
#536=LINE('',#3437,#726);
#537=LINE('',#3438,#727);
#538=LINE('',#3440,#728);
#539=LINE('',#3442,#729);
#540=LINE('',#3444,#730);
#541=LINE('',#3446,#731);
#542=LINE('',#3448,#732);
#543=LINE('',#3450,#733);
#544=LINE('',#3453,#734);
#545=LINE('',#3454,#735);
#546=LINE('',#3456,#736);
#547=LINE('',#3458,#737);
#548=LINE('',#3461,#738);
#549=LINE('',#3463,#739);
#550=VECTOR('',#2260,1.45);
#551=VECTOR('',#2267,1.45);
#552=VECTOR('',#2274,1.45);
#553=VECTOR('',#2281,1.45);
#554=VECTOR('',#2288,1.45);
#555=VECTOR('',#2297,1.45);
#556=VECTOR('',#2304,1.45);
#557=VECTOR('',#2311,10.);
#558=VECTOR('',#2312,10.);
#559=VECTOR('',#2313,10.);
#560=VECTOR('',#2314,10.);
#561=VECTOR('',#2317,10.);
#562=VECTOR('',#2318,10.);
#563=VECTOR('',#2319,10.);
#564=VECTOR('',#2320,10.);
#565=VECTOR('',#2321,10.);
#566=VECTOR('',#2322,10.);
#567=VECTOR('',#2323,10.);
#568=VECTOR('',#2324,10.);
#569=VECTOR('',#2325,10.);
#570=VECTOR('',#2326,10.);
#571=VECTOR('',#2327,10.);
#572=VECTOR('',#2330,10.);
#573=VECTOR('',#2337,10.);
#574=VECTOR('',#2338,10.);
#575=VECTOR('',#2339,10.);
#576=VECTOR('',#2340,10.);
#577=VECTOR('',#2341,10.);
#578=VECTOR('',#2342,10.);
#579=VECTOR('',#2343,10.);
#580=VECTOR('',#2346,10.);
#581=VECTOR('',#2349,10.);
#582=VECTOR('',#2350,10.);
#583=VECTOR('',#2353,10.);
#584=VECTOR('',#2356,10.);
#585=VECTOR('',#2359,10.);
#586=VECTOR('',#2362,10.);
#587=VECTOR('',#2365,10.);
#588=VECTOR('',#2368,10.);
#589=VECTOR('',#2371,10.);
#590=VECTOR('',#2374,10.);
#591=VECTOR('',#2375,10.);
#592=VECTOR('',#2378,10.);
#593=VECTOR('',#2379,10.);
#594=VECTOR('',#2382,10.);
#595=VECTOR('',#2385,10.);
#596=VECTOR('',#2388,10.);
#597=VECTOR('',#2391,10.);
#598=VECTOR('',#2394,10.);
#599=VECTOR('',#2397,10.);
#600=VECTOR('',#2400,10.);
#601=VECTOR('',#2403,10.);
#602=VECTOR('',#2410,10.);
#603=VECTOR('',#2413,10.);
#604=VECTOR('',#2416,10.);
#605=VECTOR('',#2419,10.);
#606=VECTOR('',#2422,10.);
#607=VECTOR('',#2427,10.);
#608=VECTOR('',#2428,10.);
#609=VECTOR('',#2431,10.);
#610=VECTOR('',#2432,10.);
#611=VECTOR('',#2433,10.);
#612=VECTOR('',#2434,10.);
#613=VECTOR('',#2435,10.);
#614=VECTOR('',#2436,10.);
#615=VECTOR('',#2437,10.);
#616=VECTOR('',#2444,10.);
#617=VECTOR('',#2447,10.);
#618=VECTOR('',#2448,10.);
#619=VECTOR('',#2449,10.);
#620=VECTOR('',#2450,10.);
#621=VECTOR('',#2451,10.);
#622=VECTOR('',#2452,10.);
#623=VECTOR('',#2453,10.);
#624=VECTOR('',#2454,10.);
#625=VECTOR('',#2455,10.);
#626=VECTOR('',#2456,10.);
#627=VECTOR('',#2457,10.);
#628=VECTOR('',#2458,10.);
#629=VECTOR('',#2461,10.);
#630=VECTOR('',#2464,10.);
#631=VECTOR('',#2467,10.);
#632=VECTOR('',#2470,10.);
#633=VECTOR('',#2473,10.);
#634=VECTOR('',#2476,10.);
#635=VECTOR('',#2479,10.);
#636=VECTOR('',#2482,10.);
#637=VECTOR('',#2485,10.);
#638=VECTOR('',#2488,10.);
#639=VECTOR('',#2495,10.);
#640=VECTOR('',#2510,1.45);
#641=VECTOR('',#2517,1.45);
#642=VECTOR('',#2524,10.);
#643=VECTOR('',#2527,10.);
#644=VECTOR('',#2528,10.);
#645=VECTOR('',#2531,10.);
#646=VECTOR('',#2532,10.);
#647=VECTOR('',#2533,10.);
#648=VECTOR('',#2538,1.45);
#649=VECTOR('',#2547,1.45);
#650=VECTOR('',#2556,10.);
#651=VECTOR('',#2557,10.);
#652=VECTOR('',#2560,10.);
#653=VECTOR('',#2561,10.);
#654=VECTOR('',#2566,10.);
#655=VECTOR('',#2569,10.);
#656=VECTOR('',#2570,10.);
#657=VECTOR('',#2573,10.);
#658=VECTOR('',#2576,10.);
#659=VECTOR('',#2581,2.0828);
#660=VECTOR('',#2586,2.0828);
#661=VECTOR('',#2591,2.0828);
#662=VECTOR('',#2596,10.);
#663=VECTOR('',#2599,10.);
#664=VECTOR('',#2602,10.);
#665=VECTOR('',#2603,10.);
#666=VECTOR('',#2608,10.);
#667=VECTOR('',#2611,10.);
#668=VECTOR('',#2618,12.);
#669=VECTOR('',#2625,10.);
#670=VECTOR('',#2626,10.);
#671=VECTOR('',#2629,10.);
#672=VECTOR('',#2630,10.);
#673=VECTOR('',#2635,10.);
#674=VECTOR('',#2636,10.);
#675=VECTOR('',#2639,10.);
#676=VECTOR('',#2644,10.);
#677=VECTOR('',#2647,10.);
#678=VECTOR('',#2648,10.);
#679=VECTOR('',#2653,10.);
#680=VECTOR('',#2656,10.);
#681=VECTOR('',#2661,10.);
#682=VECTOR('',#2662,10.);
#683=VECTOR('',#2665,10.);
#684=VECTOR('',#2668,10.);
#685=VECTOR('',#2671,10.);
#686=VECTOR('',#2674,10.);
#687=VECTOR('',#2679,10.);
#688=VECTOR('',#2682,10.);
#689=VECTOR('',#2685,10.);
#690=VECTOR('',#2688,10.);
#691=VECTOR('',#2693,10.);
#692=VECTOR('',#2694,10.);
#693=VECTOR('',#2697,10.);
#694=VECTOR('',#2700,10.);
#695=VECTOR('',#2701,10.);
#696=VECTOR('',#2706,10.);
#697=VECTOR('',#2709,10.);
#698=VECTOR('',#2712,10.);
#699=VECTOR('',#2713,10.);
#700=VECTOR('',#2716,10.);
#701=VECTOR('',#2719,10.);
#702=VECTOR('',#2724,10.);
#703=VECTOR('',#2727,10.);
#704=VECTOR('',#2730,10.);
#705=VECTOR('',#2731,10.);
#706=VECTOR('',#2736,10.);
#707=VECTOR('',#2741,4.7625);
#708=VECTOR('',#2744,10.);
#709=VECTOR('',#2745,10.);
#710=VECTOR('',#2750,10.);
#711=VECTOR('',#2753,10.);
#712=VECTOR('',#2754,10.);
#713=VECTOR('',#2757,10.);
#714=VECTOR('',#2758,10.);
#715=VECTOR('',#2763,10.);
#716=VECTOR('',#2766,10.);
#717=VECTOR('',#2769,10.);
#718=VECTOR('',#2772,10.);
#719=VECTOR('',#2775,10.);
#720=VECTOR('',#2780,10.);
#721=VECTOR('',#2781,10.);
#722=VECTOR('',#2790,10.);
#723=VECTOR('',#2793,10.);
#724=VECTOR('',#2796,10.);
#725=VECTOR('',#2799,10.);
#726=VECTOR('',#2802,10.);
#727=VECTOR('',#2803,10.);
#728=VECTOR('',#2806,10.);
#729=VECTOR('',#2809,10.);
#730=VECTOR('',#2812,10.);
#731=VECTOR('',#2815,10.);
#732=VECTOR('',#2818,10.);
#733=VECTOR('',#2821,10.);
#734=VECTOR('',#2826,10.);
#735=VECTOR('',#2827,10.);
#736=VECTOR('',#2830,10.);
#737=VECTOR('',#2833,10.);
#738=VECTOR('',#2838,10.);
#739=VECTOR('',#2841,10.);
#740=CIRCLE('',#2056,1.45);
#741=CIRCLE('',#2057,1.45);
#742=CIRCLE('',#2059,1.45);
#743=CIRCLE('',#2060,1.45);
#744=CIRCLE('',#2062,1.45);
#745=CIRCLE('',#2063,1.45);
#746=CIRCLE('',#2065,1.45);
#747=CIRCLE('',#2066,1.45);
#748=CIRCLE('',#2068,1.45);
#749=CIRCLE('',#2069,1.45);
#750=CIRCLE('',#2072,1.45);
#751=CIRCLE('',#2073,1.45);
#752=CIRCLE('',#2075,1.45);
#753=CIRCLE('',#2076,1.45);
#754=CIRCLE('',#2080,6.34999999999997);
#755=CIRCLE('',#2081,19.05);
#756=CIRCLE('',#2082,6.35);
#757=CIRCLE('',#2083,45.5308548620226);
#758=CIRCLE('',#2084,8.7625);
#759=CIRCLE('',#2085,15.112500001);
#760=CIRCLE('',#2086,2.99999999999999);
#761=CIRCLE('',#2087,2.99999999999999);
#762=CIRCLE('',#2088,2.99999999999999);
#763=CIRCLE('',#2089,2.99999999999999);
#764=CIRCLE('',#2090,3.79999999999999);
#765=CIRCLE('',#2091,3.80000000000001);
#766=CIRCLE('',#2092,3.79999999999999);
#767=CIRCLE('',#2093,3.79999999999999);
#768=CIRCLE('',#2094,19.05);
#769=CIRCLE('',#2095,1.);
#770=CIRCLE('',#2096,1.);
#771=CIRCLE('',#2097,1.);
#772=CIRCLE('',#2098,1.);
#773=CIRCLE('',#2099,1.);
#774=CIRCLE('',#2100,1.);
#775=CIRCLE('',#2101,1.);
#776=CIRCLE('',#2102,1.);
#777=CIRCLE('',#2103,1.);
#778=CIRCLE('',#2104,13.625);
#779=CIRCLE('',#2105,1.);
#780=CIRCLE('',#2106,1.);
#781=CIRCLE('',#2107,2.99999999999999);
#782=CIRCLE('',#2108,2.99999999999999);
#783=CIRCLE('',#2109,7.61999999999997);
#784=CIRCLE('',#2110,7.61999999999997);
#785=CIRCLE('',#2113,45.5308548620226);
#786=CIRCLE('',#2114,6.35);
#787=CIRCLE('',#2115,19.05);
#788=CIRCLE('',#2116,6.34999999999997);
#789=CIRCLE('',#2117,19.05);
#790=CIRCLE('',#2118,4.7625);
#791=CIRCLE('',#2119,1.);
#792=CIRCLE('',#2120,1.);
#793=CIRCLE('',#2121,1.);
#794=CIRCLE('',#2122,1.);
#795=CIRCLE('',#2123,1.);
#796=CIRCLE('',#2124,1.);
#797=CIRCLE('',#2125,1.);
#798=CIRCLE('',#2126,1.);
#799=CIRCLE('',#2127,1.);
#800=CIRCLE('',#2128,13.625);
#801=CIRCLE('',#2129,1.);
#802=CIRCLE('',#2130,1.);
#803=CIRCLE('',#2131,12.);
#804=CIRCLE('',#2132,2.0828);
#805=CIRCLE('',#2133,2.0828);
#806=CIRCLE('',#2134,2.0828);
#807=CIRCLE('',#2136,1.45);
#808=CIRCLE('',#2139,1.45);
#809=CIRCLE('',#2140,1.45);
#810=CIRCLE('',#2141,1.45);
#811=CIRCLE('',#2143,7.61999999999997);
#812=CIRCLE('',#2146,1.45);
#813=CIRCLE('',#2147,1.45);
#814=CIRCLE('',#2150,1.45);
#815=CIRCLE('',#2151,1.45);
#816=CIRCLE('',#2154,2.99999999999999);
#817=CIRCLE('',#2157,2.99999999999999);
#818=CIRCLE('',#2159,7.61999999999997);
#819=CIRCLE('',#2163,2.0828);
#820=CIRCLE('',#2165,2.0828);
#821=CIRCLE('',#2167,2.0828);
#822=CIRCLE('',#2169,8.7625);
#823=CIRCLE('',#2172,15.112500001);
#824=CIRCLE('',#2175,4.7625);
#825=CIRCLE('',#2177,12.);
#826=CIRCLE('',#2179,2.99999999999999);
#827=CIRCLE('',#2182,2.99999999999999);
#828=CIRCLE('',#2185,2.99999999999999);
#829=CIRCLE('',#2188,2.99999999999999);
#830=CIRCLE('',#2235,3.79999999999999);
#831=CIRCLE('',#2236,3.79999999999999);
#832=CIRCLE('',#2237,3.80000000000001);
#833=CIRCLE('',#2238,3.79999999999999);
#834=VERTEX_POINT('',#2846);
#835=VERTEX_POINT('',#2848);
#836=VERTEX_POINT('',#2852);
#837=VERTEX_POINT('',#2854);
#838=VERTEX_POINT('',#2858);
#839=VERTEX_POINT('',#2860);
#840=VERTEX_POINT('',#2864);
#841=VERTEX_POINT('',#2866);
#842=VERTEX_POINT('',#2870);
#843=VERTEX_POINT('',#2872);
#844=VERTEX_POINT('',#2877);
#845=VERTEX_POINT('',#2879);
#846=VERTEX_POINT('',#2883);
#847=VERTEX_POINT('',#2885);
#848=VERTEX_POINT('',#2890);
#849=VERTEX_POINT('',#2891);
#850=VERTEX_POINT('',#2893);
#851=VERTEX_POINT('',#2895);
#852=VERTEX_POINT('',#2899);
#853=VERTEX_POINT('',#2901);
#854=VERTEX_POINT('',#2903);
#855=VERTEX_POINT('',#2905);
#856=VERTEX_POINT('',#2907);
#857=VERTEX_POINT('',#2909);
#858=VERTEX_POINT('',#2911);
#859=VERTEX_POINT('',#2913);
#860=VERTEX_POINT('',#2915);
#861=VERTEX_POINT('',#2917);
#862=VERTEX_POINT('',#2919);
#863=VERTEX_POINT('',#2921);
#864=VERTEX_POINT('',#2923);
#865=VERTEX_POINT('',#2925);
#866=VERTEX_POINT('',#2927);
#867=VERTEX_POINT('',#2929);
#868=VERTEX_POINT('',#2931);
#869=VERTEX_POINT('',#2933);
#870=VERTEX_POINT('',#2935);
#871=VERTEX_POINT('',#2937);
#872=VERTEX_POINT('',#2939);
#873=VERTEX_POINT('',#2941);
#874=VERTEX_POINT('',#2944);
#875=VERTEX_POINT('',#2945);
#876=VERTEX_POINT('',#2947);
#877=VERTEX_POINT('',#2949);
#878=VERTEX_POINT('',#2952);
#879=VERTEX_POINT('',#2953);
#880=VERTEX_POINT('',#2955);
#881=VERTEX_POINT('',#2957);
#882=VERTEX_POINT('',#2959);
#883=VERTEX_POINT('',#2961);
#884=VERTEX_POINT('',#2963);
#885=VERTEX_POINT('',#2965);
#886=VERTEX_POINT('',#2968);
#887=VERTEX_POINT('',#2969);
#888=VERTEX_POINT('',#2971);
#889=VERTEX_POINT('',#2973);
#890=VERTEX_POINT('',#2975);
#891=VERTEX_POINT('',#2977);
#892=VERTEX_POINT('',#2979);
#893=VERTEX_POINT('',#2981);
#894=VERTEX_POINT('',#2984);
#895=VERTEX_POINT('',#2985);
#896=VERTEX_POINT('',#2987);
#897=VERTEX_POINT('',#2989);
#898=VERTEX_POINT('',#2992);
#899=VERTEX_POINT('',#2993);
#900=VERTEX_POINT('',#2995);
#901=VERTEX_POINT('',#2997);
#902=VERTEX_POINT('',#2999);
#903=VERTEX_POINT('',#3001);
#904=VERTEX_POINT('',#3004);
#905=VERTEX_POINT('',#3005);
#906=VERTEX_POINT('',#3007);
#907=VERTEX_POINT('',#3009);
#908=VERTEX_POINT('',#3011);
#909=VERTEX_POINT('',#3013);
#910=VERTEX_POINT('',#3015);
#911=VERTEX_POINT('',#3017);
#912=VERTEX_POINT('',#3020);
#913=VERTEX_POINT('',#3021);
#914=VERTEX_POINT('',#3023);
#915=VERTEX_POINT('',#3025);
#916=VERTEX_POINT('',#3027);
#917=VERTEX_POINT('',#3029);
#918=VERTEX_POINT('',#3031);
#919=VERTEX_POINT('',#3033);
#920=VERTEX_POINT('',#3036);
#921=VERTEX_POINT('',#3037);
#922=VERTEX_POINT('',#3039);
#923=VERTEX_POINT('',#3041);
#924=VERTEX_POINT('',#3043);
#925=VERTEX_POINT('',#3045);
#926=VERTEX_POINT('',#3047);
#927=VERTEX_POINT('',#3049);
#928=VERTEX_POINT('',#3053);
#929=VERTEX_POINT('',#3057);
#930=VERTEX_POINT('',#3059);
#931=VERTEX_POINT('',#3061);
#932=VERTEX_POINT('',#3063);
#933=VERTEX_POINT('',#3065);
#934=VERTEX_POINT('',#3067);
#935=VERTEX_POINT('',#3069);
#936=VERTEX_POINT('',#3071);
#937=VERTEX_POINT('',#3073);
#938=VERTEX_POINT('',#3075);
#939=VERTEX_POINT('',#3077);
#940=VERTEX_POINT('',#3079);
#941=VERTEX_POINT('',#3081);
#942=VERTEX_POINT('',#3083);
#943=VERTEX_POINT('',#3085);
#944=VERTEX_POINT('',#3087);
#945=VERTEX_POINT('',#3089);
#946=VERTEX_POINT('',#3091);
#947=VERTEX_POINT('',#3093);
#948=VERTEX_POINT('',#3095);
#949=VERTEX_POINT('',#3097);
#950=VERTEX_POINT('',#3100);
#951=VERTEX_POINT('',#3101);
#952=VERTEX_POINT('',#3103);
#953=VERTEX_POINT('',#3105);
#954=VERTEX_POINT('',#3108);
#955=VERTEX_POINT('',#3110);
#956=VERTEX_POINT('',#3111);
#957=VERTEX_POINT('',#3113);
#958=VERTEX_POINT('',#3115);
#959=VERTEX_POINT('',#3117);
#960=VERTEX_POINT('',#3119);
#961=VERTEX_POINT('',#3122);
#962=VERTEX_POINT('',#3123);
#963=VERTEX_POINT('',#3125);
#964=VERTEX_POINT('',#3127);
#965=VERTEX_POINT('',#3129);
#966=VERTEX_POINT('',#3131);
#967=VERTEX_POINT('',#3133);
#968=VERTEX_POINT('',#3135);
#969=VERTEX_POINT('',#3138);
#970=VERTEX_POINT('',#3139);
#971=VERTEX_POINT('',#3141);
#972=VERTEX_POINT('',#3143);
#973=VERTEX_POINT('',#3145);
#974=VERTEX_POINT('',#3147);
#975=VERTEX_POINT('',#3149);
#976=VERTEX_POINT('',#3151);
#977=VERTEX_POINT('',#3154);
#978=VERTEX_POINT('',#3156);
#979=VERTEX_POINT('',#3158);
#980=VERTEX_POINT('',#3160);
#981=VERTEX_POINT('',#3163);
#982=VERTEX_POINT('',#3165);
#983=VERTEX_POINT('',#3167);
#984=VERTEX_POINT('',#3174);
#985=VERTEX_POINT('',#3200);
#986=VERTEX_POINT('',#3202);
#987=VERTEX_POINT('',#3204);
#988=VERTEX_POINT('',#3206);
#989=VERTEX_POINT('',#3219);
#990=VERTEX_POINT('',#3221);
#991=VERTEX_POINT('',#3230);
#992=VERTEX_POINT('',#3232);
#993=VERTEX_POINT('',#3237);
#994=VERTEX_POINT('',#3239);
#995=VERTEX_POINT('',#3244);
#996=VERTEX_POINT('',#3245);
#997=VERTEX_POINT('',#3250);
#998=VERTEX_POINT('',#3254);
#999=VERTEX_POINT('',#3259);
#1000=VERTEX_POINT('',#3261);
#1001=VERTEX_POINT('',#3268);
#1002=VERTEX_POINT('',#3272);
#1003=VERTEX_POINT('',#3276);
#1004=VERTEX_POINT('',#3280);
#1005=VERTEX_POINT('',#3282);
#1006=VERTEX_POINT('',#3286);
#1007=VERTEX_POINT('',#3290);
#1008=VERTEX_POINT('',#3296);
#1009=VERTEX_POINT('',#3299);
#1010=VERTEX_POINT('',#3303);
#1011=VERTEX_POINT('',#3304);
#1012=VERTEX_POINT('',#3309);
#1013=VERTEX_POINT('',#3313);
#1014=VERTEX_POINT('',#3314);
#1015=VERTEX_POINT('',#3321);
#1016=VERTEX_POINT('',#3325);
#1017=VERTEX_POINT('',#3329);
#1018=VERTEX_POINT('',#3420);
#1019=VERTEX_POINT('',#3421);
#1020=VERTEX_POINT('',#3423);
#1021=VERTEX_POINT('',#3425);
#1022=VERTEX_POINT('',#3427);
#1023=VERTEX_POINT('',#3429);
#1024=VERTEX_POINT('',#3431);
#1025=VERTEX_POINT('',#3433);
#1026=EDGE_CURVE('',#834,#834,#740,.T.);
#1027=EDGE_CURVE('',#834,#835,#360,.T.);
#1028=EDGE_CURVE('',#835,#835,#741,.T.);
#1029=EDGE_CURVE('',#836,#836,#742,.T.);
#1030=EDGE_CURVE('',#836,#837,#361,.T.);
#1031=EDGE_CURVE('',#837,#837,#743,.T.);
#1032=EDGE_CURVE('',#838,#838,#744,.T.);
#1033=EDGE_CURVE('',#838,#839,#362,.T.);
#1034=EDGE_CURVE('',#839,#839,#745,.T.);
#1035=EDGE_CURVE('',#840,#840,#746,.T.);
#1036=EDGE_CURVE('',#840,#841,#363,.T.);
#1037=EDGE_CURVE('',#841,#841,#747,.T.);
#1038=EDGE_CURVE('',#842,#842,#748,.T.);
#1039=EDGE_CURVE('',#842,#843,#364,.T.);
#1040=EDGE_CURVE('',#843,#843,#749,.T.);
#1041=EDGE_CURVE('',#844,#844,#750,.T.);
#1042=EDGE_CURVE('',#844,#845,#365,.T.);
#1043=EDGE_CURVE('',#845,#845,#751,.T.);
#1044=EDGE_CURVE('',#846,#846,#752,.T.);
#1045=EDGE_CURVE('',#846,#847,#366,.T.);
#1046=EDGE_CURVE('',#847,#847,#753,.T.);
#1047=EDGE_CURVE('',#848,#849,#367,.T.);
#1048=EDGE_CURVE('',#850,#848,#368,.T.);
#1049=EDGE_CURVE('',#851,#850,#369,.T.);
#1050=EDGE_CURVE('',#849,#851,#370,.T.);
#1051=EDGE_CURVE('',#849,#852,#371,.T.);
#1052=EDGE_CURVE('',#853,#852,#372,.T.);
#1053=EDGE_CURVE('',#854,#853,#373,.T.);
#1054=EDGE_CURVE('',#855,#854,#374,.T.);
#1055=EDGE_CURVE('',#856,#855,#375,.T.);
#1056=EDGE_CURVE('',#857,#856,#376,.T.);
#1057=EDGE_CURVE('',#858,#857,#377,.T.);
#1058=EDGE_CURVE('',#859,#858,#378,.T.);
#1059=EDGE_CURVE('',#860,#859,#379,.T.);
#1060=EDGE_CURVE('',#860,#861,#380,.T.);
#1061=EDGE_CURVE('',#862,#861,#381,.T.);
#1062=EDGE_CURVE('',#862,#863,#754,.T.);
#1063=EDGE_CURVE('',#863,#864,#382,.T.);
#1064=EDGE_CURVE('',#864,#865,#755,.T.);
#1065=EDGE_CURVE('',#865,#866,#756,.T.);
#1066=EDGE_CURVE('',#866,#867,#757,.T.);
#1067=EDGE_CURVE('',#867,#868,#383,.T.);
#1068=EDGE_CURVE('',#869,#868,#384,.T.);
#1069=EDGE_CURVE('',#870,#869,#385,.T.);
#1070=EDGE_CURVE('',#871,#870,#386,.T.);
#1071=EDGE_CURVE('',#872,#871,#387,.T.);
#1072=EDGE_CURVE('',#873,#872,#388,.T.);
#1073=EDGE_CURVE('',#873,#848,#389,.T.);
#1074=EDGE_CURVE('',#874,#875,#758,.T.);
#1075=EDGE_CURVE('',#876,#874,#390,.T.);
#1076=EDGE_CURVE('',#877,#876,#759,.T.);
#1077=EDGE_CURVE('',#875,#877,#391,.T.);
#1078=EDGE_CURVE('',#878,#879,#392,.T.);
#1079=EDGE_CURVE('',#878,#880,#760,.T.);
#1080=EDGE_CURVE('',#881,#880,#393,.T.);
#1081=EDGE_CURVE('',#881,#882,#761,.T.);
#1082=EDGE_CURVE('',#883,#882,#394,.T.);
#1083=EDGE_CURVE('',#883,#884,#762,.T.);
#1084=EDGE_CURVE('',#885,#884,#395,.T.);
#1085=EDGE_CURVE('',#885,#879,#763,.T.);
#1086=EDGE_CURVE('',#886,#887,#396,.T.);
#1087=EDGE_CURVE('',#888,#886,#764,.T.);
#1088=EDGE_CURVE('',#889,#888,#397,.T.);
#1089=EDGE_CURVE('',#890,#889,#765,.T.);
#1090=EDGE_CURVE('',#891,#890,#398,.T.);
#1091=EDGE_CURVE('',#892,#891,#766,.T.);
#1092=EDGE_CURVE('',#893,#892,#399,.T.);
#1093=EDGE_CURVE('',#887,#893,#767,.T.);
#1094=EDGE_CURVE('',#894,#895,#400,.T.);
#1095=EDGE_CURVE('',#895,#896,#401,.T.);
#1096=EDGE_CURVE('',#896,#897,#768,.T.);
#1097=EDGE_CURVE('',#897,#894,#402,.T.);
#1098=EDGE_CURVE('',#898,#899,#403,.T.);
#1099=EDGE_CURVE('',#898,#900,#769,.T.);
#1100=EDGE_CURVE('',#901,#900,#404,.T.);
#1101=EDGE_CURVE('',#901,#902,#770,.T.);
#1102=EDGE_CURVE('',#903,#902,#405,.T.);
#1103=EDGE_CURVE('',#903,#899,#771,.T.);
#1104=EDGE_CURVE('',#904,#905,#406,.T.);
#1105=EDGE_CURVE('',#904,#906,#772,.T.);
#1106=EDGE_CURVE('',#907,#906,#407,.T.);
#1107=EDGE_CURVE('',#907,#908,#773,.T.);
#1108=EDGE_CURVE('',#909,#908,#408,.T.);
#1109=EDGE_CURVE('',#909,#910,#774,.T.);
#1110=EDGE_CURVE('',#911,#910,#409,.T.);
#1111=EDGE_CURVE('',#911,#905,#775,.T.);
#1112=EDGE_CURVE('',#912,#913,#410,.T.);
#1113=EDGE_CURVE('',#912,#914,#776,.T.);
#1114=EDGE_CURVE('',#915,#914,#411,.T.);
#1115=EDGE_CURVE('',#915,#916,#777,.T.);
#1116=EDGE_CURVE('',#917,#916,#778,.T.);
#1117=EDGE_CURVE('',#917,#918,#779,.T.);
#1118=EDGE_CURVE('',#919,#918,#412,.T.);
#1119=EDGE_CURVE('',#919,#913,#780,.T.);
#1120=EDGE_CURVE('',#920,#921,#413,.T.);
#1121=EDGE_CURVE('',#920,#922,#781,.T.);
#1122=EDGE_CURVE('',#922,#923,#414,.T.);
#1123=EDGE_CURVE('',#923,#924,#782,.T.);
#1124=EDGE_CURVE('',#925,#924,#415,.T.);
#1125=EDGE_CURVE('',#926,#925,#783,.T.);
#1126=EDGE_CURVE('',#927,#926,#416,.T.);
#1127=EDGE_CURVE('',#921,#927,#784,.T.);
#1128=EDGE_CURVE('',#851,#928,#417,.T.);
#1129=EDGE_CURVE('',#852,#928,#418,.T.);
#1130=EDGE_CURVE('',#929,#850,#419,.T.);
#1131=EDGE_CURVE('',#930,#929,#420,.T.);
#1132=EDGE_CURVE('',#931,#930,#421,.T.);
#1133=EDGE_CURVE('',#932,#931,#422,.T.);
#1134=EDGE_CURVE('',#933,#932,#423,.T.);
#1135=EDGE_CURVE('',#934,#933,#424,.T.);
#1136=EDGE_CURVE('',#935,#934,#425,.T.);
#1137=EDGE_CURVE('',#936,#935,#785,.T.);
#1138=EDGE_CURVE('',#936,#937,#786,.T.);
#1139=EDGE_CURVE('',#938,#937,#787,.T.);
#1140=EDGE_CURVE('',#939,#938,#426,.T.);
#1141=EDGE_CURVE('',#940,#939,#788,.T.);
#1142=EDGE_CURVE('',#941,#940,#427,.T.);
#1143=EDGE_CURVE('',#942,#941,#428,.T.);
#1144=EDGE_CURVE('',#943,#942,#429,.T.);
#1145=EDGE_CURVE('',#944,#943,#430,.T.);
#1146=EDGE_CURVE('',#945,#944,#431,.T.);
#1147=EDGE_CURVE('',#946,#945,#432,.T.);
#1148=EDGE_CURVE('',#947,#946,#433,.T.);
#1149=EDGE_CURVE('',#948,#947,#434,.T.);
#1150=EDGE_CURVE('',#949,#948,#435,.T.);
#1151=EDGE_CURVE('',#928,#949,#436,.T.);
#1152=EDGE_CURVE('',#950,#951,#437,.T.);
#1153=EDGE_CURVE('',#952,#950,#438,.T.);
#1154=EDGE_CURVE('',#953,#952,#789,.T.);
#1155=EDGE_CURVE('',#951,#953,#439,.T.);
#1156=EDGE_CURVE('',#954,#954,#790,.T.);
#1157=EDGE_CURVE('',#955,#956,#440,.T.);
#1158=EDGE_CURVE('',#955,#957,#791,.T.);
#1159=EDGE_CURVE('',#958,#957,#441,.T.);
#1160=EDGE_CURVE('',#958,#959,#792,.T.);
#1161=EDGE_CURVE('',#960,#959,#442,.T.);
#1162=EDGE_CURVE('',#960,#956,#793,.T.);
#1163=EDGE_CURVE('',#961,#962,#443,.T.);
#1164=EDGE_CURVE('',#961,#963,#794,.T.);
#1165=EDGE_CURVE('',#964,#963,#444,.T.);
#1166=EDGE_CURVE('',#964,#965,#795,.T.);
#1167=EDGE_CURVE('',#966,#965,#445,.T.);
#1168=EDGE_CURVE('',#966,#967,#796,.T.);
#1169=EDGE_CURVE('',#968,#967,#446,.T.);
#1170=EDGE_CURVE('',#968,#962,#797,.T.);
#1171=EDGE_CURVE('',#969,#970,#447,.T.);
#1172=EDGE_CURVE('',#969,#971,#798,.T.);
#1173=EDGE_CURVE('',#972,#971,#448,.T.);
#1174=EDGE_CURVE('',#972,#973,#799,.T.);
#1175=EDGE_CURVE('',#974,#973,#800,.T.);
#1176=EDGE_CURVE('',#974,#975,#801,.T.);
#1177=EDGE_CURVE('',#976,#975,#449,.T.);
#1178=EDGE_CURVE('',#976,#970,#802,.T.);
#1179=EDGE_CURVE('',#977,#977,#803,.T.);
#1180=EDGE_CURVE('',#978,#978,#804,.T.);
#1181=EDGE_CURVE('',#979,#979,#805,.T.);
#1182=EDGE_CURVE('',#980,#980,#806,.T.);
#1183=EDGE_CURVE('',#981,#981,#807,.T.);
#1184=EDGE_CURVE('',#981,#982,#450,.T.);
#1185=EDGE_CURVE('',#983,#982,#16,.T.);
#1186=EDGE_CURVE('',#984,#983,#15,.T.);
#1187=EDGE_CURVE('',#982,#984,#17,.T.);
#1188=EDGE_CURVE('',#985,#985,#808,.T.);
#1189=EDGE_CURVE('',#985,#986,#451,.T.);
#1190=EDGE_CURVE('',#987,#986,#809,.T.);
#1191=EDGE_CURVE('',#988,#987,#18,.T.);
#1192=EDGE_CURVE('',#986,#988,#810,.T.);
#1193=EDGE_CURVE('',#984,#989,#452,.T.);
#1194=EDGE_CURVE('',#990,#989,#811,.T.);
#1195=EDGE_CURVE('',#921,#990,#453,.T.);
#1196=EDGE_CURVE('',#927,#983,#454,.T.);
#1197=EDGE_CURVE('',#988,#901,#455,.T.);
#1198=EDGE_CURVE('',#900,#960,#456,.T.);
#1199=EDGE_CURVE('',#959,#987,#457,.T.);
#1200=EDGE_CURVE('',#991,#991,#812,.T.);
#1201=EDGE_CURVE('',#991,#992,#458,.T.);
#1202=EDGE_CURVE('',#992,#992,#813,.T.);
#1203=EDGE_CURVE('',#993,#993,#814,.T.);
#1204=EDGE_CURVE('',#993,#994,#459,.T.);
#1205=EDGE_CURVE('',#994,#994,#815,.T.);
#1206=EDGE_CURVE('',#995,#996,#816,.T.);
#1207=EDGE_CURVE('',#924,#996,#460,.T.);
#1208=EDGE_CURVE('',#995,#923,#461,.T.);
#1209=EDGE_CURVE('',#922,#997,#462,.T.);
#1210=EDGE_CURVE('',#997,#995,#463,.T.);
#1211=EDGE_CURVE('',#998,#997,#817,.T.);
#1212=EDGE_CURVE('',#998,#920,#464,.T.);
#1213=EDGE_CURVE('',#998,#990,#465,.T.);
#1214=EDGE_CURVE('',#989,#999,#466,.T.);
#1215=EDGE_CURVE('',#999,#1000,#818,.T.);
#1216=EDGE_CURVE('',#1000,#996,#467,.T.);
#1217=EDGE_CURVE('',#925,#1000,#468,.T.);
#1218=EDGE_CURVE('',#980,#1001,#469,.T.);
#1219=EDGE_CURVE('',#1001,#1001,#819,.T.);
#1220=EDGE_CURVE('',#979,#1002,#470,.T.);
#1221=EDGE_CURVE('',#1002,#1002,#820,.T.);
#1222=EDGE_CURVE('',#978,#1003,#471,.T.);
#1223=EDGE_CURVE('',#1003,#1003,#821,.T.);
#1224=EDGE_CURVE('',#875,#1004,#472,.T.);
#1225=EDGE_CURVE('',#1005,#1004,#822,.T.);
#1226=EDGE_CURVE('',#874,#1005,#473,.T.);
#1227=EDGE_CURVE('',#1006,#1005,#474,.T.);
#1228=EDGE_CURVE('',#876,#1006,#475,.T.);
#1229=EDGE_CURVE('',#1007,#1006,#823,.T.);
#1230=EDGE_CURVE('',#877,#1007,#476,.T.);
#1231=EDGE_CURVE('',#1004,#1007,#477,.T.);
#1232=EDGE_CURVE('',#1008,#1008,#824,.T.);
#1233=EDGE_CURVE('',#977,#1009,#478,.T.);
#1234=EDGE_CURVE('',#1009,#1009,#825,.T.);
#1235=EDGE_CURVE('',#1010,#1011,#826,.T.);
#1236=EDGE_CURVE('',#879,#1011,#479,.T.);
#1237=EDGE_CURVE('',#1010,#885,#480,.T.);
#1238=EDGE_CURVE('',#1012,#1011,#481,.T.);
#1239=EDGE_CURVE('',#1012,#878,#482,.T.);
#1240=EDGE_CURVE('',#1013,#1014,#827,.T.);
#1241=EDGE_CURVE('',#884,#1014,#483,.T.);
#1242=EDGE_CURVE('',#1013,#883,#484,.T.);
#1243=EDGE_CURVE('',#1010,#1014,#485,.T.);
#1244=EDGE_CURVE('',#1012,#1015,#828,.T.);
#1245=EDGE_CURVE('',#880,#1015,#486,.T.);
#1246=EDGE_CURVE('',#1016,#1015,#487,.T.);
#1247=EDGE_CURVE('',#1016,#881,#488,.T.);
#1248=EDGE_CURVE('',#1016,#1017,#829,.T.);
#1249=EDGE_CURVE('',#882,#1017,#489,.T.);
#1250=EDGE_CURVE('',#1013,#1017,#490,.T.);
#1251=EDGE_CURVE('',#866,#936,#491,.T.);
#1252=EDGE_CURVE('',#937,#865,#492,.T.);
#1253=EDGE_CURVE('',#864,#938,#493,.T.);
#1254=EDGE_CURVE('',#867,#935,#494,.T.);
#1255=EDGE_CURVE('',#868,#934,#495,.T.);
#1256=EDGE_CURVE('',#926,#999,#496,.T.);
#1257=EDGE_CURVE('',#902,#958,#497,.T.);
#1258=EDGE_CURVE('',#957,#903,#498,.T.);
#1259=EDGE_CURVE('',#899,#955,#499,.T.);
#1260=EDGE_CURVE('',#956,#898,#500,.T.);
#1261=EDGE_CURVE('',#965,#909,#501,.T.);
#1262=EDGE_CURVE('',#910,#964,#502,.T.);
#1263=EDGE_CURVE('',#963,#911,#503,.T.);
#1264=EDGE_CURVE('',#967,#907,#504,.T.);
#1265=EDGE_CURVE('',#908,#966,#505,.T.);
#1266=EDGE_CURVE('',#905,#961,#506,.T.);
#1267=EDGE_CURVE('',#962,#904,#507,.T.);
#1268=EDGE_CURVE('',#971,#919,#508,.T.);
#1269=EDGE_CURVE('',#913,#969,#509,.T.);
#1270=EDGE_CURVE('',#970,#912,#510,.T.);
#1271=EDGE_CURVE('',#906,#968,#511,.T.);
#1272=EDGE_CURVE('',#914,#976,#512,.T.);
#1273=EDGE_CURVE('',#975,#915,#513,.T.);
#1274=EDGE_CURVE('',#973,#917,#514,.T.);
#1275=EDGE_CURVE('',#918,#972,#515,.T.);
#1276=EDGE_CURVE('',#916,#974,#516,.T.);
#1277=EDGE_CURVE('',#1008,#954,#517,.T.);
#1278=EDGE_CURVE('',#932,#870,#518,.T.);
#1279=EDGE_CURVE('',#869,#933,#519,.T.);
#1280=EDGE_CURVE('',#931,#871,#520,.T.);
#1281=EDGE_CURVE('',#942,#860,#521,.T.);
#1282=EDGE_CURVE('',#943,#859,#522,.T.);
#1283=EDGE_CURVE('',#858,#944,#523,.T.);
#1284=EDGE_CURVE('',#857,#945,#524,.T.);
#1285=EDGE_CURVE('',#861,#941,#525,.T.);
#1286=EDGE_CURVE('',#946,#856,#526,.T.);
#1287=EDGE_CURVE('',#855,#947,#527,.T.);
#1288=EDGE_CURVE('',#949,#853,#528,.T.);
#1289=EDGE_CURVE('',#948,#854,#529,.T.);
#1290=EDGE_CURVE('',#929,#873,#530,.T.);
#1291=EDGE_CURVE('',#930,#872,#531,.T.);
#1292=EDGE_CURVE('',#1018,#1019,#830,.T.);
#1293=EDGE_CURVE('',#1019,#1020,#532,.T.);
#1294=EDGE_CURVE('',#1020,#1021,#831,.T.);
#1295=EDGE_CURVE('',#1021,#1022,#533,.T.);
#1296=EDGE_CURVE('',#1022,#1023,#832,.T.);
#1297=EDGE_CURVE('',#1023,#1024,#534,.T.);
#1298=EDGE_CURVE('',#1024,#1025,#833,.T.);
#1299=EDGE_CURVE('',#1025,#1018,#535,.T.);
#1300=EDGE_CURVE('',#890,#1022,#536,.T.);
#1301=EDGE_CURVE('',#889,#1023,#537,.T.);
#1302=EDGE_CURVE('',#888,#1024,#538,.T.);
#1303=EDGE_CURVE('',#886,#1025,#539,.T.);
#1304=EDGE_CURVE('',#887,#1018,#540,.T.);
#1305=EDGE_CURVE('',#891,#1021,#541,.T.);
#1306=EDGE_CURVE('',#892,#1020,#542,.T.);
#1307=EDGE_CURVE('',#893,#1019,#543,.T.);
#1308=EDGE_CURVE('',#897,#952,#544,.T.);
#1309=EDGE_CURVE('',#894,#950,#545,.T.);
#1310=EDGE_CURVE('',#896,#953,#546,.T.);
#1311=EDGE_CURVE('',#895,#951,#547,.T.);
#1312=EDGE_CURVE('',#863,#939,#548,.T.);
#1313=EDGE_CURVE('',#862,#940,#549,.T.);
#1314=ORIENTED_EDGE('',*,*,#1026,.F.);
#1315=ORIENTED_EDGE('',*,*,#1027,.T.);
#1316=ORIENTED_EDGE('',*,*,#1028,.F.);
#1317=ORIENTED_EDGE('',*,*,#1027,.F.);
#1318=ORIENTED_EDGE('',*,*,#1029,.F.);
#1319=ORIENTED_EDGE('',*,*,#1030,.T.);
#1320=ORIENTED_EDGE('',*,*,#1031,.F.);
#1321=ORIENTED_EDGE('',*,*,#1030,.F.);
#1322=ORIENTED_EDGE('',*,*,#1032,.F.);
#1323=ORIENTED_EDGE('',*,*,#1033,.T.);
#1324=ORIENTED_EDGE('',*,*,#1034,.F.);
#1325=ORIENTED_EDGE('',*,*,#1033,.F.);
#1326=ORIENTED_EDGE('',*,*,#1035,.F.);
#1327=ORIENTED_EDGE('',*,*,#1036,.T.);
#1328=ORIENTED_EDGE('',*,*,#1037,.F.);
#1329=ORIENTED_EDGE('',*,*,#1036,.F.);
#1330=ORIENTED_EDGE('',*,*,#1038,.F.);
#1331=ORIENTED_EDGE('',*,*,#1039,.T.);
#1332=ORIENTED_EDGE('',*,*,#1040,.T.);
#1333=ORIENTED_EDGE('',*,*,#1039,.F.);
#1334=ORIENTED_EDGE('',*,*,#1040,.F.);
#1335=ORIENTED_EDGE('',*,*,#1041,.F.);
#1336=ORIENTED_EDGE('',*,*,#1042,.T.);
#1337=ORIENTED_EDGE('',*,*,#1043,.T.);
#1338=ORIENTED_EDGE('',*,*,#1042,.F.);
#1339=ORIENTED_EDGE('',*,*,#1044,.F.);
#1340=ORIENTED_EDGE('',*,*,#1045,.T.);
#1341=ORIENTED_EDGE('',*,*,#1046,.F.);
#1342=ORIENTED_EDGE('',*,*,#1045,.F.);
#1343=ORIENTED_EDGE('',*,*,#1043,.F.);
#1344=ORIENTED_EDGE('',*,*,#1047,.F.);
#1345=ORIENTED_EDGE('',*,*,#1048,.F.);
#1346=ORIENTED_EDGE('',*,*,#1049,.F.);
#1347=ORIENTED_EDGE('',*,*,#1050,.F.);
#1348=ORIENTED_EDGE('',*,*,#1035,.T.);
#1349=ORIENTED_EDGE('',*,*,#1044,.T.);
#1350=ORIENTED_EDGE('',*,*,#1047,.T.);
#1351=ORIENTED_EDGE('',*,*,#1051,.T.);
#1352=ORIENTED_EDGE('',*,*,#1052,.F.);
#1353=ORIENTED_EDGE('',*,*,#1053,.F.);
#1354=ORIENTED_EDGE('',*,*,#1054,.F.);
#1355=ORIENTED_EDGE('',*,*,#1055,.F.);
#1356=ORIENTED_EDGE('',*,*,#1056,.F.);
#1357=ORIENTED_EDGE('',*,*,#1057,.F.);
#1358=ORIENTED_EDGE('',*,*,#1058,.F.);
#1359=ORIENTED_EDGE('',*,*,#1059,.F.);
#1360=ORIENTED_EDGE('',*,*,#1060,.T.);
#1361=ORIENTED_EDGE('',*,*,#1061,.F.);
#1362=ORIENTED_EDGE('',*,*,#1062,.T.);
#1363=ORIENTED_EDGE('',*,*,#1063,.T.);
#1364=ORIENTED_EDGE('',*,*,#1064,.T.);
#1365=ORIENTED_EDGE('',*,*,#1065,.T.);
#1366=ORIENTED_EDGE('',*,*,#1066,.T.);
#1367=ORIENTED_EDGE('',*,*,#1067,.T.);
#1368=ORIENTED_EDGE('',*,*,#1068,.F.);
#1369=ORIENTED_EDGE('',*,*,#1069,.F.);
#1370=ORIENTED_EDGE('',*,*,#1070,.F.);
#1371=ORIENTED_EDGE('',*,*,#1071,.F.);
#1372=ORIENTED_EDGE('',*,*,#1072,.F.);
#1373=ORIENTED_EDGE('',*,*,#1073,.T.);
#1374=ORIENTED_EDGE('',*,*,#1028,.T.);
#1375=ORIENTED_EDGE('',*,*,#1074,.F.);
#1376=ORIENTED_EDGE('',*,*,#1075,.F.);
#1377=ORIENTED_EDGE('',*,*,#1076,.F.);
#1378=ORIENTED_EDGE('',*,*,#1077,.F.);
#1379=ORIENTED_EDGE('',*,*,#1078,.F.);
#1380=ORIENTED_EDGE('',*,*,#1079,.T.);
#1381=ORIENTED_EDGE('',*,*,#1080,.F.);
#1382=ORIENTED_EDGE('',*,*,#1081,.T.);
#1383=ORIENTED_EDGE('',*,*,#1082,.F.);
#1384=ORIENTED_EDGE('',*,*,#1083,.T.);
#1385=ORIENTED_EDGE('',*,*,#1084,.F.);
#1386=ORIENTED_EDGE('',*,*,#1085,.T.);
#1387=ORIENTED_EDGE('',*,*,#1086,.F.);
#1388=ORIENTED_EDGE('',*,*,#1087,.F.);
#1389=ORIENTED_EDGE('',*,*,#1088,.F.);
#1390=ORIENTED_EDGE('',*,*,#1089,.F.);
#1391=ORIENTED_EDGE('',*,*,#1090,.F.);
#1392=ORIENTED_EDGE('',*,*,#1091,.F.);
#1393=ORIENTED_EDGE('',*,*,#1092,.F.);
#1394=ORIENTED_EDGE('',*,*,#1093,.F.);
#1395=ORIENTED_EDGE('',*,*,#1094,.T.);
#1396=ORIENTED_EDGE('',*,*,#1095,.T.);
#1397=ORIENTED_EDGE('',*,*,#1096,.T.);
#1398=ORIENTED_EDGE('',*,*,#1097,.T.);
#1399=ORIENTED_EDGE('',*,*,#1098,.F.);
#1400=ORIENTED_EDGE('',*,*,#1099,.T.);
#1401=ORIENTED_EDGE('',*,*,#1100,.F.);
#1402=ORIENTED_EDGE('',*,*,#1101,.T.);
#1403=ORIENTED_EDGE('',*,*,#1102,.F.);
#1404=ORIENTED_EDGE('',*,*,#1103,.T.);
#1405=ORIENTED_EDGE('',*,*,#1104,.F.);
#1406=ORIENTED_EDGE('',*,*,#1105,.T.);
#1407=ORIENTED_EDGE('',*,*,#1106,.F.);
#1408=ORIENTED_EDGE('',*,*,#1107,.T.);
#1409=ORIENTED_EDGE('',*,*,#1108,.F.);
#1410=ORIENTED_EDGE('',*,*,#1109,.T.);
#1411=ORIENTED_EDGE('',*,*,#1110,.F.);
#1412=ORIENTED_EDGE('',*,*,#1111,.T.);
#1413=ORIENTED_EDGE('',*,*,#1112,.F.);
#1414=ORIENTED_EDGE('',*,*,#1113,.T.);
#1415=ORIENTED_EDGE('',*,*,#1114,.F.);
#1416=ORIENTED_EDGE('',*,*,#1115,.T.);
#1417=ORIENTED_EDGE('',*,*,#1116,.F.);
#1418=ORIENTED_EDGE('',*,*,#1117,.T.);
#1419=ORIENTED_EDGE('',*,*,#1118,.F.);
#1420=ORIENTED_EDGE('',*,*,#1119,.T.);
#1421=ORIENTED_EDGE('',*,*,#1120,.F.);
#1422=ORIENTED_EDGE('',*,*,#1121,.T.);
#1423=ORIENTED_EDGE('',*,*,#1122,.T.);
#1424=ORIENTED_EDGE('',*,*,#1123,.T.);
#1425=ORIENTED_EDGE('',*,*,#1124,.F.);
#1426=ORIENTED_EDGE('',*,*,#1125,.F.);
#1427=ORIENTED_EDGE('',*,*,#1126,.F.);
#1428=ORIENTED_EDGE('',*,*,#1127,.F.);
#1429=ORIENTED_EDGE('',*,*,#1050,.T.);
#1430=ORIENTED_EDGE('',*,*,#1128,.T.);
#1431=ORIENTED_EDGE('',*,*,#1129,.F.);
#1432=ORIENTED_EDGE('',*,*,#1051,.F.);
#1433=ORIENTED_EDGE('',*,*,#1049,.T.);
#1434=ORIENTED_EDGE('',*,*,#1130,.F.);
#1435=ORIENTED_EDGE('',*,*,#1131,.F.);
#1436=ORIENTED_EDGE('',*,*,#1132,.F.);
#1437=ORIENTED_EDGE('',*,*,#1133,.F.);
#1438=ORIENTED_EDGE('',*,*,#1134,.F.);
#1439=ORIENTED_EDGE('',*,*,#1135,.F.);
#1440=ORIENTED_EDGE('',*,*,#1136,.F.);
#1441=ORIENTED_EDGE('',*,*,#1137,.F.);
#1442=ORIENTED_EDGE('',*,*,#1138,.T.);
#1443=ORIENTED_EDGE('',*,*,#1139,.F.);
#1444=ORIENTED_EDGE('',*,*,#1140,.F.);
#1445=ORIENTED_EDGE('',*,*,#1141,.F.);
#1446=ORIENTED_EDGE('',*,*,#1142,.F.);
#1447=ORIENTED_EDGE('',*,*,#1143,.F.);
#1448=ORIENTED_EDGE('',*,*,#1144,.F.);
#1449=ORIENTED_EDGE('',*,*,#1145,.F.);
#1450=ORIENTED_EDGE('',*,*,#1146,.F.);
#1451=ORIENTED_EDGE('',*,*,#1147,.F.);
#1452=ORIENTED_EDGE('',*,*,#1148,.F.);
#1453=ORIENTED_EDGE('',*,*,#1149,.F.);
#1454=ORIENTED_EDGE('',*,*,#1150,.F.);
#1455=ORIENTED_EDGE('',*,*,#1151,.F.);
#1456=ORIENTED_EDGE('',*,*,#1128,.F.);
#1457=ORIENTED_EDGE('',*,*,#1026,.T.);
#1458=ORIENTED_EDGE('',*,*,#1152,.F.);
#1459=ORIENTED_EDGE('',*,*,#1153,.F.);
#1460=ORIENTED_EDGE('',*,*,#1154,.F.);
#1461=ORIENTED_EDGE('',*,*,#1155,.F.);
#1462=ORIENTED_EDGE('',*,*,#1156,.F.);
#1463=ORIENTED_EDGE('',*,*,#1157,.F.);
#1464=ORIENTED_EDGE('',*,*,#1158,.T.);
#1465=ORIENTED_EDGE('',*,*,#1159,.F.);
#1466=ORIENTED_EDGE('',*,*,#1160,.T.);
#1467=ORIENTED_EDGE('',*,*,#1161,.F.);
#1468=ORIENTED_EDGE('',*,*,#1162,.T.);
#1469=ORIENTED_EDGE('',*,*,#1163,.F.);
#1470=ORIENTED_EDGE('',*,*,#1164,.T.);
#1471=ORIENTED_EDGE('',*,*,#1165,.F.);
#1472=ORIENTED_EDGE('',*,*,#1166,.T.);
#1473=ORIENTED_EDGE('',*,*,#1167,.F.);
#1474=ORIENTED_EDGE('',*,*,#1168,.T.);
#1475=ORIENTED_EDGE('',*,*,#1169,.F.);
#1476=ORIENTED_EDGE('',*,*,#1170,.T.);
#1477=ORIENTED_EDGE('',*,*,#1171,.F.);
#1478=ORIENTED_EDGE('',*,*,#1172,.T.);
#1479=ORIENTED_EDGE('',*,*,#1173,.F.);
#1480=ORIENTED_EDGE('',*,*,#1174,.T.);
#1481=ORIENTED_EDGE('',*,*,#1175,.F.);
#1482=ORIENTED_EDGE('',*,*,#1176,.T.);
#1483=ORIENTED_EDGE('',*,*,#1177,.F.);
#1484=ORIENTED_EDGE('',*,*,#1178,.T.);
#1485=ORIENTED_EDGE('',*,*,#1179,.F.);
#1486=ORIENTED_EDGE('',*,*,#1180,.F.);
#1487=ORIENTED_EDGE('',*,*,#1181,.F.);
#1488=ORIENTED_EDGE('',*,*,#1182,.F.);
#1489=ORIENTED_EDGE('',*,*,#1183,.F.);
#1490=ORIENTED_EDGE('',*,*,#1184,.T.);
#1491=ORIENTED_EDGE('',*,*,#1185,.F.);
#1492=ORIENTED_EDGE('',*,*,#1186,.F.);
#1493=ORIENTED_EDGE('',*,*,#1187,.F.);
#1494=ORIENTED_EDGE('',*,*,#1184,.F.);
#1495=ORIENTED_EDGE('',*,*,#1188,.F.);
#1496=ORIENTED_EDGE('',*,*,#1189,.T.);
#1497=ORIENTED_EDGE('',*,*,#1190,.F.);
#1498=ORIENTED_EDGE('',*,*,#1191,.F.);
#1499=ORIENTED_EDGE('',*,*,#1192,.F.);
#1500=ORIENTED_EDGE('',*,*,#1189,.F.);
#1501=ORIENTED_EDGE('',*,*,#1185,.T.);
#1502=ORIENTED_EDGE('',*,*,#1187,.T.);
#1503=ORIENTED_EDGE('',*,*,#1193,.T.);
#1504=ORIENTED_EDGE('',*,*,#1194,.F.);
#1505=ORIENTED_EDGE('',*,*,#1195,.F.);
#1506=ORIENTED_EDGE('',*,*,#1127,.T.);
#1507=ORIENTED_EDGE('',*,*,#1196,.T.);
#1508=ORIENTED_EDGE('',*,*,#1190,.T.);
#1509=ORIENTED_EDGE('',*,*,#1192,.T.);
#1510=ORIENTED_EDGE('',*,*,#1197,.T.);
#1511=ORIENTED_EDGE('',*,*,#1100,.T.);
#1512=ORIENTED_EDGE('',*,*,#1198,.T.);
#1513=ORIENTED_EDGE('',*,*,#1161,.T.);
#1514=ORIENTED_EDGE('',*,*,#1199,.T.);
#1515=ORIENTED_EDGE('',*,*,#1200,.F.);
#1516=ORIENTED_EDGE('',*,*,#1201,.T.);
#1517=ORIENTED_EDGE('',*,*,#1202,.T.);
#1518=ORIENTED_EDGE('',*,*,#1201,.F.);
#1519=ORIENTED_EDGE('',*,*,#1202,.F.);
#1520=ORIENTED_EDGE('',*,*,#1203,.F.);
#1521=ORIENTED_EDGE('',*,*,#1204,.T.);
#1522=ORIENTED_EDGE('',*,*,#1205,.T.);
#1523=ORIENTED_EDGE('',*,*,#1204,.F.);
#1524=ORIENTED_EDGE('',*,*,#1205,.F.);
#1525=ORIENTED_EDGE('',*,*,#1206,.T.);
#1526=ORIENTED_EDGE('',*,*,#1207,.F.);
#1527=ORIENTED_EDGE('',*,*,#1123,.F.);
#1528=ORIENTED_EDGE('',*,*,#1208,.F.);
#1529=ORIENTED_EDGE('',*,*,#1208,.T.);
#1530=ORIENTED_EDGE('',*,*,#1122,.F.);
#1531=ORIENTED_EDGE('',*,*,#1209,.T.);
#1532=ORIENTED_EDGE('',*,*,#1210,.T.);
#1533=ORIENTED_EDGE('',*,*,#1031,.T.);
#1534=ORIENTED_EDGE('',*,*,#1034,.T.);
#1535=ORIENTED_EDGE('',*,*,#1211,.T.);
#1536=ORIENTED_EDGE('',*,*,#1209,.F.);
#1537=ORIENTED_EDGE('',*,*,#1121,.F.);
#1538=ORIENTED_EDGE('',*,*,#1212,.F.);
#1539=ORIENTED_EDGE('',*,*,#1206,.F.);
#1540=ORIENTED_EDGE('',*,*,#1210,.F.);
#1541=ORIENTED_EDGE('',*,*,#1211,.F.);
#1542=ORIENTED_EDGE('',*,*,#1213,.T.);
#1543=ORIENTED_EDGE('',*,*,#1194,.T.);
#1544=ORIENTED_EDGE('',*,*,#1214,.T.);
#1545=ORIENTED_EDGE('',*,*,#1215,.T.);
#1546=ORIENTED_EDGE('',*,*,#1216,.T.);
#1547=ORIENTED_EDGE('',*,*,#1207,.T.);
#1548=ORIENTED_EDGE('',*,*,#1216,.F.);
#1549=ORIENTED_EDGE('',*,*,#1217,.F.);
#1550=ORIENTED_EDGE('',*,*,#1124,.T.);
#1551=ORIENTED_EDGE('',*,*,#1212,.T.);
#1552=ORIENTED_EDGE('',*,*,#1120,.T.);
#1553=ORIENTED_EDGE('',*,*,#1195,.T.);
#1554=ORIENTED_EDGE('',*,*,#1213,.F.);
#1555=ORIENTED_EDGE('',*,*,#1182,.T.);
#1556=ORIENTED_EDGE('',*,*,#1218,.T.);
#1557=ORIENTED_EDGE('',*,*,#1219,.F.);
#1558=ORIENTED_EDGE('',*,*,#1218,.F.);
#1559=ORIENTED_EDGE('',*,*,#1181,.T.);
#1560=ORIENTED_EDGE('',*,*,#1220,.T.);
#1561=ORIENTED_EDGE('',*,*,#1221,.F.);
#1562=ORIENTED_EDGE('',*,*,#1220,.F.);
#1563=ORIENTED_EDGE('',*,*,#1180,.T.);
#1564=ORIENTED_EDGE('',*,*,#1222,.T.);
#1565=ORIENTED_EDGE('',*,*,#1223,.F.);
#1566=ORIENTED_EDGE('',*,*,#1222,.F.);
#1567=ORIENTED_EDGE('',*,*,#1074,.T.);
#1568=ORIENTED_EDGE('',*,*,#1224,.T.);
#1569=ORIENTED_EDGE('',*,*,#1225,.F.);
#1570=ORIENTED_EDGE('',*,*,#1226,.F.);
#1571=ORIENTED_EDGE('',*,*,#1075,.T.);
#1572=ORIENTED_EDGE('',*,*,#1226,.T.);
#1573=ORIENTED_EDGE('',*,*,#1227,.F.);
#1574=ORIENTED_EDGE('',*,*,#1228,.F.);
#1575=ORIENTED_EDGE('',*,*,#1076,.T.);
#1576=ORIENTED_EDGE('',*,*,#1228,.T.);
#1577=ORIENTED_EDGE('',*,*,#1229,.F.);
#1578=ORIENTED_EDGE('',*,*,#1230,.F.);
#1579=ORIENTED_EDGE('',*,*,#1077,.T.);
#1580=ORIENTED_EDGE('',*,*,#1230,.T.);
#1581=ORIENTED_EDGE('',*,*,#1231,.F.);
#1582=ORIENTED_EDGE('',*,*,#1224,.F.);
#1583=ORIENTED_EDGE('',*,*,#1231,.T.);
#1584=ORIENTED_EDGE('',*,*,#1229,.T.);
#1585=ORIENTED_EDGE('',*,*,#1227,.T.);
#1586=ORIENTED_EDGE('',*,*,#1225,.T.);
#1587=ORIENTED_EDGE('',*,*,#1221,.T.);
#1588=ORIENTED_EDGE('',*,*,#1219,.T.);
#1589=ORIENTED_EDGE('',*,*,#1232,.T.);
#1590=ORIENTED_EDGE('',*,*,#1223,.T.);
#1591=ORIENTED_EDGE('',*,*,#1179,.T.);
#1592=ORIENTED_EDGE('',*,*,#1233,.T.);
#1593=ORIENTED_EDGE('',*,*,#1234,.T.);
#1594=ORIENTED_EDGE('',*,*,#1233,.F.);
#1595=ORIENTED_EDGE('',*,*,#1235,.T.);
#1596=ORIENTED_EDGE('',*,*,#1236,.F.);
#1597=ORIENTED_EDGE('',*,*,#1085,.F.);
#1598=ORIENTED_EDGE('',*,*,#1237,.F.);
#1599=ORIENTED_EDGE('',*,*,#1236,.T.);
#1600=ORIENTED_EDGE('',*,*,#1238,.F.);
#1601=ORIENTED_EDGE('',*,*,#1239,.T.);
#1602=ORIENTED_EDGE('',*,*,#1078,.T.);
#1603=ORIENTED_EDGE('',*,*,#1240,.T.);
#1604=ORIENTED_EDGE('',*,*,#1241,.F.);
#1605=ORIENTED_EDGE('',*,*,#1083,.F.);
#1606=ORIENTED_EDGE('',*,*,#1242,.F.);
#1607=ORIENTED_EDGE('',*,*,#1237,.T.);
#1608=ORIENTED_EDGE('',*,*,#1084,.T.);
#1609=ORIENTED_EDGE('',*,*,#1241,.T.);
#1610=ORIENTED_EDGE('',*,*,#1243,.F.);
#1611=ORIENTED_EDGE('',*,*,#1244,.T.);
#1612=ORIENTED_EDGE('',*,*,#1245,.F.);
#1613=ORIENTED_EDGE('',*,*,#1079,.F.);
#1614=ORIENTED_EDGE('',*,*,#1239,.F.);
#1615=ORIENTED_EDGE('',*,*,#1245,.T.);
#1616=ORIENTED_EDGE('',*,*,#1246,.F.);
#1617=ORIENTED_EDGE('',*,*,#1247,.T.);
#1618=ORIENTED_EDGE('',*,*,#1080,.T.);
#1619=ORIENTED_EDGE('',*,*,#1248,.T.);
#1620=ORIENTED_EDGE('',*,*,#1249,.F.);
#1621=ORIENTED_EDGE('',*,*,#1081,.F.);
#1622=ORIENTED_EDGE('',*,*,#1247,.F.);
#1623=ORIENTED_EDGE('',*,*,#1242,.T.);
#1624=ORIENTED_EDGE('',*,*,#1082,.T.);
#1625=ORIENTED_EDGE('',*,*,#1249,.T.);
#1626=ORIENTED_EDGE('',*,*,#1250,.F.);
#1627=ORIENTED_EDGE('',*,*,#1235,.F.);
#1628=ORIENTED_EDGE('',*,*,#1243,.T.);
#1629=ORIENTED_EDGE('',*,*,#1240,.F.);
#1630=ORIENTED_EDGE('',*,*,#1250,.T.);
#1631=ORIENTED_EDGE('',*,*,#1248,.F.);
#1632=ORIENTED_EDGE('',*,*,#1246,.T.);
#1633=ORIENTED_EDGE('',*,*,#1244,.F.);
#1634=ORIENTED_EDGE('',*,*,#1238,.T.);
#1635=ORIENTED_EDGE('',*,*,#1138,.F.);
#1636=ORIENTED_EDGE('',*,*,#1251,.F.);
#1637=ORIENTED_EDGE('',*,*,#1065,.F.);
#1638=ORIENTED_EDGE('',*,*,#1252,.F.);
#1639=ORIENTED_EDGE('',*,*,#1252,.T.);
#1640=ORIENTED_EDGE('',*,*,#1064,.F.);
#1641=ORIENTED_EDGE('',*,*,#1253,.T.);
#1642=ORIENTED_EDGE('',*,*,#1139,.T.);
#1643=ORIENTED_EDGE('',*,*,#1251,.T.);
#1644=ORIENTED_EDGE('',*,*,#1137,.T.);
#1645=ORIENTED_EDGE('',*,*,#1254,.F.);
#1646=ORIENTED_EDGE('',*,*,#1066,.F.);
#1647=ORIENTED_EDGE('',*,*,#1067,.F.);
#1648=ORIENTED_EDGE('',*,*,#1254,.T.);
#1649=ORIENTED_EDGE('',*,*,#1136,.T.);
#1650=ORIENTED_EDGE('',*,*,#1255,.F.);
#1651=ORIENTED_EDGE('',*,*,#1125,.T.);
#1652=ORIENTED_EDGE('',*,*,#1217,.T.);
#1653=ORIENTED_EDGE('',*,*,#1215,.F.);
#1654=ORIENTED_EDGE('',*,*,#1256,.F.);
#1655=ORIENTED_EDGE('',*,*,#1186,.T.);
#1656=ORIENTED_EDGE('',*,*,#1196,.F.);
#1657=ORIENTED_EDGE('',*,*,#1126,.T.);
#1658=ORIENTED_EDGE('',*,*,#1256,.T.);
#1659=ORIENTED_EDGE('',*,*,#1214,.F.);
#1660=ORIENTED_EDGE('',*,*,#1193,.F.);
#1661=ORIENTED_EDGE('',*,*,#1191,.T.);
#1662=ORIENTED_EDGE('',*,*,#1199,.F.);
#1663=ORIENTED_EDGE('',*,*,#1160,.F.);
#1664=ORIENTED_EDGE('',*,*,#1257,.F.);
#1665=ORIENTED_EDGE('',*,*,#1101,.F.);
#1666=ORIENTED_EDGE('',*,*,#1197,.F.);
#1667=ORIENTED_EDGE('',*,*,#1257,.T.);
#1668=ORIENTED_EDGE('',*,*,#1159,.T.);
#1669=ORIENTED_EDGE('',*,*,#1258,.T.);
#1670=ORIENTED_EDGE('',*,*,#1102,.T.);
#1671=ORIENTED_EDGE('',*,*,#1103,.F.);
#1672=ORIENTED_EDGE('',*,*,#1258,.F.);
#1673=ORIENTED_EDGE('',*,*,#1158,.F.);
#1674=ORIENTED_EDGE('',*,*,#1259,.F.);
#1675=ORIENTED_EDGE('',*,*,#1259,.T.);
#1676=ORIENTED_EDGE('',*,*,#1157,.T.);
#1677=ORIENTED_EDGE('',*,*,#1260,.T.);
#1678=ORIENTED_EDGE('',*,*,#1098,.T.);
#1679=ORIENTED_EDGE('',*,*,#1099,.F.);
#1680=ORIENTED_EDGE('',*,*,#1260,.F.);
#1681=ORIENTED_EDGE('',*,*,#1162,.F.);
#1682=ORIENTED_EDGE('',*,*,#1198,.F.);
#1683=ORIENTED_EDGE('',*,*,#1109,.F.);
#1684=ORIENTED_EDGE('',*,*,#1261,.F.);
#1685=ORIENTED_EDGE('',*,*,#1166,.F.);
#1686=ORIENTED_EDGE('',*,*,#1262,.F.);
#1687=ORIENTED_EDGE('',*,*,#1262,.T.);
#1688=ORIENTED_EDGE('',*,*,#1165,.T.);
#1689=ORIENTED_EDGE('',*,*,#1263,.T.);
#1690=ORIENTED_EDGE('',*,*,#1110,.T.);
#1691=ORIENTED_EDGE('',*,*,#1107,.F.);
#1692=ORIENTED_EDGE('',*,*,#1264,.F.);
#1693=ORIENTED_EDGE('',*,*,#1168,.F.);
#1694=ORIENTED_EDGE('',*,*,#1265,.F.);
#1695=ORIENTED_EDGE('',*,*,#1261,.T.);
#1696=ORIENTED_EDGE('',*,*,#1108,.T.);
#1697=ORIENTED_EDGE('',*,*,#1265,.T.);
#1698=ORIENTED_EDGE('',*,*,#1167,.T.);
#1699=ORIENTED_EDGE('',*,*,#1111,.F.);
#1700=ORIENTED_EDGE('',*,*,#1263,.F.);
#1701=ORIENTED_EDGE('',*,*,#1164,.F.);
#1702=ORIENTED_EDGE('',*,*,#1266,.F.);
#1703=ORIENTED_EDGE('',*,*,#1266,.T.);
#1704=ORIENTED_EDGE('',*,*,#1163,.T.);
#1705=ORIENTED_EDGE('',*,*,#1267,.T.);
#1706=ORIENTED_EDGE('',*,*,#1104,.T.);
#1707=ORIENTED_EDGE('',*,*,#1119,.F.);
#1708=ORIENTED_EDGE('',*,*,#1268,.F.);
#1709=ORIENTED_EDGE('',*,*,#1172,.F.);
#1710=ORIENTED_EDGE('',*,*,#1269,.F.);
#1711=ORIENTED_EDGE('',*,*,#1269,.T.);
#1712=ORIENTED_EDGE('',*,*,#1171,.T.);
#1713=ORIENTED_EDGE('',*,*,#1270,.T.);
#1714=ORIENTED_EDGE('',*,*,#1112,.T.);
#1715=ORIENTED_EDGE('',*,*,#1105,.F.);
#1716=ORIENTED_EDGE('',*,*,#1267,.F.);
#1717=ORIENTED_EDGE('',*,*,#1170,.F.);
#1718=ORIENTED_EDGE('',*,*,#1271,.F.);
#1719=ORIENTED_EDGE('',*,*,#1264,.T.);
#1720=ORIENTED_EDGE('',*,*,#1106,.T.);
#1721=ORIENTED_EDGE('',*,*,#1271,.T.);
#1722=ORIENTED_EDGE('',*,*,#1169,.T.);
#1723=ORIENTED_EDGE('',*,*,#1113,.F.);
#1724=ORIENTED_EDGE('',*,*,#1270,.F.);
#1725=ORIENTED_EDGE('',*,*,#1178,.F.);
#1726=ORIENTED_EDGE('',*,*,#1272,.F.);
#1727=ORIENTED_EDGE('',*,*,#1272,.T.);
#1728=ORIENTED_EDGE('',*,*,#1177,.T.);
#1729=ORIENTED_EDGE('',*,*,#1273,.T.);
#1730=ORIENTED_EDGE('',*,*,#1114,.T.);
#1731=ORIENTED_EDGE('',*,*,#1117,.F.);
#1732=ORIENTED_EDGE('',*,*,#1274,.F.);
#1733=ORIENTED_EDGE('',*,*,#1174,.F.);
#1734=ORIENTED_EDGE('',*,*,#1275,.F.);
#1735=ORIENTED_EDGE('',*,*,#1268,.T.);
#1736=ORIENTED_EDGE('',*,*,#1118,.T.);
#1737=ORIENTED_EDGE('',*,*,#1275,.T.);
#1738=ORIENTED_EDGE('',*,*,#1173,.T.);
#1739=ORIENTED_EDGE('',*,*,#1115,.F.);
#1740=ORIENTED_EDGE('',*,*,#1273,.F.);
#1741=ORIENTED_EDGE('',*,*,#1176,.F.);
#1742=ORIENTED_EDGE('',*,*,#1276,.F.);
#1743=ORIENTED_EDGE('',*,*,#1274,.T.);
#1744=ORIENTED_EDGE('',*,*,#1116,.T.);
#1745=ORIENTED_EDGE('',*,*,#1276,.T.);
#1746=ORIENTED_EDGE('',*,*,#1175,.T.);
#1747=ORIENTED_EDGE('',*,*,#1232,.F.);
#1748=ORIENTED_EDGE('',*,*,#1277,.T.);
#1749=ORIENTED_EDGE('',*,*,#1156,.T.);
#1750=ORIENTED_EDGE('',*,*,#1277,.F.);
#1751=ORIENTED_EDGE('',*,*,#1134,.T.);
#1752=ORIENTED_EDGE('',*,*,#1278,.T.);
#1753=ORIENTED_EDGE('',*,*,#1069,.T.);
#1754=ORIENTED_EDGE('',*,*,#1279,.T.);
#1755=ORIENTED_EDGE('',*,*,#1029,.T.);
#1756=ORIENTED_EDGE('',*,*,#1032,.T.);
#1757=ORIENTED_EDGE('',*,*,#1135,.T.);
#1758=ORIENTED_EDGE('',*,*,#1279,.F.);
#1759=ORIENTED_EDGE('',*,*,#1068,.T.);
#1760=ORIENTED_EDGE('',*,*,#1255,.T.);
#1761=ORIENTED_EDGE('',*,*,#1278,.F.);
#1762=ORIENTED_EDGE('',*,*,#1133,.T.);
#1763=ORIENTED_EDGE('',*,*,#1280,.T.);
#1764=ORIENTED_EDGE('',*,*,#1070,.T.);
#1765=ORIENTED_EDGE('',*,*,#1038,.T.);
#1766=ORIENTED_EDGE('',*,*,#1144,.T.);
#1767=ORIENTED_EDGE('',*,*,#1281,.T.);
#1768=ORIENTED_EDGE('',*,*,#1059,.T.);
#1769=ORIENTED_EDGE('',*,*,#1282,.F.);
#1770=ORIENTED_EDGE('',*,*,#1146,.T.);
#1771=ORIENTED_EDGE('',*,*,#1283,.F.);
#1772=ORIENTED_EDGE('',*,*,#1057,.T.);
#1773=ORIENTED_EDGE('',*,*,#1284,.T.);
#1774=ORIENTED_EDGE('',*,*,#1145,.T.);
#1775=ORIENTED_EDGE('',*,*,#1282,.T.);
#1776=ORIENTED_EDGE('',*,*,#1058,.T.);
#1777=ORIENTED_EDGE('',*,*,#1283,.T.);
#1778=ORIENTED_EDGE('',*,*,#1183,.T.);
#1779=ORIENTED_EDGE('',*,*,#1188,.T.);
#1780=ORIENTED_EDGE('',*,*,#1281,.F.);
#1781=ORIENTED_EDGE('',*,*,#1143,.T.);
#1782=ORIENTED_EDGE('',*,*,#1285,.F.);
#1783=ORIENTED_EDGE('',*,*,#1060,.F.);
#1784=ORIENTED_EDGE('',*,*,#1147,.T.);
#1785=ORIENTED_EDGE('',*,*,#1284,.F.);
#1786=ORIENTED_EDGE('',*,*,#1056,.T.);
#1787=ORIENTED_EDGE('',*,*,#1286,.F.);
#1788=ORIENTED_EDGE('',*,*,#1148,.T.);
#1789=ORIENTED_EDGE('',*,*,#1286,.T.);
#1790=ORIENTED_EDGE('',*,*,#1055,.T.);
#1791=ORIENTED_EDGE('',*,*,#1287,.T.);
#1792=ORIENTED_EDGE('',*,*,#1200,.T.);
#1793=ORIENTED_EDGE('',*,*,#1052,.T.);
#1794=ORIENTED_EDGE('',*,*,#1129,.T.);
#1795=ORIENTED_EDGE('',*,*,#1151,.T.);
#1796=ORIENTED_EDGE('',*,*,#1288,.T.);
#1797=ORIENTED_EDGE('',*,*,#1046,.T.);
#1798=ORIENTED_EDGE('',*,*,#1287,.F.);
#1799=ORIENTED_EDGE('',*,*,#1054,.T.);
#1800=ORIENTED_EDGE('',*,*,#1289,.F.);
#1801=ORIENTED_EDGE('',*,*,#1149,.T.);
#1802=ORIENTED_EDGE('',*,*,#1041,.T.);
#1803=ORIENTED_EDGE('',*,*,#1150,.T.);
#1804=ORIENTED_EDGE('',*,*,#1289,.T.);
#1805=ORIENTED_EDGE('',*,*,#1053,.T.);
#1806=ORIENTED_EDGE('',*,*,#1288,.F.);
#1807=ORIENTED_EDGE('',*,*,#1203,.T.);
#1808=ORIENTED_EDGE('',*,*,#1131,.T.);
#1809=ORIENTED_EDGE('',*,*,#1290,.T.);
#1810=ORIENTED_EDGE('',*,*,#1072,.T.);
#1811=ORIENTED_EDGE('',*,*,#1291,.F.);
#1812=ORIENTED_EDGE('',*,*,#1037,.T.);
#1813=ORIENTED_EDGE('',*,*,#1132,.T.);
#1814=ORIENTED_EDGE('',*,*,#1291,.T.);
#1815=ORIENTED_EDGE('',*,*,#1071,.T.);
#1816=ORIENTED_EDGE('',*,*,#1280,.F.);
#1817=ORIENTED_EDGE('',*,*,#1048,.T.);
#1818=ORIENTED_EDGE('',*,*,#1073,.F.);
#1819=ORIENTED_EDGE('',*,*,#1290,.F.);
#1820=ORIENTED_EDGE('',*,*,#1130,.T.);
#1821=ORIENTED_EDGE('',*,*,#1292,.T.);
#1822=ORIENTED_EDGE('',*,*,#1293,.T.);
#1823=ORIENTED_EDGE('',*,*,#1294,.T.);
#1824=ORIENTED_EDGE('',*,*,#1295,.T.);
#1825=ORIENTED_EDGE('',*,*,#1296,.T.);
#1826=ORIENTED_EDGE('',*,*,#1297,.T.);
#1827=ORIENTED_EDGE('',*,*,#1298,.T.);
#1828=ORIENTED_EDGE('',*,*,#1299,.T.);
#1829=ORIENTED_EDGE('',*,*,#1234,.F.);
#1830=ORIENTED_EDGE('',*,*,#1296,.F.);
#1831=ORIENTED_EDGE('',*,*,#1300,.F.);
#1832=ORIENTED_EDGE('',*,*,#1089,.T.);
#1833=ORIENTED_EDGE('',*,*,#1301,.T.);
#1834=ORIENTED_EDGE('',*,*,#1297,.F.);
#1835=ORIENTED_EDGE('',*,*,#1301,.F.);
#1836=ORIENTED_EDGE('',*,*,#1088,.T.);
#1837=ORIENTED_EDGE('',*,*,#1302,.T.);
#1838=ORIENTED_EDGE('',*,*,#1298,.F.);
#1839=ORIENTED_EDGE('',*,*,#1302,.F.);
#1840=ORIENTED_EDGE('',*,*,#1087,.T.);
#1841=ORIENTED_EDGE('',*,*,#1303,.T.);
#1842=ORIENTED_EDGE('',*,*,#1299,.F.);
#1843=ORIENTED_EDGE('',*,*,#1303,.F.);
#1844=ORIENTED_EDGE('',*,*,#1086,.T.);
#1845=ORIENTED_EDGE('',*,*,#1304,.T.);
#1846=ORIENTED_EDGE('',*,*,#1295,.F.);
#1847=ORIENTED_EDGE('',*,*,#1305,.F.);
#1848=ORIENTED_EDGE('',*,*,#1090,.T.);
#1849=ORIENTED_EDGE('',*,*,#1300,.T.);
#1850=ORIENTED_EDGE('',*,*,#1294,.F.);
#1851=ORIENTED_EDGE('',*,*,#1306,.F.);
#1852=ORIENTED_EDGE('',*,*,#1091,.T.);
#1853=ORIENTED_EDGE('',*,*,#1305,.T.);
#1854=ORIENTED_EDGE('',*,*,#1293,.F.);
#1855=ORIENTED_EDGE('',*,*,#1307,.F.);
#1856=ORIENTED_EDGE('',*,*,#1092,.T.);
#1857=ORIENTED_EDGE('',*,*,#1306,.T.);
#1858=ORIENTED_EDGE('',*,*,#1292,.F.);
#1859=ORIENTED_EDGE('',*,*,#1304,.F.);
#1860=ORIENTED_EDGE('',*,*,#1093,.T.);
#1861=ORIENTED_EDGE('',*,*,#1307,.T.);
#1862=ORIENTED_EDGE('',*,*,#1097,.F.);
#1863=ORIENTED_EDGE('',*,*,#1308,.T.);
#1864=ORIENTED_EDGE('',*,*,#1153,.T.);
#1865=ORIENTED_EDGE('',*,*,#1309,.F.);
#1866=ORIENTED_EDGE('',*,*,#1096,.F.);
#1867=ORIENTED_EDGE('',*,*,#1310,.T.);
#1868=ORIENTED_EDGE('',*,*,#1154,.T.);
#1869=ORIENTED_EDGE('',*,*,#1308,.F.);
#1870=ORIENTED_EDGE('',*,*,#1095,.F.);
#1871=ORIENTED_EDGE('',*,*,#1311,.T.);
#1872=ORIENTED_EDGE('',*,*,#1155,.T.);
#1873=ORIENTED_EDGE('',*,*,#1310,.F.);
#1874=ORIENTED_EDGE('',*,*,#1094,.F.);
#1875=ORIENTED_EDGE('',*,*,#1309,.T.);
#1876=ORIENTED_EDGE('',*,*,#1152,.T.);
#1877=ORIENTED_EDGE('',*,*,#1311,.F.);
#1878=ORIENTED_EDGE('',*,*,#1063,.F.);
#1879=ORIENTED_EDGE('',*,*,#1312,.T.);
#1880=ORIENTED_EDGE('',*,*,#1140,.T.);
#1881=ORIENTED_EDGE('',*,*,#1253,.F.);
#1882=ORIENTED_EDGE('',*,*,#1062,.F.);
#1883=ORIENTED_EDGE('',*,*,#1313,.T.);
#1884=ORIENTED_EDGE('',*,*,#1141,.T.);
#1885=ORIENTED_EDGE('',*,*,#1312,.F.);
#1886=ORIENTED_EDGE('',*,*,#1061,.T.);
#1887=ORIENTED_EDGE('',*,*,#1285,.T.);
#1888=ORIENTED_EDGE('',*,*,#1142,.T.);
#1889=ORIENTED_EDGE('',*,*,#1313,.F.);
#1890=CYLINDRICAL_SURFACE('',#2055,1.45);
#1891=CYLINDRICAL_SURFACE('',#2058,1.45);
#1892=CYLINDRICAL_SURFACE('',#2061,1.45);
#1893=CYLINDRICAL_SURFACE('',#2064,1.45);
#1894=CYLINDRICAL_SURFACE('',#2067,1.45);
#1895=CYLINDRICAL_SURFACE('',#2071,1.45);
#1896=CYLINDRICAL_SURFACE('',#2074,1.45);
#1897=CYLINDRICAL_SURFACE('',#2135,1.45);
#1898=CYLINDRICAL_SURFACE('',#2138,1.45);
#1899=CYLINDRICAL_SURFACE('',#2142,7.61999999999997);
#1900=CYLINDRICAL_SURFACE('',#2145,1.45);
#1901=CYLINDRICAL_SURFACE('',#2149,1.45);
#1902=CYLINDRICAL_SURFACE('',#2153,2.99999999999999);
#1903=CYLINDRICAL_SURFACE('',#2156,2.99999999999999);
#1904=CYLINDRICAL_SURFACE('',#2162,2.0828);
#1905=CYLINDRICAL_SURFACE('',#2164,2.0828);
#1906=CYLINDRICAL_SURFACE('',#2166,2.0828);
#1907=CYLINDRICAL_SURFACE('',#2168,8.7625);
#1908=CYLINDRICAL_SURFACE('',#2171,15.112500001);
#1909=CYLINDRICAL_SURFACE('',#2176,12.);
#1910=CYLINDRICAL_SURFACE('',#2178,2.99999999999999);
#1911=CYLINDRICAL_SURFACE('',#2181,2.99999999999999);
#1912=CYLINDRICAL_SURFACE('',#2184,2.99999999999999);
#1913=CYLINDRICAL_SURFACE('',#2187,2.99999999999999);
#1914=CYLINDRICAL_SURFACE('',#2191,6.35);
#1915=CYLINDRICAL_SURFACE('',#2192,19.05);
#1916=CYLINDRICAL_SURFACE('',#2193,45.5308548620226);
#1917=CYLINDRICAL_SURFACE('',#2195,7.61999999999997);
#1918=CYLINDRICAL_SURFACE('',#2197,1.);
#1919=CYLINDRICAL_SURFACE('',#2199,1.);
#1920=CYLINDRICAL_SURFACE('',#2201,1.);
#1921=CYLINDRICAL_SURFACE('',#2202,1.);
#1922=CYLINDRICAL_SURFACE('',#2204,1.);
#1923=CYLINDRICAL_SURFACE('',#2206,1.);
#1924=CYLINDRICAL_SURFACE('',#2208,1.);
#1925=CYLINDRICAL_SURFACE('',#2210,1.);
#1926=CYLINDRICAL_SURFACE('',#2212,1.);
#1927=CYLINDRICAL_SURFACE('',#2214,1.);
#1928=CYLINDRICAL_SURFACE('',#2216,1.);
#1929=CYLINDRICAL_SURFACE('',#2217,13.625);
#1930=CYLINDRICAL_SURFACE('',#2218,4.7625);
#1931=CYLINDRICAL_SURFACE('',#2239,3.80000000000001);
#1932=CYLINDRICAL_SURFACE('',#2241,3.79999999999999);
#1933=CYLINDRICAL_SURFACE('',#2244,3.79999999999999);
#1934=CYLINDRICAL_SURFACE('',#2246,3.79999999999999);
#1935=CYLINDRICAL_SURFACE('',#2248,19.05);
#1936=CYLINDRICAL_SURFACE('',#2252,6.34999999999997);
#1937=ADVANCED_FACE('',(#114),#1890,.F.);
#1938=ADVANCED_FACE('',(#115),#1891,.F.);
#1939=ADVANCED_FACE('',(#116),#1892,.F.);
#1940=ADVANCED_FACE('',(#117),#1893,.F.);
#1941=ADVANCED_FACE('',(#118),#1894,.F.);
#1942=ADVANCED_FACE('',(#119),#57,.T.);
#1943=ADVANCED_FACE('',(#120),#1895,.F.);
#1944=ADVANCED_FACE('',(#121),#1896,.F.);
#1945=ADVANCED_FACE('',(#122),#58,.T.);
#1946=ADVANCED_FACE('',(#123,#19,#20),#59,.F.);
#1947=ADVANCED_FACE('',(#124,#21,#22,#23,#24,#25,#26,#27,#28,#29),#60,.T.);
#1948=ADVANCED_FACE('',(#125),#61,.F.);
#1949=ADVANCED_FACE('',(#126,#30,#31,#32,#33,#34,#35,#36,#37,#38,#39),#62,
 .F.);
#1950=ADVANCED_FACE('',(#127),#1897,.F.);
#1951=ADVANCED_FACE('',(#128),#1898,.F.);
#1952=ADVANCED_FACE('',(#129),#1899,.F.);
#1953=ADVANCED_FACE('',(#130),#63,.T.);
#1954=ADVANCED_FACE('',(#131),#1900,.F.);
#1955=ADVANCED_FACE('',(#132),#64,.T.);
#1956=ADVANCED_FACE('',(#133),#1901,.F.);
#1957=ADVANCED_FACE('',(#134),#65,.T.);
#1958=ADVANCED_FACE('',(#135),#1902,.F.);
#1959=ADVANCED_FACE('',(#136,#40,#41),#66,.F.);
#1960=ADVANCED_FACE('',(#137),#1903,.F.);
#1961=ADVANCED_FACE('',(#138),#67,.F.);
#1962=ADVANCED_FACE('',(#139),#68,.T.);
#1963=ADVANCED_FACE('',(#140),#69,.T.);
#1964=ADVANCED_FACE('',(#141),#1904,.F.);
#1965=ADVANCED_FACE('',(#142),#1905,.F.);
#1966=ADVANCED_FACE('',(#143),#1906,.F.);
#1967=ADVANCED_FACE('',(#144),#1907,.F.);
#1968=ADVANCED_FACE('',(#145),#70,.T.);
#1969=ADVANCED_FACE('',(#146),#1908,.F.);
#1970=ADVANCED_FACE('',(#147),#71,.T.);
#1971=ADVANCED_FACE('',(#148,#42,#43,#44,#45),#72,.F.);
#1972=ADVANCED_FACE('',(#149),#1909,.F.);
#1973=ADVANCED_FACE('',(#150),#1910,.F.);
#1974=ADVANCED_FACE('',(#151),#73,.T.);
#1975=ADVANCED_FACE('',(#152),#1911,.F.);
#1976=ADVANCED_FACE('',(#153),#74,.T.);
#1977=ADVANCED_FACE('',(#154),#1912,.F.);
#1978=ADVANCED_FACE('',(#155),#75,.T.);
#1979=ADVANCED_FACE('',(#156),#1913,.F.);
#1980=ADVANCED_FACE('',(#157),#76,.T.);
#1981=ADVANCED_FACE('',(#158),#77,.T.);
#1982=ADVANCED_FACE('',(#159),#1914,.F.);
#1983=ADVANCED_FACE('',(#160),#1915,.T.);
#1984=ADVANCED_FACE('',(#161),#1916,.F.);
#1985=ADVANCED_FACE('',(#162),#78,.F.);
#1986=ADVANCED_FACE('',(#163),#1917,.F.);
#1987=ADVANCED_FACE('',(#164),#79,.T.);
#1988=ADVANCED_FACE('',(#165),#1918,.F.);
#1989=ADVANCED_FACE('',(#166),#80,.T.);
#1990=ADVANCED_FACE('',(#167),#1919,.F.);
#1991=ADVANCED_FACE('',(#168),#81,.T.);
#1992=ADVANCED_FACE('',(#169),#1920,.F.);
#1993=ADVANCED_FACE('',(#170),#1921,.F.);
#1994=ADVANCED_FACE('',(#171),#82,.T.);
#1995=ADVANCED_FACE('',(#172),#1922,.F.);
#1996=ADVANCED_FACE('',(#173),#83,.T.);
#1997=ADVANCED_FACE('',(#174),#1923,.F.);
#1998=ADVANCED_FACE('',(#175),#84,.T.);
#1999=ADVANCED_FACE('',(#176),#1924,.F.);
#2000=ADVANCED_FACE('',(#177),#85,.T.);
#2001=ADVANCED_FACE('',(#178),#1925,.F.);
#2002=ADVANCED_FACE('',(#179),#86,.T.);
#2003=ADVANCED_FACE('',(#180),#1926,.F.);
#2004=ADVANCED_FACE('',(#181),#87,.T.);
#2005=ADVANCED_FACE('',(#182),#1927,.F.);
#2006=ADVANCED_FACE('',(#183),#88,.T.);
#2007=ADVANCED_FACE('',(#184),#1928,.F.);
#2008=ADVANCED_FACE('',(#185),#1929,.T.);
#2009=ADVANCED_FACE('',(#186),#1930,.F.);
#2010=ADVANCED_FACE('',(#187,#46,#47),#89,.T.);
#2011=ADVANCED_FACE('',(#188),#90,.T.);
#2012=ADVANCED_FACE('',(#189,#48),#91,.T.);
#2013=ADVANCED_FACE('',(#190),#92,.T.);
#2014=ADVANCED_FACE('',(#191),#93,.T.);
#2015=ADVANCED_FACE('',(#192,#49,#50),#94,.T.);
#2016=ADVANCED_FACE('',(#193),#95,.F.);
#2017=ADVANCED_FACE('',(#194),#96,.T.);
#2018=ADVANCED_FACE('',(#195,#51),#97,.T.);
#2019=ADVANCED_FACE('',(#196,#52),#98,.T.);
#2020=ADVANCED_FACE('',(#197,#53),#99,.T.);
#2021=ADVANCED_FACE('',(#198,#54),#100,.T.);
#2022=ADVANCED_FACE('',(#199,#55),#101,.T.);
#2023=ADVANCED_FACE('',(#200),#102,.T.);
#2024=ADVANCED_FACE('',(#201),#103,.F.);
#2025=ADVANCED_FACE('',(#202,#56),#104,.F.);
#2026=ADVANCED_FACE('',(#203),#1931,.F.);
#2027=ADVANCED_FACE('',(#204),#105,.T.);
#2028=ADVANCED_FACE('',(#205),#1932,.F.);
#2029=ADVANCED_FACE('',(#206),#106,.T.);
#2030=ADVANCED_FACE('',(#207),#107,.T.);
#2031=ADVANCED_FACE('',(#208),#1933,.F.);
#2032=ADVANCED_FACE('',(#209),#108,.T.);
#2033=ADVANCED_FACE('',(#210),#1934,.F.);
#2034=ADVANCED_FACE('',(#211),#109,.F.);
#2035=ADVANCED_FACE('',(#212),#1935,.T.);
#2036=ADVANCED_FACE('',(#213),#110,.F.);
#2037=ADVANCED_FACE('',(#214),#111,.F.);
#2038=ADVANCED_FACE('',(#215),#112,.F.);
#2039=ADVANCED_FACE('',(#216),#1936,.T.);
#2040=ADVANCED_FACE('',(#217),#113,.F.);
#2041=CLOSED_SHELL('',(#1937,#1938,#1939,#1940,#1941,#1942,#1943,#1944,
#1945,#1946,#1947,#1948,#1949,#1950,#1951,#1952,#1953,#1954,#1955,#1956,
#1957,#1958,#1959,#1960,#1961,#1962,#1963,#1964,#1965,#1966,#1967,#1968,
#1969,#1970,#1971,#1972,#1973,#1974,#1975,#1976,#1977,#1978,#1979,#1980,
#1981,#1982,#1983,#1984,#1985,#1986,#1987,#1988,#1989,#1990,#1991,#1992,
#1993,#1994,#1995,#1996,#1997,#1998,#1999,#2000,#2001,#2002,#2003,#2004,
#2005,#2006,#2007,#2008,#2009,#2010,#2011,#2012,#2013,#2014,#2015,#2016,
#2017,#2018,#2019,#2020,#2021,#2022,#2023,#2024,#2025,#2026,#2027,#2028,
#2029,#2030,#2031,#2032,#2033,#2034,#2035,#2036,#2037,#2038,#2039,#2040));
#2042=DERIVED_UNIT_ELEMENT(#2044,1.);
#2043=DERIVED_UNIT_ELEMENT(#3470,-3.);
#2044=(
MASS_UNIT()
NAMED_UNIT(*)
SI_UNIT(.KILO.,.GRAM.)
);
#2045=DERIVED_UNIT((#2042,#2043));
#2046=MEASURE_REPRESENTATION_ITEM('density measure',
POSITIVE_RATIO_MEASURE(7850.),#2045);
#2047=PROPERTY_DEFINITION_REPRESENTATION(#2052,#2049);
#2048=PROPERTY_DEFINITION_REPRESENTATION(#2053,#2050);
#2049=REPRESENTATION('material name',(#2051),#3467);
#2050=REPRESENTATION('density',(#2046),#3467);
#2051=DESCRIPTIVE_REPRESENTATION_ITEM('Steel','Steel');
#2052=PROPERTY_DEFINITION('material property','material name',#3477);
#2053=PROPERTY_DEFINITION('material property','density of part',#3477);
#2054=AXIS2_PLACEMENT_3D('',#2844,#2254,#2255);
#2055=AXIS2_PLACEMENT_3D('',#2845,#2256,#2257);
#2056=AXIS2_PLACEMENT_3D('',#2847,#2258,#2259);
#2057=AXIS2_PLACEMENT_3D('',#2850,#2261,#2262);
#2058=AXIS2_PLACEMENT_3D('',#2851,#2263,#2264);
#2059=AXIS2_PLACEMENT_3D('',#2853,#2265,#2266);
#2060=AXIS2_PLACEMENT_3D('',#2856,#2268,#2269);
#2061=AXIS2_PLACEMENT_3D('',#2857,#2270,#2271);
#2062=AXIS2_PLACEMENT_3D('',#2859,#2272,#2273);
#2063=AXIS2_PLACEMENT_3D('',#2862,#2275,#2276);
#2064=AXIS2_PLACEMENT_3D('',#2863,#2277,#2278);
#2065=AXIS2_PLACEMENT_3D('',#2865,#2279,#2280);
#2066=AXIS2_PLACEMENT_3D('',#2868,#2282,#2283);
#2067=AXIS2_PLACEMENT_3D('',#2869,#2284,#2285);
#2068=AXIS2_PLACEMENT_3D('',#2871,#2286,#2287);
#2069=AXIS2_PLACEMENT_3D('',#2874,#2289,#2290);
#2070=AXIS2_PLACEMENT_3D('',#2875,#2291,#2292);
#2071=AXIS2_PLACEMENT_3D('',#2876,#2293,#2294);
#2072=AXIS2_PLACEMENT_3D('',#2878,#2295,#2296);
#2073=AXIS2_PLACEMENT_3D('',#2881,#2298,#2299);
#2074=AXIS2_PLACEMENT_3D('',#2882,#2300,#2301);
#2075=AXIS2_PLACEMENT_3D('',#2884,#2302,#2303);
#2076=AXIS2_PLACEMENT_3D('',#2887,#2305,#2306);
#2077=AXIS2_PLACEMENT_3D('',#2888,#2307,#2308);
#2078=AXIS2_PLACEMENT_3D('',#2889,#2309,#2310);
#2079=AXIS2_PLACEMENT_3D('',#2898,#2315,#2316);
#2080=AXIS2_PLACEMENT_3D('',#2922,#2328,#2329);
#2081=AXIS2_PLACEMENT_3D('',#2926,#2331,#2332);
#2082=AXIS2_PLACEMENT_3D('',#2928,#2333,#2334);
#2083=AXIS2_PLACEMENT_3D('',#2930,#2335,#2336);
#2084=AXIS2_PLACEMENT_3D('',#2946,#2344,#2345);
#2085=AXIS2_PLACEMENT_3D('',#2950,#2347,#2348);
#2086=AXIS2_PLACEMENT_3D('',#2956,#2351,#2352);
#2087=AXIS2_PLACEMENT_3D('',#2960,#2354,#2355);
#2088=AXIS2_PLACEMENT_3D('',#2964,#2357,#2358);
#2089=AXIS2_PLACEMENT_3D('',#2967,#2360,#2361);
#2090=AXIS2_PLACEMENT_3D('',#2972,#2363,#2364);
#2091=AXIS2_PLACEMENT_3D('',#2976,#2366,#2367);
#2092=AXIS2_PLACEMENT_3D('',#2980,#2369,#2370);
#2093=AXIS2_PLACEMENT_3D('',#2983,#2372,#2373);
#2094=AXIS2_PLACEMENT_3D('',#2990,#2376,#2377);
#2095=AXIS2_PLACEMENT_3D('',#2996,#2380,#2381);
#2096=AXIS2_PLACEMENT_3D('',#3000,#2383,#2384);
#2097=AXIS2_PLACEMENT_3D('',#3003,#2386,#2387);
#2098=AXIS2_PLACEMENT_3D('',#3008,#2389,#2390);
#2099=AXIS2_PLACEMENT_3D('',#3012,#2392,#2393);
#2100=AXIS2_PLACEMENT_3D('',#3016,#2395,#2396);
#2101=AXIS2_PLACEMENT_3D('',#3019,#2398,#2399);
#2102=AXIS2_PLACEMENT_3D('',#3024,#2401,#2402);
#2103=AXIS2_PLACEMENT_3D('',#3028,#2404,#2405);
#2104=AXIS2_PLACEMENT_3D('',#3030,#2406,#2407);
#2105=AXIS2_PLACEMENT_3D('',#3032,#2408,#2409);
#2106=AXIS2_PLACEMENT_3D('',#3035,#2411,#2412);
#2107=AXIS2_PLACEMENT_3D('',#3040,#2414,#2415);
#2108=AXIS2_PLACEMENT_3D('',#3044,#2417,#2418);
#2109=AXIS2_PLACEMENT_3D('',#3048,#2420,#2421);
#2110=AXIS2_PLACEMENT_3D('',#3051,#2423,#2424);
#2111=AXIS2_PLACEMENT_3D('',#3052,#2425,#2426);
#2112=AXIS2_PLACEMENT_3D('',#3056,#2429,#2430);
#2113=AXIS2_PLACEMENT_3D('',#3072,#2438,#2439);
#2114=AXIS2_PLACEMENT_3D('',#3074,#2440,#2441);
#2115=AXIS2_PLACEMENT_3D('',#3076,#2442,#2443);
#2116=AXIS2_PLACEMENT_3D('',#3080,#2445,#2446);
#2117=AXIS2_PLACEMENT_3D('',#3106,#2459,#2460);
#2118=AXIS2_PLACEMENT_3D('',#3109,#2462,#2463);
#2119=AXIS2_PLACEMENT_3D('',#3114,#2465,#2466);
#2120=AXIS2_PLACEMENT_3D('',#3118,#2468,#2469);
#2121=AXIS2_PLACEMENT_3D('',#3121,#2471,#2472);
#2122=AXIS2_PLACEMENT_3D('',#3126,#2474,#2475);
#2123=AXIS2_PLACEMENT_3D('',#3130,#2477,#2478);
#2124=AXIS2_PLACEMENT_3D('',#3134,#2480,#2481);
#2125=AXIS2_PLACEMENT_3D('',#3137,#2483,#2484);
#2126=AXIS2_PLACEMENT_3D('',#3142,#2486,#2487);
#2127=AXIS2_PLACEMENT_3D('',#3146,#2489,#2490);
#2128=AXIS2_PLACEMENT_3D('',#3148,#2491,#2492);
#2129=AXIS2_PLACEMENT_3D('',#3150,#2493,#2494);
#2130=AXIS2_PLACEMENT_3D('',#3153,#2496,#2497);
#2131=AXIS2_PLACEMENT_3D('',#3155,#2498,#2499);
#2132=AXIS2_PLACEMENT_3D('',#3157,#2500,#2501);
#2133=AXIS2_PLACEMENT_3D('',#3159,#2502,#2503);
#2134=AXIS2_PLACEMENT_3D('',#3161,#2504,#2505);
#2135=AXIS2_PLACEMENT_3D('',#3162,#2506,#2507);
#2136=AXIS2_PLACEMENT_3D('',#3164,#2508,#2509);
#2137=AXIS2_PLACEMENT_3D('',#3175,#2511,#2512);
#2138=AXIS2_PLACEMENT_3D('',#3199,#2513,#2514);
#2139=AXIS2_PLACEMENT_3D('',#3201,#2515,#2516);
#2140=AXIS2_PLACEMENT_3D('',#3205,#2518,#2519);
#2141=AXIS2_PLACEMENT_3D('',#3217,#2520,#2521);
#2142=AXIS2_PLACEMENT_3D('',#3218,#2522,#2523);
#2143=AXIS2_PLACEMENT_3D('',#3222,#2525,#2526);
#2144=AXIS2_PLACEMENT_3D('',#3225,#2529,#2530);
#2145=AXIS2_PLACEMENT_3D('',#3229,#2534,#2535);
#2146=AXIS2_PLACEMENT_3D('',#3231,#2536,#2537);
#2147=AXIS2_PLACEMENT_3D('',#3234,#2539,#2540);
#2148=AXIS2_PLACEMENT_3D('',#3235,#2541,#2542);
#2149=AXIS2_PLACEMENT_3D('',#3236,#2543,#2544);
#2150=AXIS2_PLACEMENT_3D('',#3238,#2545,#2546);
#2151=AXIS2_PLACEMENT_3D('',#3241,#2548,#2549);
#2152=AXIS2_PLACEMENT_3D('',#3242,#2550,#2551);
#2153=AXIS2_PLACEMENT_3D('',#3243,#2552,#2553);
#2154=AXIS2_PLACEMENT_3D('',#3246,#2554,#2555);
#2155=AXIS2_PLACEMENT_3D('',#3249,#2558,#2559);
#2156=AXIS2_PLACEMENT_3D('',#3253,#2562,#2563);
#2157=AXIS2_PLACEMENT_3D('',#3255,#2564,#2565);
#2158=AXIS2_PLACEMENT_3D('',#3257,#2567,#2568);
#2159=AXIS2_PLACEMENT_3D('',#3262,#2571,#2572);
#2160=AXIS2_PLACEMENT_3D('',#3264,#2574,#2575);
#2161=AXIS2_PLACEMENT_3D('',#3266,#2577,#2578);
#2162=AXIS2_PLACEMENT_3D('',#3267,#2579,#2580);
#2163=AXIS2_PLACEMENT_3D('',#3270,#2582,#2583);
#2164=AXIS2_PLACEMENT_3D('',#3271,#2584,#2585);
#2165=AXIS2_PLACEMENT_3D('',#3274,#2587,#2588);
#2166=AXIS2_PLACEMENT_3D('',#3275,#2589,#2590);
#2167=AXIS2_PLACEMENT_3D('',#3278,#2592,#2593);
#2168=AXIS2_PLACEMENT_3D('',#3279,#2594,#2595);
#2169=AXIS2_PLACEMENT_3D('',#3283,#2597,#2598);
#2170=AXIS2_PLACEMENT_3D('',#3285,#2600,#2601);
#2171=AXIS2_PLACEMENT_3D('',#3289,#2604,#2605);
#2172=AXIS2_PLACEMENT_3D('',#3291,#2606,#2607);
#2173=AXIS2_PLACEMENT_3D('',#3293,#2609,#2610);
#2174=AXIS2_PLACEMENT_3D('',#3295,#2612,#2613);
#2175=AXIS2_PLACEMENT_3D('',#3297,#2614,#2615);
#2176=AXIS2_PLACEMENT_3D('',#3298,#2616,#2617);
#2177=AXIS2_PLACEMENT_3D('',#3301,#2619,#2620);
#2178=AXIS2_PLACEMENT_3D('',#3302,#2621,#2622);
#2179=AXIS2_PLACEMENT_3D('',#3305,#2623,#2624);
#2180=AXIS2_PLACEMENT_3D('',#3308,#2627,#2628);
#2181=AXIS2_PLACEMENT_3D('',#3312,#2631,#2632);
#2182=AXIS2_PLACEMENT_3D('',#3315,#2633,#2634);
#2183=AXIS2_PLACEMENT_3D('',#3318,#2637,#2638);
#2184=AXIS2_PLACEMENT_3D('',#3320,#2640,#2641);
#2185=AXIS2_PLACEMENT_3D('',#3322,#2642,#2643);
#2186=AXIS2_PLACEMENT_3D('',#3324,#2645,#2646);
#2187=AXIS2_PLACEMENT_3D('',#3328,#2649,#2650);
#2188=AXIS2_PLACEMENT_3D('',#3330,#2651,#2652);
#2189=AXIS2_PLACEMENT_3D('',#3332,#2654,#2655);
#2190=AXIS2_PLACEMENT_3D('',#3334,#2657,#2658);
#2191=AXIS2_PLACEMENT_3D('',#3335,#2659,#2660);
#2192=AXIS2_PLACEMENT_3D('',#3338,#2663,#2664);
#2193=AXIS2_PLACEMENT_3D('',#3340,#2666,#2667);
#2194=AXIS2_PLACEMENT_3D('',#3342,#2669,#2670);
#2195=AXIS2_PLACEMENT_3D('',#3344,#2672,#2673);
#2196=AXIS2_PLACEMENT_3D('',#3346,#2675,#2676);
#2197=AXIS2_PLACEMENT_3D('',#3347,#2677,#2678);
#2198=AXIS2_PLACEMENT_3D('',#3349,#2680,#2681);
#2199=AXIS2_PLACEMENT_3D('',#3351,#2683,#2684);
#2200=AXIS2_PLACEMENT_3D('',#3353,#2686,#2687);
#2201=AXIS2_PLACEMENT_3D('',#3355,#2689,#2690);
#2202=AXIS2_PLACEMENT_3D('',#3356,#2691,#2692);
#2203=AXIS2_PLACEMENT_3D('',#3359,#2695,#2696);
#2204=AXIS2_PLACEMENT_3D('',#3361,#2698,#2699);
#2205=AXIS2_PLACEMENT_3D('',#3364,#2702,#2703);
#2206=AXIS2_PLACEMENT_3D('',#3365,#2704,#2705);
#2207=AXIS2_PLACEMENT_3D('',#3367,#2707,#2708);
#2208=AXIS2_PLACEMENT_3D('',#3369,#2710,#2711);
#2209=AXIS2_PLACEMENT_3D('',#3372,#2714,#2715);
#2210=AXIS2_PLACEMENT_3D('',#3374,#2717,#2718);
#2211=AXIS2_PLACEMENT_3D('',#3376,#2720,#2721);
#2212=AXIS2_PLACEMENT_3D('',#3377,#2722,#2723);
#2213=AXIS2_PLACEMENT_3D('',#3379,#2725,#2726);
#2214=AXIS2_PLACEMENT_3D('',#3381,#2728,#2729);
#2215=AXIS2_PLACEMENT_3D('',#3384,#2732,#2733);
#2216=AXIS2_PLACEMENT_3D('',#3385,#2734,#2735);
#2217=AXIS2_PLACEMENT_3D('',#3387,#2737,#2738);
#2218=AXIS2_PLACEMENT_3D('',#3388,#2739,#2740);
#2219=AXIS2_PLACEMENT_3D('',#3390,#2742,#2743);
#2220=AXIS2_PLACEMENT_3D('',#3393,#2746,#2747);
#2221=AXIS2_PLACEMENT_3D('',#3394,#2748,#2749);
#2222=AXIS2_PLACEMENT_3D('',#3396,#2751,#2752);
#2223=AXIS2_PLACEMENT_3D('',#3399,#2755,#2756);
#2224=AXIS2_PLACEMENT_3D('',#3402,#2759,#2760);
#2225=AXIS2_PLACEMENT_3D('',#3403,#2761,#2762);
#2226=AXIS2_PLACEMENT_3D('',#3405,#2764,#2765);
#2227=AXIS2_PLACEMENT_3D('',#3407,#2767,#2768);
#2228=AXIS2_PLACEMENT_3D('',#3409,#2770,#2771);
#2229=AXIS2_PLACEMENT_3D('',#3411,#2773,#2774);
#2230=AXIS2_PLACEMENT_3D('',#3413,#2776,#2777);
#2231=AXIS2_PLACEMENT_3D('',#3414,#2778,#2779);
#2232=AXIS2_PLACEMENT_3D('',#3417,#2782,#2783);
#2233=AXIS2_PLACEMENT_3D('',#3418,#2784,#2785);
#2234=AXIS2_PLACEMENT_3D('',#3419,#2786,#2787);
#2235=AXIS2_PLACEMENT_3D('',#3422,#2788,#2789);
#2236=AXIS2_PLACEMENT_3D('',#3426,#2791,#2792);
#2237=AXIS2_PLACEMENT_3D('',#3430,#2794,#2795);
#2238=AXIS2_PLACEMENT_3D('',#3434,#2797,#2798);
#2239=AXIS2_PLACEMENT_3D('',#3436,#2800,#2801);
#2240=AXIS2_PLACEMENT_3D('',#3439,#2804,#2805);
#2241=AXIS2_PLACEMENT_3D('',#3441,#2807,#2808);
#2242=AXIS2_PLACEMENT_3D('',#3443,#2810,#2811);
#2243=AXIS2_PLACEMENT_3D('',#3445,#2813,#2814);
#2244=AXIS2_PLACEMENT_3D('',#3447,#2816,#2817);
#2245=AXIS2_PLACEMENT_3D('',#3449,#2819,#2820);
#2246=AXIS2_PLACEMENT_3D('',#3451,#2822,#2823);
#2247=AXIS2_PLACEMENT_3D('',#3452,#2824,#2825);
#2248=AXIS2_PLACEMENT_3D('',#3455,#2828,#2829);
#2249=AXIS2_PLACEMENT_3D('',#3457,#2831,#2832);
#2250=AXIS2_PLACEMENT_3D('',#3459,#2834,#2835);
#2251=AXIS2_PLACEMENT_3D('',#3460,#2836,#2837);
#2252=AXIS2_PLACEMENT_3D('',#3462,#2839,#2840);
#2253=AXIS2_PLACEMENT_3D('',#3464,#2842,#2843);
#2254=DIRECTION('axis',(0.,0.,1.));
#2255=DIRECTION('refdir',(1.,0.,0.));
#2256=DIRECTION('center_axis',(-1.,0.,0.));
#2257=DIRECTION('ref_axis',(0.,-1.,0.));
#2258=DIRECTION('center_axis',(-1.,0.,0.));
#2259=DIRECTION('ref_axis',(0.,-1.,0.));
#2260=DIRECTION('',(-1.,0.,0.));
#2261=DIRECTION('center_axis',(1.,0.,0.));
#2262=DIRECTION('ref_axis',(0.,-1.,0.));
#2263=DIRECTION('center_axis',(0.,0.,-1.));
#2264=DIRECTION('ref_axis',(-1.,0.,0.));
#2265=DIRECTION('center_axis',(0.,0.,-1.));
#2266=DIRECTION('ref_axis',(-1.,0.,0.));
#2267=DIRECTION('',(0.,0.,-1.));
#2268=DIRECTION('center_axis',(0.,0.,1.));
#2269=DIRECTION('ref_axis',(-1.,0.,0.));
#2270=DIRECTION('center_axis',(0.,0.,-1.));
#2271=DIRECTION('ref_axis',(-1.,0.,0.));
#2272=DIRECTION('center_axis',(0.,0.,-1.));
#2273=DIRECTION('ref_axis',(-1.,0.,0.));
#2274=DIRECTION('',(0.,0.,-1.));
#2275=DIRECTION('center_axis',(0.,0.,1.));
#2276=DIRECTION('ref_axis',(-1.,0.,0.));
#2277=DIRECTION('center_axis',(0.,-1.,0.));
#2278=DIRECTION('ref_axis',(1.,0.,0.));
#2279=DIRECTION('center_axis',(0.,-1.,3.7720660981496E-14));
#2280=DIRECTION('ref_axis',(1.,0.,0.));
#2281=DIRECTION('',(0.,-1.,0.));
#2282=DIRECTION('center_axis',(0.,1.,0.));
#2283=DIRECTION('ref_axis',(1.,0.,0.));
#2284=DIRECTION('center_axis',(0.,-1.,0.));
#2285=DIRECTION('ref_axis',(1.,0.,0.));
#2286=DIRECTION('center_axis',(0.,-1.,0.));
#2287=DIRECTION('ref_axis',(1.,0.,0.));
#2288=DIRECTION('',(0.,-1.,0.));
#2289=DIRECTION('center_axis',(0.,-1.,0.));
#2290=DIRECTION('ref_axis',(1.,0.,0.));
#2291=DIRECTION('center_axis',(0.,1.,0.));
#2292=DIRECTION('ref_axis',(1.,0.,0.));
#2293=DIRECTION('center_axis',(0.,-1.,0.));
#2294=DIRECTION('ref_axis',(1.,0.,0.));
#2295=DIRECTION('center_axis',(0.,-1.,0.));
#2296=DIRECTION('ref_axis',(1.,0.,0.));
#2297=DIRECTION('',(0.,-1.,0.));
#2298=DIRECTION('center_axis',(0.,-1.,0.));
#2299=DIRECTION('ref_axis',(1.,0.,0.));
#2300=DIRECTION('center_axis',(0.,-1.,0.));
#2301=DIRECTION('ref_axis',(1.,0.,0.));
#2302=DIRECTION('center_axis',(0.,-1.,3.7720660981496E-14));
#2303=DIRECTION('ref_axis',(1.,0.,0.));
#2304=DIRECTION('',(0.,-1.,0.));
#2305=DIRECTION('center_axis',(0.,1.,0.));
#2306=DIRECTION('ref_axis',(1.,0.,0.));
#2307=DIRECTION('center_axis',(0.,1.,0.));
#2308=DIRECTION('ref_axis',(1.,0.,0.));
#2309=DIRECTION('center_axis',(0.,-1.,3.7720660981496E-14));
#2310=DIRECTION('ref_axis',(0.,3.7720660981496E-14,1.));
#2311=DIRECTION('',(0.,-3.7720660981496E-14,-1.));
#2312=DIRECTION('',(-1.,0.,0.));
#2313=DIRECTION('',(0.,3.7720660981496E-14,1.));
#2314=DIRECTION('',(1.,0.,0.));
#2315=DIRECTION('center_axis',(-1.,0.,0.));
#2316=DIRECTION('ref_axis',(0.,1.,0.));
#2317=DIRECTION('',(0.,-1.,0.));
#2318=DIRECTION('',(0.,0.,-1.));
#2319=DIRECTION('',(0.,1.,0.));
#2320=DIRECTION('',(0.,0.,1.));
#2321=DIRECTION('',(0.,1.,0.));
#2322=DIRECTION('',(0.,0.,1.));
#2323=DIRECTION('',(0.,0.355553416295793,-0.934655962459124));
#2324=DIRECTION('',(0.,0.934655962459124,0.355553416295793));
#2325=DIRECTION('',(0.,-0.355553416295793,0.934655962459124));
#2326=DIRECTION('',(0.,-0.934655962459124,-0.355553416295793));
#2327=DIRECTION('',(0.,0.220921355548249,0.975291625444782));
#2328=DIRECTION('center_axis',(-1.,0.,0.));
#2329=DIRECTION('ref_axis',(0.,0.975291625444782,-0.220921355548248));
#2330=DIRECTION('',(0.,-0.669445891480724,0.742860820328801));
#2331=DIRECTION('center_axis',(-1.,0.,0.));
#2332=DIRECTION('ref_axis',(0.,1.,0.));
#2333=DIRECTION('center_axis',(1.,0.,0.));
#2334=DIRECTION('ref_axis',(0.,0.847776908054931,-0.530353009012697));
#2335=DIRECTION('center_axis',(1.,0.,0.));
#2336=DIRECTION('ref_axis',(0.,0.930267068131675,-0.366883063045567));
#2337=DIRECTION('',(0.,1.,0.));
#2338=DIRECTION('',(0.,0.,1.));
#2339=DIRECTION('',(0.,-1.,0.));
#2340=DIRECTION('',(0.,0.,1.));
#2341=DIRECTION('',(0.,-1.,0.));
#2342=DIRECTION('',(0.,0.,-1.));
#2343=DIRECTION('',(0.,1.,0.));
#2344=DIRECTION('center_axis',(-1.,0.,0.));
#2345=DIRECTION('ref_axis',(0.,-1.,0.));
#2346=DIRECTION('',(0.,0.819152044288992,0.573576436351046));
#2347=DIRECTION('center_axis',(-1.,0.,0.));
#2348=DIRECTION('ref_axis',(0.,-1.,0.));
#2349=DIRECTION('',(0.,0.819152044288991,-0.573576436351047));
#2350=DIRECTION('',(0.,0.,-1.));
#2351=DIRECTION('center_axis',(1.,0.,0.));
#2352=DIRECTION('ref_axis',(0.,0.707106781186548,0.707106781186547));
#2353=DIRECTION('',(0.,1.,0.));
#2354=DIRECTION('center_axis',(1.,0.,0.));
#2355=DIRECTION('ref_axis',(0.,-0.707106781186548,0.707106781186547));
#2356=DIRECTION('',(0.,0.,1.));
#2357=DIRECTION('center_axis',(1.,0.,0.));
#2358=DIRECTION('ref_axis',(0.,-0.707106781186548,-0.707106781186547));
#2359=DIRECTION('',(0.,-1.,0.));
#2360=DIRECTION('center_axis',(1.,0.,0.));
#2361=DIRECTION('ref_axis',(0.,0.707106781186548,-0.707106781186547));
#2362=DIRECTION('',(0.,-1.,1.11022302462516E-16));
#2363=DIRECTION('center_axis',(-1.,0.,0.));
#2364=DIRECTION('ref_axis',(0.,0.,-1.));
#2365=DIRECTION('',(0.,-6.16790569236198E-16,-1.));
#2366=DIRECTION('center_axis',(-1.,0.,0.));
#2367=DIRECTION('ref_axis',(0.,1.,2.92163953848725E-16));
#2368=DIRECTION('',(0.,1.,-2.22044604925031E-16));
#2369=DIRECTION('center_axis',(-1.,0.,0.));
#2370=DIRECTION('ref_axis',(0.,-5.84327907697451E-16,1.));
#2371=DIRECTION('',(0.,4.93432455388958E-16,1.));
#2372=DIRECTION('center_axis',(-1.,0.,0.));
#2373=DIRECTION('ref_axis',(0.,-1.,1.46081976924363E-15));
#2374=DIRECTION('',(0.,0.220921355548248,0.975291625444782));
#2375=DIRECTION('',(0.,-0.934655962459124,-0.355553416295793));
#2376=DIRECTION('center_axis',(-1.,0.,0.));
#2377=DIRECTION('ref_axis',(0.,1.,0.));
#2378=DIRECTION('',(0.,0.669445891480724,-0.742860820328801));
#2379=DIRECTION('',(0.,-0.355553416295791,0.934655962459124));
#2380=DIRECTION('center_axis',(1.,0.,0.));
#2381=DIRECTION('ref_axis',(0.,-0.409487337394487,-0.912315800868084));
#2382=DIRECTION('',(0.,-0.934655962459124,-0.355553416295792));
#2383=DIRECTION('center_axis',(1.,0.,0.));
#2384=DIRECTION('ref_axis',(0.,0.983528332703012,0.180754028365714));
#2385=DIRECTION('',(0.,1.,-2.26136935340311E-17));
#2386=DIRECTION('center_axis',(1.,0.,0.));
#2387=DIRECTION('ref_axis',(0.,-0.823271952727589,0.567647154359205));
#2388=DIRECTION('',(0.,0.355553416295791,-0.934655962459124));
#2389=DIRECTION('center_axis',(1.,0.,0.));
#2390=DIRECTION('ref_axis',(0.,0.567647154359209,0.823271952727586));
#2391=DIRECTION('',(0.,1.,-2.26136935340311E-17));
#2392=DIRECTION('center_axis',(1.,0.,0.));
#2393=DIRECTION('ref_axis',(0.,-0.823271952727584,0.567647154359212));
#2394=DIRECTION('',(0.,-0.355553416295791,0.934655962459124));
#2395=DIRECTION('center_axis',(1.,0.,0.));
#2396=DIRECTION('ref_axis',(0.,-0.409487337394487,-0.912315800868084));
#2397=DIRECTION('',(0.,-0.934655962459124,-0.355553416295792));
#2398=DIRECTION('center_axis',(1.,0.,0.));
#2399=DIRECTION('ref_axis',(0.,0.912315800868082,-0.409487337394492));
#2400=DIRECTION('',(0.,0.355553416295792,-0.934655962459124));
#2401=DIRECTION('center_axis',(1.,0.,0.));
#2402=DIRECTION('ref_axis',(0.,0.567647154359207,0.823271952727587));
#2403=DIRECTION('',(0.,1.,-2.26136935340311E-17));
#2404=DIRECTION('center_axis',(1.,0.,0.));
#2405=DIRECTION('ref_axis',(0.,-0.965206678190703,0.261488180184244));
#2406=DIRECTION('center_axis',(1.,0.,0.));
#2407=DIRECTION('ref_axis',(0.,-1.,0.));
#2408=DIRECTION('center_axis',(1.,0.,0.));
#2409=DIRECTION('ref_axis',(0.,-0.669133609382759,-0.743142121531542));
#2410=DIRECTION('',(0.,-0.934655962459124,-0.355553416295791));
#2411=DIRECTION('center_axis',(1.,0.,0.));
#2412=DIRECTION('ref_axis',(0.,0.912315800868089,-0.409487337394477));
#2413=DIRECTION('',(0.,0.,-1.));
#2414=DIRECTION('center_axis',(1.,0.,0.));
#2415=DIRECTION('ref_axis',(0.,0.707106781186547,0.707106781186548));
#2416=DIRECTION('',(0.,-1.,1.94264746216125E-16));
#2417=DIRECTION('center_axis',(1.,0.,0.));
#2418=DIRECTION('ref_axis',(0.,-0.707106781186546,0.707106781186549));
#2419=DIRECTION('',(0.,0.,1.));
#2420=DIRECTION('center_axis',(-1.,0.,0.));
#2421=DIRECTION('ref_axis',(0.,-1.,1.89408127560723E-15));
#2422=DIRECTION('',(0.,-1.,0.));
#2423=DIRECTION('center_axis',(-1.,0.,0.));
#2424=DIRECTION('ref_axis',(0.,-1.16558847729675E-15,-1.));
#2425=DIRECTION('center_axis',(0.,0.,1.));
#2426=DIRECTION('ref_axis',(0.,-1.,0.));
#2427=DIRECTION('',(0.,-1.,0.));
#2428=DIRECTION('',(1.,0.,0.));
#2429=DIRECTION('center_axis',(-1.,0.,0.));
#2430=DIRECTION('ref_axis',(0.,1.,0.));
#2431=DIRECTION('',(0.,1.,0.));
#2432=DIRECTION('',(0.,0.,1.));
#2433=DIRECTION('',(0.,1.,0.));
#2434=DIRECTION('',(0.,0.,-1.));
#2435=DIRECTION('',(0.,1.,0.));
#2436=DIRECTION('',(0.,0.,-1.));
#2437=DIRECTION('',(0.,1.,0.));
#2438=DIRECTION('center_axis',(1.,0.,0.));
#2439=DIRECTION('ref_axis',(0.,0.930267068131675,-0.366883063045567));
#2440=DIRECTION('center_axis',(-1.,0.,0.));
#2441=DIRECTION('ref_axis',(0.,0.847776908054931,-0.530353009012697));
#2442=DIRECTION('center_axis',(-1.,0.,0.));
#2443=DIRECTION('ref_axis',(0.,-1.,0.));
#2444=DIRECTION('',(0.,-0.669445891480724,0.742860820328801));
#2445=DIRECTION('center_axis',(-1.,0.,0.));
#2446=DIRECTION('ref_axis',(0.,0.975291625444782,-0.220921355548248));
#2447=DIRECTION('',(0.,-0.220921355548249,-0.975291625444782));
#2448=DIRECTION('',(0.,-0.934655962459124,-0.355553416295793));
#2449=DIRECTION('',(0.,0.355553416295793,-0.934655962459124));
#2450=DIRECTION('',(0.,-0.934655962459124,-0.355553416295793));
#2451=DIRECTION('',(0.,-0.355553416295793,0.934655962459124));
#2452=DIRECTION('',(0.,0.,-1.));
#2453=DIRECTION('',(0.,-1.,0.));
#2454=DIRECTION('',(0.,0.,-1.));
#2455=DIRECTION('',(0.,-1.,0.));
#2456=DIRECTION('',(0.,0.,1.));
#2457=DIRECTION('',(0.,0.220921355548248,0.975291625444782));
#2458=DIRECTION('',(0.,0.669445891480724,-0.742860820328801));
#2459=DIRECTION('center_axis',(-1.,0.,0.));
#2460=DIRECTION('ref_axis',(0.,1.,0.));
#2461=DIRECTION('',(0.,-0.934655962459124,-0.355553416295793));
#2462=DIRECTION('center_axis',(1.,0.,0.));
#2463=DIRECTION('ref_axis',(0.,1.,0.));
#2464=DIRECTION('',(0.,0.355553416295791,-0.934655962459124));
#2465=DIRECTION('center_axis',(-1.,0.,0.));
#2466=DIRECTION('ref_axis',(0.,-0.823271952727589,0.567647154359205));
#2467=DIRECTION('',(0.,-1.,2.26136935340311E-17));
#2468=DIRECTION('center_axis',(-1.,0.,0.));
#2469=DIRECTION('ref_axis',(0.,0.983528332703012,0.180754028365714));
#2470=DIRECTION('',(0.,0.934655962459124,0.355553416295792));
#2471=DIRECTION('center_axis',(-1.,0.,0.));
#2472=DIRECTION('ref_axis',(0.,-0.409487337394487,-0.912315800868084));
#2473=DIRECTION('',(0.,-0.355553416295791,0.934655962459124));
#2474=DIRECTION('center_axis',(-1.,0.,0.));
#2475=DIRECTION('ref_axis',(0.,0.912315800868082,-0.409487337394492));
#2476=DIRECTION('',(0.,0.934655962459124,0.355553416295792));
#2477=DIRECTION('center_axis',(-1.,0.,0.));
#2478=DIRECTION('ref_axis',(0.,-0.409487337394487,-0.912315800868084));
#2479=DIRECTION('',(0.,0.355553416295791,-0.934655962459124));
#2480=DIRECTION('center_axis',(-1.,0.,0.));
#2481=DIRECTION('ref_axis',(0.,-0.823271952727584,0.567647154359212));
#2482=DIRECTION('',(0.,-1.,2.26136935340311E-17));
#2483=DIRECTION('center_axis',(-1.,0.,0.));
#2484=DIRECTION('ref_axis',(0.,0.567647154359209,0.823271952727586));
#2485=DIRECTION('',(0.,-0.355553416295792,0.934655962459124));
#2486=DIRECTION('center_axis',(-1.,0.,0.));
#2487=DIRECTION('ref_axis',(0.,0.912315800868089,-0.409487337394477));
#2488=DIRECTION('',(0.,0.934655962459124,0.355553416295791));
#2489=DIRECTION('center_axis',(-1.,0.,0.));
#2490=DIRECTION('ref_axis',(0.,-0.669133609382759,-0.743142121531542));
#2491=DIRECTION('center_axis',(-1.,0.,0.));
#2492=DIRECTION('ref_axis',(0.,-1.,0.));
#2493=DIRECTION('center_axis',(-1.,0.,0.));
#2494=DIRECTION('ref_axis',(0.,-0.965206678190703,0.261488180184244));
#2495=DIRECTION('',(0.,-1.,2.26136935340311E-17));
#2496=DIRECTION('center_axis',(-1.,0.,0.));
#2497=DIRECTION('ref_axis',(0.,0.567647154359207,0.823271952727587));
#2498=DIRECTION('center_axis',(1.,0.,0.));
#2499=DIRECTION('ref_axis',(0.,-1.,0.));
#2500=DIRECTION('center_axis',(1.,0.,0.));
#2501=DIRECTION('ref_axis',(0.,-1.,0.));
#2502=DIRECTION('center_axis',(1.,0.,0.));
#2503=DIRECTION('ref_axis',(0.,-1.,0.));
#2504=DIRECTION('center_axis',(1.,0.,0.));
#2505=DIRECTION('ref_axis',(0.,-1.,0.));
#2506=DIRECTION('center_axis',(1.76626390281275E-16,-0.355553416295792,
0.934655962459124));
#2507=DIRECTION('ref_axis',(1.,4.96212554297081E-16,-2.1004669094487E-19));
#2508=DIRECTION('center_axis',(0.,-0.355553416295793,0.934655962459124));
#2509=DIRECTION('ref_axis',(1.,4.96212554297081E-16,-2.1004669094487E-19));
#2510=DIRECTION('',(1.76626390281275E-16,-0.355553416295792,0.934655962459124));
#2511=DIRECTION('center_axis',(0.,0.,-1.));
#2512=DIRECTION('ref_axis',(-4.96212554297081E-16,1.,0.));
#2513=DIRECTION('center_axis',(1.76626390281275E-16,-0.355553416295792,
0.934655962459124));
#2514=DIRECTION('ref_axis',(1.,4.96212554297081E-16,-2.1004669094487E-19));
#2515=DIRECTION('center_axis',(0.,-0.355553416295793,0.934655962459124));
#2516=DIRECTION('ref_axis',(1.,4.96212554297081E-16,-2.1004669094487E-19));
#2517=DIRECTION('',(1.76626390281275E-16,-0.355553416295792,0.934655962459124));
#2518=DIRECTION('center_axis',(0.,0.355553416295792,-0.934655962459124));
#2519=DIRECTION('ref_axis',(1.,4.96212554297081E-16,-2.1004669094487E-19));
#2520=DIRECTION('center_axis',(0.,0.355553416295792,-0.934655962459124));
#2521=DIRECTION('ref_axis',(1.,4.96212554297081E-16,-2.1004669094487E-19));
#2522=DIRECTION('center_axis',(-1.,0.,0.));
#2523=DIRECTION('ref_axis',(0.,-1.16558847729675E-15,-1.));
#2524=DIRECTION('',(1.,0.,0.));
#2525=DIRECTION('center_axis',(-1.,0.,0.));
#2526=DIRECTION('ref_axis',(0.,-1.16558847729675E-15,-1.));
#2527=DIRECTION('',(1.,0.,0.));
#2528=DIRECTION('',(1.,0.,0.));
#2529=DIRECTION('center_axis',(0.,-0.355553416295792,0.934655962459124));
#2530=DIRECTION('ref_axis',(0.,-0.934655962459124,-0.355553416295792));
#2531=DIRECTION('',(-1.,0.,0.));
#2532=DIRECTION('',(1.,0.,0.));
#2533=DIRECTION('',(-1.,0.,0.));
#2534=DIRECTION('center_axis',(0.,0.,1.));
#2535=DIRECTION('ref_axis',(1.,0.,0.));
#2536=DIRECTION('center_axis',(0.,0.,1.));
#2537=DIRECTION('ref_axis',(1.,0.,0.));
#2538=DIRECTION('',(0.,0.,1.));
#2539=DIRECTION('center_axis',(0.,0.,1.));
#2540=DIRECTION('ref_axis',(1.,0.,0.));
#2541=DIRECTION('center_axis',(0.,0.,-1.));
#2542=DIRECTION('ref_axis',(1.,0.,0.));
#2543=DIRECTION('center_axis',(0.,0.,1.));
#2544=DIRECTION('ref_axis',(1.,0.,0.));
#2545=DIRECTION('center_axis',(0.,0.,1.));
#2546=DIRECTION('ref_axis',(1.,0.,0.));
#2547=DIRECTION('',(0.,0.,1.));
#2548=DIRECTION('center_axis',(0.,0.,1.));
#2549=DIRECTION('ref_axis',(1.,0.,0.));
#2550=DIRECTION('center_axis',(0.,0.,-1.));
#2551=DIRECTION('ref_axis',(1.,0.,0.));
#2552=DIRECTION('center_axis',(1.,0.,0.));
#2553=DIRECTION('ref_axis',(0.,-0.707106781186546,0.707106781186549));
#2554=DIRECTION('center_axis',(1.,0.,0.));
#2555=DIRECTION('ref_axis',(0.,-0.707106781186546,0.707106781186549));
#2556=DIRECTION('',(1.,0.,0.));
#2557=DIRECTION('',(-1.,0.,0.));
#2558=DIRECTION('center_axis',(0.,0.,1.));
#2559=DIRECTION('ref_axis',(1.,0.,0.));
#2560=DIRECTION('',(1.,0.,0.));
#2561=DIRECTION('',(0.,-1.,0.));
#2562=DIRECTION('center_axis',(-1.,0.,0.));
#2563=DIRECTION('ref_axis',(0.,0.707106781186547,0.707106781186548));
#2564=DIRECTION('center_axis',(1.,0.,0.));
#2565=DIRECTION('ref_axis',(0.,0.707106781186547,0.707106781186548));
#2566=DIRECTION('',(-1.,0.,0.));
#2567=DIRECTION('center_axis',(1.,0.,0.));
#2568=DIRECTION('ref_axis',(0.,-1.,0.));
#2569=DIRECTION('',(0.,0.,-1.));
#2570=DIRECTION('',(0.,-1.,0.));
#2571=DIRECTION('center_axis',(-1.,0.,0.));
#2572=DIRECTION('ref_axis',(0.,-1.,1.89408127560723E-15));
#2573=DIRECTION('',(0.,0.,1.));
#2574=DIRECTION('center_axis',(0.,1.,0.));
#2575=DIRECTION('ref_axis',(0.,0.,1.));
#2576=DIRECTION('',(1.,0.,0.));
#2577=DIRECTION('center_axis',(0.,-1.,0.));
#2578=DIRECTION('ref_axis',(0.,0.,-1.));
#2579=DIRECTION('center_axis',(-1.,0.,0.));
#2580=DIRECTION('ref_axis',(0.,-1.,0.));
#2581=DIRECTION('',(-1.,0.,0.));
#2582=DIRECTION('center_axis',(1.,0.,0.));
#2583=DIRECTION('ref_axis',(0.,-1.,0.));
#2584=DIRECTION('center_axis',(-1.,0.,0.));
#2585=DIRECTION('ref_axis',(0.,-1.,0.));
#2586=DIRECTION('',(-1.,0.,0.));
#2587=DIRECTION('center_axis',(1.,0.,0.));
#2588=DIRECTION('ref_axis',(0.,-1.,0.));
#2589=DIRECTION('center_axis',(-1.,0.,0.));
#2590=DIRECTION('ref_axis',(0.,-1.,0.));
#2591=DIRECTION('',(-1.,0.,0.));
#2592=DIRECTION('center_axis',(1.,0.,0.));
#2593=DIRECTION('ref_axis',(0.,-1.,0.));
#2594=DIRECTION('center_axis',(-1.,0.,0.));
#2595=DIRECTION('ref_axis',(0.,-5.0532154980743E-16,1.));
#2596=DIRECTION('',(1.,0.,0.));
#2597=DIRECTION('center_axis',(-1.,0.,0.));
#2598=DIRECTION('ref_axis',(0.,-1.,0.));
#2599=DIRECTION('',(1.,0.,0.));
#2600=DIRECTION('center_axis',(0.,0.573576436351046,-0.819152044288992));
#2601=DIRECTION('ref_axis',(0.,0.819152044288992,0.573576436351046));
#2602=DIRECTION('',(0.,0.819152044288992,0.573576436351046));
#2603=DIRECTION('',(1.,0.,0.));
#2604=DIRECTION('center_axis',(-1.,0.,0.));
#2605=DIRECTION('ref_axis',(0.,-1.,0.));
#2606=DIRECTION('center_axis',(-1.,0.,0.));
#2607=DIRECTION('ref_axis',(0.,-1.,0.));
#2608=DIRECTION('',(1.,0.,0.));
#2609=DIRECTION('center_axis',(0.,-0.573576436351047,-0.819152044288991));
#2610=DIRECTION('ref_axis',(0.,0.819152044288991,-0.573576436351047));
#2611=DIRECTION('',(0.,0.819152044288991,-0.573576436351047));
#2612=DIRECTION('center_axis',(1.,0.,0.));
#2613=DIRECTION('ref_axis',(0.,-1.,0.));
#2614=DIRECTION('center_axis',(1.,0.,0.));
#2615=DIRECTION('ref_axis',(0.,1.,0.));
#2616=DIRECTION('center_axis',(-1.,0.,0.));
#2617=DIRECTION('ref_axis',(0.,-1.,0.));
#2618=DIRECTION('',(-1.,0.,0.));
#2619=DIRECTION('center_axis',(-1.,0.,0.));
#2620=DIRECTION('ref_axis',(0.,-1.,0.));
#2621=DIRECTION('center_axis',(-1.,0.,0.));
#2622=DIRECTION('ref_axis',(0.,0.707106781186548,-0.707106781186547));
#2623=DIRECTION('center_axis',(1.,0.,0.));
#2624=DIRECTION('ref_axis',(0.,0.707106781186548,-0.707106781186547));
#2625=DIRECTION('',(1.,0.,0.));
#2626=DIRECTION('',(-1.,0.,0.));
#2627=DIRECTION('center_axis',(0.,-1.,0.));
#2628=DIRECTION('ref_axis',(0.,0.,-1.));
#2629=DIRECTION('',(0.,0.,-1.));
#2630=DIRECTION('',(-1.,0.,0.));
#2631=DIRECTION('center_axis',(-1.,0.,0.));
#2632=DIRECTION('ref_axis',(0.,-0.707106781186548,-0.707106781186547));
#2633=DIRECTION('center_axis',(1.,0.,0.));
#2634=DIRECTION('ref_axis',(0.,-0.707106781186548,-0.707106781186547));
#2635=DIRECTION('',(1.,0.,0.));
#2636=DIRECTION('',(-1.,0.,0.));
#2637=DIRECTION('center_axis',(0.,0.,1.));
#2638=DIRECTION('ref_axis',(0.,-1.,0.));
#2639=DIRECTION('',(0.,-1.,0.));
#2640=DIRECTION('center_axis',(-1.,0.,0.));
#2641=DIRECTION('ref_axis',(0.,0.707106781186548,0.707106781186547));
#2642=DIRECTION('center_axis',(1.,0.,0.));
#2643=DIRECTION('ref_axis',(0.,0.707106781186548,0.707106781186547));
#2644=DIRECTION('',(1.,0.,0.));
#2645=DIRECTION('center_axis',(0.,0.,-1.));
#2646=DIRECTION('ref_axis',(0.,1.,0.));
#2647=DIRECTION('',(0.,1.,0.));
#2648=DIRECTION('',(-1.,0.,0.));
#2649=DIRECTION('center_axis',(-1.,0.,0.));
#2650=DIRECTION('ref_axis',(0.,-0.707106781186548,0.707106781186547));
#2651=DIRECTION('center_axis',(1.,0.,0.));
#2652=DIRECTION('ref_axis',(0.,-0.707106781186548,0.707106781186547));
#2653=DIRECTION('',(1.,0.,0.));
#2654=DIRECTION('center_axis',(0.,1.,0.));
#2655=DIRECTION('ref_axis',(0.,0.,1.));
#2656=DIRECTION('',(0.,0.,1.));
#2657=DIRECTION('center_axis',(-1.,0.,0.));
#2658=DIRECTION('ref_axis',(0.,0.,1.));
#2659=DIRECTION('center_axis',(1.,0.,0.));
#2660=DIRECTION('ref_axis',(0.,0.847776908054931,-0.530353009012697));
#2661=DIRECTION('',(1.,0.,0.));
#2662=DIRECTION('',(-1.,0.,0.));
#2663=DIRECTION('center_axis',(-1.,0.,0.));
#2664=DIRECTION('ref_axis',(0.,-0.999767085309171,0.0215818241213338));
#2665=DIRECTION('',(1.,0.,0.));
#2666=DIRECTION('center_axis',(-1.,0.,0.));
#2667=DIRECTION('ref_axis',(0.,0.930267068131675,-0.366883063045567));
#2668=DIRECTION('',(1.,0.,0.));
#2669=DIRECTION('center_axis',(0.,0.,-1.));
#2670=DIRECTION('ref_axis',(0.,1.,0.));
#2671=DIRECTION('',(1.,0.,0.));
#2672=DIRECTION('center_axis',(-1.,0.,0.));
#2673=DIRECTION('ref_axis',(0.,-1.,1.89408127560723E-15));
#2674=DIRECTION('',(1.,0.,0.));
#2675=DIRECTION('center_axis',(0.,0.,1.));
#2676=DIRECTION('ref_axis',(0.,-1.,0.));
#2677=DIRECTION('center_axis',(-1.,0.,0.));
#2678=DIRECTION('ref_axis',(0.,0.983528332703012,0.180754028365714));
#2679=DIRECTION('',(1.,0.,0.));
#2680=DIRECTION('center_axis',(0.,-2.26136935340311E-17,-1.));
#2681=DIRECTION('ref_axis',(0.,1.,-2.26136935340311E-17));
#2682=DIRECTION('',(-1.,0.,0.));
#2683=DIRECTION('center_axis',(-1.,0.,0.));
#2684=DIRECTION('ref_axis',(0.,-0.823271952727589,0.567647154359205));
#2685=DIRECTION('',(1.,0.,0.));
#2686=DIRECTION('center_axis',(0.,0.934655962459124,0.355553416295791));
#2687=DIRECTION('ref_axis',(0.,-0.355553416295791,0.934655962459124));
#2688=DIRECTION('',(-1.,0.,0.));
#2689=DIRECTION('center_axis',(-1.,0.,0.));
#2690=DIRECTION('ref_axis',(0.,-0.409487337394487,-0.912315800868084));
#2691=DIRECTION('center_axis',(-1.,0.,0.));
#2692=DIRECTION('ref_axis',(0.,-0.409487337394487,-0.912315800868084));
#2693=DIRECTION('',(-1.,0.,0.));
#2694=DIRECTION('',(1.,0.,0.));
#2695=DIRECTION('center_axis',(0.,-0.355553416295792,0.934655962459124));
#2696=DIRECTION('ref_axis',(0.,-0.934655962459124,-0.355553416295792));
#2697=DIRECTION('',(-1.,0.,0.));
#2698=DIRECTION('center_axis',(-1.,0.,0.));
#2699=DIRECTION('ref_axis',(0.,-0.823271952727584,0.567647154359212));
#2700=DIRECTION('',(-1.,0.,0.));
#2701=DIRECTION('',(1.,0.,0.));
#2702=DIRECTION('center_axis',(0.,0.934655962459124,0.355553416295791));
#2703=DIRECTION('ref_axis',(0.,-0.355553416295791,0.934655962459124));
#2704=DIRECTION('center_axis',(-1.,0.,0.));
#2705=DIRECTION('ref_axis',(0.,0.912315800868082,-0.409487337394492));
#2706=DIRECTION('',(1.,0.,0.));
#2707=DIRECTION('center_axis',(0.,-0.934655962459124,-0.355553416295791));
#2708=DIRECTION('ref_axis',(0.,0.355553416295791,-0.934655962459124));
#2709=DIRECTION('',(-1.,0.,0.));
#2710=DIRECTION('center_axis',(-1.,0.,0.));
#2711=DIRECTION('ref_axis',(0.,0.912315800868089,-0.409487337394477));
#2712=DIRECTION('',(-1.,0.,0.));
#2713=DIRECTION('',(1.,0.,0.));
#2714=DIRECTION('center_axis',(0.,-0.934655962459124,-0.355553416295792));
#2715=DIRECTION('ref_axis',(0.,0.355553416295792,-0.934655962459124));
#2716=DIRECTION('',(-1.,0.,0.));
#2717=DIRECTION('center_axis',(-1.,0.,0.));
#2718=DIRECTION('ref_axis',(0.,0.567647154359209,0.823271952727586));
#2719=DIRECTION('',(1.,0.,0.));
#2720=DIRECTION('center_axis',(0.,-2.26136935340311E-17,-1.));
#2721=DIRECTION('ref_axis',(0.,1.,-2.26136935340311E-17));
#2722=DIRECTION('center_axis',(-1.,0.,0.));
#2723=DIRECTION('ref_axis',(0.,0.567647154359207,0.823271952727587));
#2724=DIRECTION('',(1.,0.,0.));
#2725=DIRECTION('center_axis',(0.,-2.26136935340311E-17,-1.));
#2726=DIRECTION('ref_axis',(0.,1.,-2.26136935340311E-17));
#2727=DIRECTION('',(-1.,0.,0.));
#2728=DIRECTION('center_axis',(-1.,0.,0.));
#2729=DIRECTION('ref_axis',(0.,-0.669133609382759,-0.743142121531542));
#2730=DIRECTION('',(-1.,0.,0.));
#2731=DIRECTION('',(1.,0.,0.));
#2732=DIRECTION('center_axis',(0.,-0.355553416295791,0.934655962459124));
#2733=DIRECTION('ref_axis',(0.,-0.934655962459124,-0.355553416295791));
#2734=DIRECTION('center_axis',(-1.,0.,0.));
#2735=DIRECTION('ref_axis',(0.,-0.965206678190703,0.261488180184244));
#2736=DIRECTION('',(1.,0.,0.));
#2737=DIRECTION('center_axis',(-1.,0.,0.));
#2738=DIRECTION('ref_axis',(0.,0.924361683104957,0.381517337492506));
#2739=DIRECTION('center_axis',(1.,0.,0.));
#2740=DIRECTION('ref_axis',(0.,1.,0.));
#2741=DIRECTION('',(1.,0.,0.));
#2742=DIRECTION('center_axis',(0.,0.,1.));
#2743=DIRECTION('ref_axis',(1.,0.,0.));
#2744=DIRECTION('',(-1.,0.,0.));
#2745=DIRECTION('',(1.,0.,0.));
#2746=DIRECTION('center_axis',(0.,1.,0.));
#2747=DIRECTION('ref_axis',(1.,0.,0.));
#2748=DIRECTION('center_axis',(0.,1.,0.));
#2749=DIRECTION('ref_axis',(0.,0.,-1.));
#2750=DIRECTION('',(-1.,0.,0.));
#2751=DIRECTION('center_axis',(-3.38963670212154E-32,0.934655962459124,
0.355553416295793));
#2752=DIRECTION('ref_axis',(-1.,-1.76061069357691E-17,4.62818020275178E-17));
#2753=DIRECTION('',(-1.,-3.16814415420817E-32,-1.20519690944092E-32));
#2754=DIRECTION('',(-1.,-1.76061069357691E-17,4.62818020275178E-17));
#2755=DIRECTION('center_axis',(0.,-0.934655962459124,-0.355553416295793));
#2756=DIRECTION('ref_axis',(1.,0.,0.));
#2757=DIRECTION('',(1.,0.,0.));
#2758=DIRECTION('',(1.,0.,0.));
#2759=DIRECTION('center_axis',(0.,0.355553416295793,-0.934655962459124));
#2760=DIRECTION('ref_axis',(-1.,0.,0.));
#2761=DIRECTION('center_axis',(0.,-0.355553416295793,0.934655962459124));
#2762=DIRECTION('ref_axis',(0.,-0.934655962459123,-0.355553416295793));
#2763=DIRECTION('',(1.,0.,0.));
#2764=DIRECTION('center_axis',(0.,1.,0.));
#2765=DIRECTION('ref_axis',(-1.,0.,0.));
#2766=DIRECTION('',(-1.,0.,0.));
#2767=DIRECTION('center_axis',(0.,0.,-1.));
#2768=DIRECTION('ref_axis',(-1.,0.,0.));
#2769=DIRECTION('',(1.,0.,0.));
#2770=DIRECTION('center_axis',(0.,-1.,0.));
#2771=DIRECTION('ref_axis',(0.,0.,1.));
#2772=DIRECTION('',(-1.,0.,0.));
#2773=DIRECTION('center_axis',(0.,1.,0.));
#2774=DIRECTION('ref_axis',(0.,0.,-1.));
#2775=DIRECTION('',(-1.,0.,0.));
#2776=DIRECTION('center_axis',(0.,0.,-1.));
#2777=DIRECTION('ref_axis',(0.,-1.,0.));
#2778=DIRECTION('center_axis',(0.,-1.,0.));
#2779=DIRECTION('ref_axis',(0.,0.,1.));
#2780=DIRECTION('',(-1.,0.,0.));
#2781=DIRECTION('',(-1.,0.,0.));
#2782=DIRECTION('center_axis',(0.,0.,1.));
#2783=DIRECTION('ref_axis',(0.,1.,0.));
#2784=DIRECTION('center_axis',(0.,0.,-1.));
#2785=DIRECTION('ref_axis',(0.,1.,0.));
#2786=DIRECTION('center_axis',(1.,0.,0.));
#2787=DIRECTION('ref_axis',(0.,-1.,0.));
#2788=DIRECTION('center_axis',(-1.,0.,0.));
#2789=DIRECTION('ref_axis',(0.,-1.,1.46081976924363E-15));
#2790=DIRECTION('',(0.,4.93432455388958E-16,1.));
#2791=DIRECTION('center_axis',(-1.,0.,0.));
#2792=DIRECTION('ref_axis',(0.,-5.84327907697451E-16,1.));
#2793=DIRECTION('',(0.,1.,-2.22044604925031E-16));
#2794=DIRECTION('center_axis',(-1.,0.,0.));
#2795=DIRECTION('ref_axis',(0.,1.,2.92163953848725E-16));
#2796=DIRECTION('',(0.,-6.16790569236198E-16,-1.));
#2797=DIRECTION('center_axis',(-1.,0.,0.));
#2798=DIRECTION('ref_axis',(0.,0.,-1.));
#2799=DIRECTION('',(0.,-1.,1.11022302462516E-16));
#2800=DIRECTION('center_axis',(-1.,0.,0.));
#2801=DIRECTION('ref_axis',(0.,1.,2.92163953848725E-16));
#2802=DIRECTION('',(1.,0.,0.));
#2803=DIRECTION('',(1.,0.,0.));
#2804=DIRECTION('center_axis',(0.,-1.,6.16790569236198E-16));
#2805=DIRECTION('ref_axis',(0.,-6.16790569236198E-16,-1.));
#2806=DIRECTION('',(1.,0.,0.));
#2807=DIRECTION('center_axis',(-1.,0.,0.));
#2808=DIRECTION('ref_axis',(0.,0.,-1.));
#2809=DIRECTION('',(1.,0.,0.));
#2810=DIRECTION('center_axis',(0.,1.11022302462516E-16,1.));
#2811=DIRECTION('ref_axis',(0.,-1.,1.11022302462516E-16));
#2812=DIRECTION('',(1.,0.,0.));
#2813=DIRECTION('center_axis',(0.,-2.22044604925031E-16,-1.));
#2814=DIRECTION('ref_axis',(0.,1.,-2.22044604925031E-16));
#2815=DIRECTION('',(1.,0.,0.));
#2816=DIRECTION('center_axis',(-1.,0.,0.));
#2817=DIRECTION('ref_axis',(0.,-5.84327907697451E-16,1.));
#2818=DIRECTION('',(1.,0.,0.));
#2819=DIRECTION('center_axis',(0.,1.,-4.93432455388958E-16));
#2820=DIRECTION('ref_axis',(0.,4.93432455388958E-16,1.));
#2821=DIRECTION('',(1.,0.,0.));
#2822=DIRECTION('center_axis',(-1.,0.,0.));
#2823=DIRECTION('ref_axis',(0.,-1.,1.46081976924363E-15));
#2824=DIRECTION('center_axis',(0.,-0.742860820328801,-0.669445891480724));
#2825=DIRECTION('ref_axis',(0.,0.669445891480724,-0.742860820328801));
#2826=DIRECTION('',(1.,0.,0.));
#2827=DIRECTION('',(1.,0.,0.));
#2828=DIRECTION('center_axis',(-1.,0.,0.));
#2829=DIRECTION('ref_axis',(0.,1.,0.));
#2830=DIRECTION('',(1.,0.,0.));
#2831=DIRECTION('center_axis',(0.,-0.355553416295793,0.934655962459124));
#2832=DIRECTION('ref_axis',(0.,-0.934655962459123,-0.355553416295793));
#2833=DIRECTION('',(1.,0.,0.));
#2834=DIRECTION('center_axis',(0.,0.975291625444782,-0.220921355548248));
#2835=DIRECTION('ref_axis',(0.,0.220921355548248,0.975291625444782));
#2836=DIRECTION('center_axis',(0.,0.742860820328801,0.669445891480724));
#2837=DIRECTION('ref_axis',(0.,-0.669445891480724,0.742860820328801));
#2838=DIRECTION('',(1.,0.,0.));
#2839=DIRECTION('center_axis',(-1.,0.,0.));
#2840=DIRECTION('ref_axis',(0.,0.975291625444782,-0.220921355548248));
#2841=DIRECTION('',(1.,0.,0.));
#2842=DIRECTION('center_axis',(0.,-0.975291625444782,0.220921355548249));
#2843=DIRECTION('ref_axis',(0.,-0.220921355548249,-0.975291625444782));
#2844=CARTESIAN_POINT('',(0.,0.,0.));
#2845=CARTESIAN_POINT('Origin',(182.275,-74.7394625938542,-0.003612746546095));
#2846=CARTESIAN_POINT('',(9.52500000000001,-73.2894625938542,-0.00361274654609518));
#2847=CARTESIAN_POINT('Origin',(9.52500000000001,-74.7394625938542,-0.003612746546095));
#2848=CARTESIAN_POINT('',(0.,-73.2894625938542,-0.00361274654609482));
#2849=CARTESIAN_POINT('',(182.275,-73.2894625938542,-0.00361274654609518));
#2850=CARTESIAN_POINT('Origin',(0.,-74.7394625938542,-0.003612746546095));
#2851=CARTESIAN_POINT('Origin',(3.96997433466194,-47.6342244757565,19.));
#2852=CARTESIAN_POINT('',(5.41997433466194,-47.6342244757565,16.));
#2853=CARTESIAN_POINT('Origin',(3.96997433466194,-47.6342244757565,16.));
#2854=CARTESIAN_POINT('',(5.41997433466194,-47.6342244757565,10.7049999999993));
#2855=CARTESIAN_POINT('',(5.41997433466194,-47.6342244757565,19.));
#2856=CARTESIAN_POINT('Origin',(3.96997433466194,-47.6342244757565,10.7049999999993));
#2857=CARTESIAN_POINT('Origin',(3.96997433466194,-33.7113696655124,19.));
#2858=CARTESIAN_POINT('',(5.41997433466194,-33.7113696655124,16.));
#2859=CARTESIAN_POINT('Origin',(3.96997433466194,-33.7113696655124,16.));
#2860=CARTESIAN_POINT('',(5.41997433466194,-33.7113696655124,10.7049999999993));
#2861=CARTESIAN_POINT('',(5.41997433466194,-33.7113696655124,19.));
#2862=CARTESIAN_POINT('Origin',(3.96997433466194,-33.7113696655124,10.7049999999993));
#2863=CARTESIAN_POINT('Origin',(6.03038785058716,37.5212394364815,13.3532972796494));
#2864=CARTESIAN_POINT('',(4.58038785058717,35.5212394364809,13.3532972796494));
#2865=CARTESIAN_POINT('Origin',(6.03038785058716,35.5212394364809,13.3532972796494));
#2866=CARTESIAN_POINT('',(4.58038785058717,35.2044,13.3532972796494));
#2867=CARTESIAN_POINT('',(4.58038785058717,37.5212394364815,13.3532972796494));
#2868=CARTESIAN_POINT('Origin',(6.03038785058716,35.2044,13.3532972796494));
#2869=CARTESIAN_POINT('Origin',(6.03038785058716,37.5212394364815,13.3532972796494));
#2870=CARTESIAN_POINT('',(4.58038785058717,28.8544,13.3532972796494));
#2871=CARTESIAN_POINT('Origin',(6.03038785058716,28.8544,13.3532972796494));
#2872=CARTESIAN_POINT('',(4.58038785058717,22.5212394364815,13.3532972796494));
#2873=CARTESIAN_POINT('',(4.58038785058717,37.5212394364815,13.3532972796494));
#2874=CARTESIAN_POINT('Origin',(6.03038785058716,22.5212394364815,13.3532972796494));
#2875=CARTESIAN_POINT('Origin',(6.03038785058716,22.5212394364815,13.3532972796494));
#2876=CARTESIAN_POINT('Origin',(6.03038785058716,37.5212394364815,-13.8413028573652));
#2877=CARTESIAN_POINT('',(4.58038785058717,28.8544,-13.8413028573652));
#2878=CARTESIAN_POINT('Origin',(6.03038785058716,28.8544,-13.8413028573652));
#2879=CARTESIAN_POINT('',(4.58038785058717,22.5212394364815,-13.8413028573652));
#2880=CARTESIAN_POINT('',(4.58038785058717,37.5212394364815,-13.8413028573652));
#2881=CARTESIAN_POINT('Origin',(6.03038785058716,22.5212394364815,-13.8413028573652));
#2882=CARTESIAN_POINT('Origin',(6.03038785058716,37.5212394364815,-13.8413028573652));
#2883=CARTESIAN_POINT('',(4.58038785058717,35.5212394364809,-13.8413028573652));
#2884=CARTESIAN_POINT('Origin',(6.03038785058716,35.5212394364809,-13.8413028573652));
#2885=CARTESIAN_POINT('',(4.58038785058717,35.2044,-13.8413028573652));
#2886=CARTESIAN_POINT('',(4.58038785058717,37.5212394364815,-13.8413028573652));
#2887=CARTESIAN_POINT('Origin',(6.03038785058716,35.2044,-13.8413028573652));
#2888=CARTESIAN_POINT('Origin',(6.03038785058716,22.5212394364815,-13.8413028573652));
#2889=CARTESIAN_POINT('Origin',(182.275,35.5212394364809,-18.));
#2890=CARTESIAN_POINT('',(0.,35.5212394364822,17.9999999999943));
#2891=CARTESIAN_POINT('',(0.,35.5212394364809,-18.));
#2892=CARTESIAN_POINT('',(0.,35.5212394364807,-22.0894077590545));
#2893=CARTESIAN_POINT('',(9.52500000000001,35.5212394364822,17.9999999999943));
#2894=CARTESIAN_POINT('',(91.1374999999999,35.5212394364822,18.));
#2895=CARTESIAN_POINT('',(9.52500000000001,35.5212394364809,-18.));
#2896=CARTESIAN_POINT('',(9.52500000000001,35.5212394364807,-22.0894077590545));
#2897=CARTESIAN_POINT('',(91.1374999999999,35.5212394364809,-18.));
#2898=CARTESIAN_POINT('Origin',(0.,-29.8228,-26.1788155181065));
#2899=CARTESIAN_POINT('',(0.,35.2044,-18.));
#2900=CARTESIAN_POINT('',(0.,44.7294,-18.));
#2901=CARTESIAN_POINT('',(0.,35.2044,-11.65));
#2902=CARTESIAN_POINT('',(0.,35.2044,-22.0894077590533));
#2903=CARTESIAN_POINT('',(0.,28.8544,-11.65));
#2904=CARTESIAN_POINT('',(0.,2.69080000000001,-11.65));
#2905=CARTESIAN_POINT('',(0.,28.8544,-16.));
#2906=CARTESIAN_POINT('',(0.,28.8544,-18.9144077590533));
#2907=CARTESIAN_POINT('',(0.,-19.1875,-16.));
#2908=CARTESIAN_POINT('',(0.,-10.907175,-16.));
#2909=CARTESIAN_POINT('',(0.,-19.1875,-18.));
#2910=CARTESIAN_POINT('',(0.,-19.1875,-22.0894077590533));
#2911=CARTESIAN_POINT('',(-1.77635683940025E-14,-19.8986068325916,-16.1306880750818));
#2912=CARTESIAN_POINT('',(0.,-18.5007554312242,-19.8052699720336));
#2913=CARTESIAN_POINT('',(-1.77635683940025E-14,-49.0705762341247,-27.2280263443436));
#2914=CARTESIAN_POINT('',(0.,-33.1959937517507,-21.1891604294169));
#2915=CARTESIAN_POINT('',(-1.77635683940025E-14,-48.359469401533,-29.0973382692619));
#2916=CARTESIAN_POINT('',(-8.88178419700126E-15,-47.6727248327572,-30.9026082412954));
#2917=CARTESIAN_POINT('',(0.,-77.5314388030663,-40.1946765385237));
#2918=CARTESIAN_POINT('',(0.,-19.1875,-18.));
#2919=CARTESIAN_POINT('',(0.,-83.2432789335394,-65.4104816439445));
#2920=CARTESIAN_POINT('',(0.,-83.2432789335394,-65.4104816439445));
#2921=CARTESIAN_POINT('',(0.,-94.1535469642018,-68.2586124471157));
#2922=CARTESIAN_POINT('Origin',(0.,-89.4363807551139,-64.0076310362132));
#2923=CARTESIAN_POINT('',(0.,-117.476498627264,-42.3779442327078));
#2924=CARTESIAN_POINT('',(0.,-94.1535469642018,-68.2586124471157));
#2925=CARTESIAN_POINT('',(0.,-116.91298040711,-16.273247738368));
#2926=CARTESIAN_POINT('Origin',(0.,-103.325,-29.6250000000001));
#2927=CARTESIAN_POINT('',(0.,-115.458794547275,-13.9487107393545));
#2928=CARTESIAN_POINT('Origin',(0.,-121.44230720948,-11.8226636511574));
#2929=CARTESIAN_POINT('',(0.,-116.006002140045,18.));
#2930=CARTESIAN_POINT('Origin',(0.,-158.361857002068,1.29550050513803));
#2931=CARTESIAN_POINT('',(0.,-75.9816636280368,18.));
#2932=CARTESIAN_POINT('',(0.,-116.006002140045,18.));
#2933=CARTESIAN_POINT('',(0.,-75.9816636280368,16.));
#2934=CARTESIAN_POINT('',(0.,-75.9816636280368,-4.08940775905329));
#2935=CARTESIAN_POINT('',(0.,28.8544,16.));
#2936=CARTESIAN_POINT('',(0.,-25.1057159070092,16.));
#2937=CARTESIAN_POINT('',(0.,28.8544,11.649999999997));
#2938=CARTESIAN_POINT('',(0.,28.8544,-4.08940775905482));
#2939=CARTESIAN_POINT('',(0.,35.2044,11.649999999997));
#2940=CARTESIAN_POINT('',(0.,-0.484199999999996,11.649999999997));
#2941=CARTESIAN_POINT('',(0.,35.2044,17.999999999997));
#2942=CARTESIAN_POINT('',(0.,35.2044,-7.26440775905481));
#2943=CARTESIAN_POINT('',(0.,-103.325,18.));
#2944=CARTESIAN_POINT('',(0.,-110.502819788082,-34.6509635235262));
#2945=CARTESIAN_POINT('',(0.,-96.1471802119177,-34.6509635235262));
#2946=CARTESIAN_POINT('Origin',(0.,-103.325,-29.6250000000001));
#2947=CARTESIAN_POINT('',(0.,-115.704435270137,-38.2931738949288));
#2948=CARTESIAN_POINT('',(0.,-84.0447708585046,-16.1248382167146));
#2949=CARTESIAN_POINT('',(0.,-90.9455647298634,-38.2931738949288));
#2950=CARTESIAN_POINT('Origin',(0.,-103.325,-29.6250000000001));
#2951=CARTESIAN_POINT('',(0.,-75.8853203931463,-48.8384705067783));
#2952=CARTESIAN_POINT('',(0.,-84.1221327779209,9.69999999999999));
#2953=CARTESIAN_POINT('',(0.,-84.1221327779209,-9.70000000000001));
#2954=CARTESIAN_POINT('',(0.,-84.1221327779209,-6.73940775905328));
#2955=CARTESIAN_POINT('',(0.,-87.1221327779209,12.7));
#2956=CARTESIAN_POINT('Origin',(0.,-87.1221327779209,9.69999999999999));
#2957=CARTESIAN_POINT('',(0.,-103.347132777921,12.7));
#2958=CARTESIAN_POINT('',(0.,-68.0849663889605,12.7));
#2959=CARTESIAN_POINT('',(0.,-106.347132777921,9.69999999999999));
#2960=CARTESIAN_POINT('Origin',(0.,-103.347132777921,9.70000000000001));
#2961=CARTESIAN_POINT('',(0.,-106.347132777921,-9.69999999999999));
#2962=CARTESIAN_POINT('',(0.,-106.347132777921,-19.4394077590533));
#2963=CARTESIAN_POINT('',(0.,-103.347132777921,-12.7));
#2964=CARTESIAN_POINT('Origin',(0.,-103.347132777921,-9.69999999999999));
#2965=CARTESIAN_POINT('',(0.,-87.1221327779209,-12.7));
#2966=CARTESIAN_POINT('',(0.,-56.9724663889605,-12.7));
#2967=CARTESIAN_POINT('Origin',(0.,-87.1221327779209,-9.70000000000001));
#2968=CARTESIAN_POINT('',(0.,9.9999999999998,-12.8000000000007));
#2969=CARTESIAN_POINT('',(0.,-10.0000000000002,-12.8000000000007));
#2970=CARTESIAN_POINT('',(0.,-9.91140000000011,-12.8000000000007));
#2971=CARTESIAN_POINT('',(0.,13.7999999999998,-9.00000000000075));
#2972=CARTESIAN_POINT('Origin',(0.,9.9999999999998,-9.00000000000075));
#2973=CARTESIAN_POINT('',(0.,13.7999999999998,8.99999999999926));
#2974=CARTESIAN_POINT('',(0.,13.7999999999998,-8.58940775905368));
#2975=CARTESIAN_POINT('',(0.,9.9999999999998,12.7999999999992));
#2976=CARTESIAN_POINT('Origin',(0.,9.9999999999998,8.99999999999926));
#2977=CARTESIAN_POINT('',(0.,-10.0000000000002,12.7999999999993));
#2978=CARTESIAN_POINT('',(0.,-19.9114000000001,12.7999999999993));
#2979=CARTESIAN_POINT('',(0.,-13.8000000000002,8.99999999999926));
#2980=CARTESIAN_POINT('Origin',(0.,-10.0000000000002,8.99999999999926));
#2981=CARTESIAN_POINT('',(0.,-13.8000000000002,-9.00000000000075));
#2982=CARTESIAN_POINT('',(0.,-13.8000000000002,-17.5894077590537));
#2983=CARTESIAN_POINT('Origin',(0.,-10.0000000000002,-9.00000000000075));
#2984=CARTESIAN_POINT('',(0.,-89.4363807551139,-64.0076310362132));
#2985=CARTESIAN_POINT('',(0.,-84.6562578115133,-42.9050361154077));
#2986=CARTESIAN_POINT('',(0.,-89.4363807551139,-64.0076310362132));
#2987=CARTESIAN_POINT('',(0.,-96.5517074195652,-47.4301960848464));
#2988=CARTESIAN_POINT('',(0.,-19.1875,-18.));
#2989=CARTESIAN_POINT('',(0.,-103.25384901231,-48.6748671264907));
#2990=CARTESIAN_POINT('Origin',(0.,-103.325,-29.6250000000001));
#2991=CARTESIAN_POINT('',(0.,-89.4363807551139,-64.0076310362132));
#2992=CARTESIAN_POINT('',(0.,-54.1341916223908,-20.033278201721));
#2993=CARTESIAN_POINT('',(0.,-55.1528276056815,-17.3555534162958));
#2994=CARTESIAN_POINT('',(0.,-51.3985704922107,-27.2245031574253));
#2995=CARTESIAN_POINT('',(0.,-52.8439822436359,-20.6123807478843));
#2996=CARTESIAN_POINT('Origin',(0.,-53.1995356599318,-19.6777247854252));
#2997=CARTESIAN_POINT('',(0.,-45.8049514769054,-17.9346559624591));
#2998=CARTESIAN_POINT('',(0.,-37.6510938441715,-14.8328387658081));
#2999=CARTESIAN_POINT('',(0.,-46.1605048932013,-16.));
#3000=CARTESIAN_POINT('Origin',(0.,-46.1605048932013,-17.));
#3001=CARTESIAN_POINT('',(0.,-54.2181716432222,-16.));
#3002=CARTESIAN_POINT('',(0.,-42.7456475232116,-16.));
#3003=CARTESIAN_POINT('Origin',(0.,-54.2181716432222,-17.));
#3004=CARTESIAN_POINT('',(0.,-62.2172841853054,-16.6444465837042));
#3005=CARTESIAN_POINT('',(0.,-60.0692569840065,-22.2910423951992));
#3006=CARTESIAN_POINT('',(0.,-58.7080034496999,-25.8694181720744));
#3007=CARTESIAN_POINT('',(0.,-63.1519401477645,-16.));
#3008=CARTESIAN_POINT('Origin',(0.,-63.1519401477645,-17.));
#3009=CARTESIAN_POINT('',(0.,-75.9613581421066,-16.));
#3010=CARTESIAN_POINT('',(0.,-53.6172407726538,-16.));
#3011=CARTESIAN_POINT('',(0.,-76.8960141045659,-17.3555534162958));
#3012=CARTESIAN_POINT('Origin',(0.,-75.9613581421066,-17.));
#3013=CARTESIAN_POINT('',(0.,-73.1286429295275,-27.2589765593793));
#3014=CARTESIAN_POINT('',(0.,-70.3930217993472,-34.4502015150835));
#3015=CARTESIAN_POINT('',(0.,-71.8384335507726,-27.8380791055427));
#3016=CARTESIAN_POINT('Origin',(0.,-72.1939869670685,-26.9034231430834));
#3017=CARTESIAN_POINT('',(0.,-60.6483595301697,-23.5812517739542));
#3018=CARTESIAN_POINT('',(0.,-47.1483194977398,-18.4456879446373));
#3019=CARTESIAN_POINT('Origin',(0.,-61.0039129464655,-22.646595811495));
#3020=CARTESIAN_POINT('',(0.,-83.9604706841899,-16.6444465837042));
#3021=CARTESIAN_POINT('',(0.,-79.063708291143,-29.5167407528576));
#3022=CARTESIAN_POINT('',(0.,-79.0768223527106,-29.4822673509036));
#3023=CARTESIAN_POINT('',(0.,-84.8951266466492,-16.));
#3024=CARTESIAN_POINT('Origin',(0.,-84.8951266466492,-17.));
#3025=CARTESIAN_POINT('',(0.,-95.9425884698833,-16.));
#3026=CARTESIAN_POINT('',(0.,-66.5739000715282,-16.));
#3027=CARTESIAN_POINT('',(0.,-96.4473687454467,-17.8632478632479));
#3028=CARTESIAN_POINT('Origin',(0.,-95.9425884698833,-17.));
#3029=CARTESIAN_POINT('',(0.,-90.1537233556638,-33.1118462194888));
#3030=CARTESIAN_POINT('Origin',(0.,-103.325,-29.6250000000001));
#3031=CARTESIAN_POINT('',(0.,-88.8314707361139,-34.3024175008093));
#3032=CARTESIAN_POINT('Origin',(0.,-89.1870241524098,-33.3677615383503));
#3033=CARTESIAN_POINT('',(0.,-79.6428108373064,-30.8069501316125));
#3034=CARTESIAN_POINT('',(0.,-56.6455451513082,-22.0585371234665));
#3035=CARTESIAN_POINT('Origin',(0.,-79.9983642536023,-29.8722941691535));
#3036=CARTESIAN_POINT('',(0.,-20.1500000000002,7.70499999999928));
#3037=CARTESIAN_POINT('',(0.,-20.1500000000002,-5.18000000000074));
#3038=CARTESIAN_POINT('',(0.,-20.1500000000002,-10.4994077590537));
#3039=CARTESIAN_POINT('',(0.,-23.1500000000002,10.7049999999993));
#3040=CARTESIAN_POINT('Origin',(0.,-23.1500000000002,7.70499999999928));
#3041=CARTESIAN_POINT('',(0.,-55.2500000000002,10.7049999999993));
#3042=CARTESIAN_POINT('',(0.,-40.2264,10.7049999999993));
#3043=CARTESIAN_POINT('',(0.,-58.2500000000002,7.70499999999928));
#3044=CARTESIAN_POINT('Origin',(0.,-55.2500000000002,7.70499999999928));
#3045=CARTESIAN_POINT('',(0.,-58.2500000000002,-5.18000000000074));
#3046=CARTESIAN_POINT('',(0.,-58.2500000000002,-15.6794077590537));
#3047=CARTESIAN_POINT('',(0.,-50.6300000000002,-12.8000000000007));
#3048=CARTESIAN_POINT('Origin',(0.,-50.6300000000002,-5.18000000000077));
#3049=CARTESIAN_POINT('',(0.,-27.7700000000002,-12.8000000000007));
#3050=CARTESIAN_POINT('',(0.,-28.7964,-12.8000000000007));
#3051=CARTESIAN_POINT('Origin',(0.,-27.7700000000002,-5.18000000000077));
#3052=CARTESIAN_POINT('Origin',(0.,44.7294,-18.));
#3053=CARTESIAN_POINT('',(9.525,35.2044,-18.));
#3054=CARTESIAN_POINT('',(9.525,44.7294,-18.));
#3055=CARTESIAN_POINT('',(4.7625,35.2044,-18.));
#3056=CARTESIAN_POINT('Origin',(9.525,-29.8228,-26.1788155181065));
#3057=CARTESIAN_POINT('',(9.525,35.2044,17.999999999997));
#3058=CARTESIAN_POINT('',(9.525,-103.325,18.));
#3059=CARTESIAN_POINT('',(9.525,35.2044,11.649999999997));
#3060=CARTESIAN_POINT('',(9.525,35.2044,-7.26440775905481));
#3061=CARTESIAN_POINT('',(9.525,28.8544,11.649999999997));
#3062=CARTESIAN_POINT('',(9.525,-0.484199999999996,11.649999999997));
#3063=CARTESIAN_POINT('',(9.525,28.8544,16.));
#3064=CARTESIAN_POINT('',(9.525,28.8544,-4.08940775905482));
#3065=CARTESIAN_POINT('',(9.525,-75.9816636280368,16.));
#3066=CARTESIAN_POINT('',(9.525,-25.1057159070092,16.));
#3067=CARTESIAN_POINT('',(9.525,-75.9816636280368,18.));
#3068=CARTESIAN_POINT('',(9.525,-75.9816636280368,-4.08940775905329));
#3069=CARTESIAN_POINT('',(9.525,-116.006002140045,18.));
#3070=CARTESIAN_POINT('',(9.525,-103.325,18.));
#3071=CARTESIAN_POINT('',(9.525,-115.458794547275,-13.9487107393545));
#3072=CARTESIAN_POINT('Origin',(9.525,-158.361857002068,1.29550050513803));
#3073=CARTESIAN_POINT('',(9.525,-116.91298040711,-16.273247738368));
#3074=CARTESIAN_POINT('Origin',(9.525,-121.44230720948,-11.8226636511574));
#3075=CARTESIAN_POINT('',(9.525,-117.476498627264,-42.3779442327078));
#3076=CARTESIAN_POINT('Origin',(9.525,-103.325,-29.6250000000001));
#3077=CARTESIAN_POINT('',(9.525,-94.1535469642018,-68.2586124471157));
#3078=CARTESIAN_POINT('',(9.525,-94.1535469642018,-68.2586124471157));
#3079=CARTESIAN_POINT('',(9.525,-83.2432789335394,-65.4104816439445));
#3080=CARTESIAN_POINT('Origin',(9.525,-89.4363807551139,-64.0076310362132));
#3081=CARTESIAN_POINT('',(9.525,-77.5314388030663,-40.1946765385237));
#3082=CARTESIAN_POINT('',(9.525,-83.2432789335394,-65.4104816439445));
#3083=CARTESIAN_POINT('',(9.525,-48.359469401533,-29.0973382692619));
#3084=CARTESIAN_POINT('',(9.525,-19.1875,-18.));
#3085=CARTESIAN_POINT('',(9.525,-49.0705762341247,-27.2280263443436));
#3086=CARTESIAN_POINT('',(9.525,-47.6727248327572,-30.9026082412954));
#3087=CARTESIAN_POINT('',(9.525,-19.8986068325916,-16.1306880750818));
#3088=CARTESIAN_POINT('',(9.525,-33.1959937517507,-21.1891604294169));
#3089=CARTESIAN_POINT('',(9.525,-19.1875,-18.));
#3090=CARTESIAN_POINT('',(9.525,-18.5007554312242,-19.8052699720336));
#3091=CARTESIAN_POINT('',(9.525,-19.1875,-16.));
#3092=CARTESIAN_POINT('',(9.525,-19.1875,-22.0894077590533));
#3093=CARTESIAN_POINT('',(9.525,28.8544,-16.));
#3094=CARTESIAN_POINT('',(9.525,-10.907175,-16.));
#3095=CARTESIAN_POINT('',(9.525,28.8544,-11.65));
#3096=CARTESIAN_POINT('',(9.525,28.8544,-18.9144077590533));
#3097=CARTESIAN_POINT('',(9.525,35.2044,-11.65));
#3098=CARTESIAN_POINT('',(9.525,2.69080000000001,-11.65));
#3099=CARTESIAN_POINT('',(9.525,35.2044,-22.0894077590533));
#3100=CARTESIAN_POINT('',(9.525,-89.4363807551139,-64.0076310362132));
#3101=CARTESIAN_POINT('',(9.525,-84.6562578115133,-42.9050361154077));
#3102=CARTESIAN_POINT('',(9.525,-89.4363807551139,-64.0076310362132));
#3103=CARTESIAN_POINT('',(9.525,-103.25384901231,-48.6748671264907));
#3104=CARTESIAN_POINT('',(9.525,-89.4363807551139,-64.0076310362132));
#3105=CARTESIAN_POINT('',(9.525,-96.5517074195652,-47.4301960848464));
#3106=CARTESIAN_POINT('Origin',(9.525,-103.325,-29.6250000000001));
#3107=CARTESIAN_POINT('',(9.525,-19.1875,-18.));
#3108=CARTESIAN_POINT('',(9.525,-108.0875,-29.6250000000001));
#3109=CARTESIAN_POINT('Origin',(9.525,-103.325,-29.6250000000001));
#3110=CARTESIAN_POINT('',(9.525,-55.1528276056815,-17.3555534162958));
#3111=CARTESIAN_POINT('',(9.525,-54.1341916223908,-20.033278201721));
#3112=CARTESIAN_POINT('',(9.525,-51.3985704922107,-27.2245031574253));
#3113=CARTESIAN_POINT('',(9.525,-54.2181716432222,-16.));
#3114=CARTESIAN_POINT('Origin',(9.525,-54.2181716432222,-17.));
#3115=CARTESIAN_POINT('',(9.525,-46.1605048932013,-16.));
#3116=CARTESIAN_POINT('',(9.525,-42.7456475232116,-16.));
#3117=CARTESIAN_POINT('',(9.525,-45.8049514769054,-17.9346559624591));
#3118=CARTESIAN_POINT('Origin',(9.525,-46.1605048932013,-17.));
#3119=CARTESIAN_POINT('',(9.525,-52.8439822436359,-20.6123807478843));
#3120=CARTESIAN_POINT('',(9.525,-37.6510938441715,-14.8328387658081));
#3121=CARTESIAN_POINT('Origin',(9.525,-53.1995356599318,-19.6777247854252));
#3122=CARTESIAN_POINT('',(9.525,-60.0692569840065,-22.2910423951992));
#3123=CARTESIAN_POINT('',(9.525,-62.2172841853054,-16.6444465837042));
#3124=CARTESIAN_POINT('',(9.525,-58.7080034496999,-25.8694181720744));
#3125=CARTESIAN_POINT('',(9.525,-60.6483595301697,-23.5812517739542));
#3126=CARTESIAN_POINT('Origin',(9.525,-61.0039129464655,-22.646595811495));
#3127=CARTESIAN_POINT('',(9.525,-71.8384335507726,-27.8380791055427));
#3128=CARTESIAN_POINT('',(9.525,-47.1483194977398,-18.4456879446373));
#3129=CARTESIAN_POINT('',(9.525,-73.1286429295275,-27.2589765593793));
#3130=CARTESIAN_POINT('Origin',(9.525,-72.1939869670685,-26.9034231430834));
#3131=CARTESIAN_POINT('',(9.525,-76.8960141045659,-17.3555534162958));
#3132=CARTESIAN_POINT('',(9.525,-70.3930217993472,-34.4502015150835));
#3133=CARTESIAN_POINT('',(9.525,-75.9613581421066,-16.));
#3134=CARTESIAN_POINT('Origin',(9.525,-75.9613581421066,-17.));
#3135=CARTESIAN_POINT('',(9.525,-63.1519401477645,-16.));
#3136=CARTESIAN_POINT('',(9.525,-53.6172407726538,-16.));
#3137=CARTESIAN_POINT('Origin',(9.525,-63.1519401477645,-17.));
#3138=CARTESIAN_POINT('',(9.525,-79.063708291143,-29.5167407528576));
#3139=CARTESIAN_POINT('',(9.525,-83.9604706841899,-16.6444465837042));
#3140=CARTESIAN_POINT('',(9.525,-79.0768223527106,-29.4822673509036));
#3141=CARTESIAN_POINT('',(9.525,-79.6428108373064,-30.8069501316125));
#3142=CARTESIAN_POINT('Origin',(9.525,-79.9983642536023,-29.8722941691535));
#3143=CARTESIAN_POINT('',(9.525,-88.8314707361139,-34.3024175008093));
#3144=CARTESIAN_POINT('',(9.525,-56.6455451513082,-22.0585371234665));
#3145=CARTESIAN_POINT('',(9.525,-90.1537233556638,-33.1118462194888));
#3146=CARTESIAN_POINT('Origin',(9.525,-89.1870241524098,-33.3677615383503));
#3147=CARTESIAN_POINT('',(9.525,-96.4473687454467,-17.8632478632479));
#3148=CARTESIAN_POINT('Origin',(9.525,-103.325,-29.6250000000001));
#3149=CARTESIAN_POINT('',(9.525,-95.9425884698833,-16.));
#3150=CARTESIAN_POINT('Origin',(9.525,-95.9425884698833,-17.));
#3151=CARTESIAN_POINT('',(9.525,-84.8951266466492,-16.));
#3152=CARTESIAN_POINT('',(9.525,-66.5739000715282,-16.));
#3153=CARTESIAN_POINT('Origin',(9.525,-84.8951266466492,-17.));
#3154=CARTESIAN_POINT('',(9.525,12.,1.46957615897683E-15));
#3155=CARTESIAN_POINT('Origin',(9.525,0.,0.));
#3156=CARTESIAN_POINT('',(9.525,-108.509289559096,-39.0956555001234));
#3157=CARTESIAN_POINT('Origin',(9.525,-110.592089559096,-39.0956555001234));
#3158=CARTESIAN_POINT('',(9.525,-93.9751104409041,-39.0956555001234));
#3159=CARTESIAN_POINT('Origin',(9.525,-96.0579104409038,-39.0956555001234));
#3160=CARTESIAN_POINT('',(9.525,-101.2422,-41.5625000005003));
#3161=CARTESIAN_POINT('Origin',(9.525,-103.325,-41.5625000005003));
#3162=CARTESIAN_POINT('Origin',(3.65557015019453,-24.3760908705782,-20.0467470553059));
#3163=CARTESIAN_POINT('',(2.20557015019454,-25.1114404476522,-18.1137073622426));
#3164=CARTESIAN_POINT('Origin',(3.65557015019453,-25.1114404476522,-18.1137073622426));
#3165=CARTESIAN_POINT('',(2.20557015019454,-27.1426731837993,-12.7741333320983));
#3166=CARTESIAN_POINT('',(2.20557015019454,-24.3760908705782,-20.0467470553059));
#3167=CARTESIAN_POINT('',(2.33351040986556,-27.7700000000002,-12.8000000000007));
#3168=CARTESIAN_POINT('Ctrl Pts',(2.33351040986556,-27.7700000000002,-12.8000000000007));
#3169=CARTESIAN_POINT('Ctrl Pts',(2.32899591399794,-27.7592773124169,-12.8000000000007));
#3170=CARTESIAN_POINT('Ctrl Pts',(2.32459418821025,-27.7485054446798,-12.7999773613185));
#3171=CARTESIAN_POINT('Ctrl Pts',(2.24386879495069,-27.5448291683,-12.7991137007596));
#3172=CARTESIAN_POINT('Ctrl Pts',(2.20557015019454,-27.3370047270442,-12.7901864329566));
#3173=CARTESIAN_POINT('Ctrl Pts',(2.20557015019454,-27.1426731837993,-12.7741333320983));
#3174=CARTESIAN_POINT('',(4.97762989052351,-27.7700000000002,-12.8000000000007));
#3175=CARTESIAN_POINT('Origin',(3.65557015019453,-27.1328332186033,-12.8000000000007));
#3176=CARTESIAN_POINT('Ctrl Pts',(2.20557015019454,-27.1426731837993,-12.7741333320983));
#3177=CARTESIAN_POINT('Ctrl Pts',(2.20557015019454,-26.9569534045643,-12.7587916212384));
#3178=CARTESIAN_POINT('Ctrl Pts',(2.24086021091056,-26.7590249587177,-12.7348640144254));
#3179=CARTESIAN_POINT('Ctrl Pts',(2.38869305733582,-26.3967134241058,-12.6774745593944));
#3180=CARTESIAN_POINT('Ctrl Pts',(2.50133494250601,-26.2323085272091,-12.6444063864975));
#3181=CARTESIAN_POINT('Ctrl Pts',(2.76094278517178,-25.9776086387183,-12.5873170775362));
#3182=CARTESIAN_POINT('Ctrl Pts',(2.92347941334192,-25.8693880002258,-12.5595363311704));
#3183=CARTESIAN_POINT('Ctrl Pts',(3.27990696706529,-25.726346956781,-12.521210024591));
#3184=CARTESIAN_POINT('Ctrl Pts',(3.4737819805047,-25.6913930073674,-12.5110158211662));
#3185=CARTESIAN_POINT('Ctrl Pts',(3.65557015019453,-25.6913930073674,-12.5110158211662));
#3186=CARTESIAN_POINT('Ctrl Pts',(3.83794879214256,-25.6913930073674,-12.5110158211662));
#3187=CARTESIAN_POINT('Ctrl Pts',(4.03241271650937,-25.7265721705763,-12.5212771917216));
#3188=CARTESIAN_POINT('Ctrl Pts',(4.38973651987483,-25.8704713547837,-12.559819718466));
#3189=CARTESIAN_POINT('Ctrl Pts',(4.55258016611405,-25.9793266538013,-12.5877453638907));
#3190=CARTESIAN_POINT('Ctrl Pts',(4.81154948558331,-26.2346629703881,-12.644889263535));
#3191=CARTESIAN_POINT('Ctrl Pts',(4.92354236178091,-26.3987725819563,-12.6778403700119));
#3192=CARTESIAN_POINT('Ctrl Pts',(5.07050301577882,-26.7602017105442,-12.7350104091684));
#3193=CARTESIAN_POINT('Ctrl Pts',(5.10557015019453,-26.9575422596853,-12.7588402646572));
#3194=CARTESIAN_POINT('Ctrl Pts',(5.10557015019453,-27.3335233545876,-12.789898848027));
#3195=CARTESIAN_POINT('Ctrl Pts',(5.06861113453067,-27.5378462168128,-12.7988347109847));
#3196=CARTESIAN_POINT('Ctrl Pts',(4.9891763875321,-27.7420393956012,-12.7999617407548));
#3197=CARTESIAN_POINT('Ctrl Pts',(4.98349818869087,-27.7560618040777,-12.8000000000007));
#3198=CARTESIAN_POINT('Ctrl Pts',(4.97762989052351,-27.7700000000002,-12.8000000000007));
#3199=CARTESIAN_POINT('Origin',(3.65557015019454,-43.4861789312513,-27.316434906875));
#3200=CARTESIAN_POINT('',(2.20557015019455,-44.2215285083253,-25.3833952138117));
#3201=CARTESIAN_POINT('Origin',(3.65557015019454,-44.2215285083253,-25.3833952138117));
#3202=CARTESIAN_POINT('',(2.20557015019455,-46.8970679659511,-18.3501090963069));
#3203=CARTESIAN_POINT('',(2.20557015019454,-43.4861789312513,-27.316434906875));
#3204=CARTESIAN_POINT('',(4.51416217667194,-45.8049514769054,-17.9346559624591));
#3205=CARTESIAN_POINT('Origin',(3.65557015019454,-46.8970679659511,-18.3501090963069));
#3206=CARTESIAN_POINT('',(2.79697812371714,-45.8049514769054,-17.9346559624591));
#3207=CARTESIAN_POINT('Ctrl Pts',(2.79697812371714,-45.8049514769055,-17.9346559624591));
#3208=CARTESIAN_POINT('Ctrl Pts',(2.8897346224077,-45.7412476100238,-17.9104223102803));
#3209=CARTESIAN_POINT('Ctrl Pts',(2.99268829863469,-45.6892238302095,-17.8831596577245));
#3210=CARTESIAN_POINT('Ctrl Pts',(3.2791058270654,-45.5857913495714,-17.8217580678703));
#3211=CARTESIAN_POINT('Ctrl Pts',(3.47285750436377,-45.5561982008709,-17.7967517942275));
#3212=CARTESIAN_POINT('Ctrl Pts',(3.83828279602531,-45.5561982008709,-17.7967517942275));
#3213=CARTESIAN_POINT('Ctrl Pts',(4.03203447332368,-45.5857913495714,-17.8217580678703));
#3214=CARTESIAN_POINT('Ctrl Pts',(4.3184520017544,-45.6892238302094,-17.8831596577245));
#3215=CARTESIAN_POINT('Ctrl Pts',(4.42140567798139,-45.7412476100238,-17.9104223102803));
#3216=CARTESIAN_POINT('Ctrl Pts',(4.51416217667195,-45.8049514769055,-17.9346559624591));
#3217=CARTESIAN_POINT('Origin',(3.65557015019454,-46.8970679659511,-18.3501090963069));
#3218=CARTESIAN_POINT('Origin',(0.,-27.7700000000002,-5.18000000000077));
#3219=CARTESIAN_POINT('',(8.,-27.7700000000002,-12.8000000000007));
#3220=CARTESIAN_POINT('',(0.,-27.7700000000002,-12.8000000000007));
#3221=CARTESIAN_POINT('',(8.,-20.1500000000002,-5.18000000000074));
#3222=CARTESIAN_POINT('Origin',(8.,-27.7700000000002,-5.18000000000077));
#3223=CARTESIAN_POINT('',(0.,-20.1500000000002,-5.18000000000074));
#3224=CARTESIAN_POINT('',(0.,-27.7700000000002,-12.8000000000007));
#3225=CARTESIAN_POINT('Origin',(0.,-40.7192522605739,-16.));
#3226=CARTESIAN_POINT('',(0.,-45.8049514769054,-17.9346559624591));
#3227=CARTESIAN_POINT('',(0.,-52.8439822436359,-20.6123807478843));
#3228=CARTESIAN_POINT('',(0.,-45.8049514769054,-17.9346559624591));
#3229=CARTESIAN_POINT('Origin',(4.7625,-15.9924435602878,-16.));
#3230=CARTESIAN_POINT('',(3.31250000000001,-15.9924435602878,-16.));
#3231=CARTESIAN_POINT('Origin',(4.7625,-15.9924435602878,-16.));
#3232=CARTESIAN_POINT('',(3.31250000000001,-15.9924435602878,-6.00000000000001));
#3233=CARTESIAN_POINT('',(3.31250000000001,-15.9924435602878,-16.));
#3234=CARTESIAN_POINT('Origin',(4.7625,-15.9924435602878,-6.00000000000001));
#3235=CARTESIAN_POINT('Origin',(4.7625,-15.9924435602878,-6.00000000000001));
#3236=CARTESIAN_POINT('Origin',(4.75869666191826,32.0045192990611,-16.));
#3237=CARTESIAN_POINT('',(3.30869666191825,32.0045192990611,-11.65));
#3238=CARTESIAN_POINT('Origin',(4.75869666191826,32.0045192990611,-11.65));
#3239=CARTESIAN_POINT('',(3.30869666191825,32.0045192990611,-6.00000000000001));
#3240=CARTESIAN_POINT('',(3.30869666191825,32.0045192990611,-16.));
#3241=CARTESIAN_POINT('Origin',(4.75869666191826,32.0045192990611,-6.00000000000001));
#3242=CARTESIAN_POINT('Origin',(4.75869666191826,32.0045192990611,-6.00000000000001));
#3243=CARTESIAN_POINT('Origin',(0.,-55.2500000000002,7.70499999999928));
#3244=CARTESIAN_POINT('',(8.,-55.2500000000002,10.7049999999993));
#3245=CARTESIAN_POINT('',(8.,-58.2500000000002,7.70499999999928));
#3246=CARTESIAN_POINT('Origin',(8.,-55.2500000000002,7.70499999999928));
#3247=CARTESIAN_POINT('',(0.,-58.2500000000002,7.70499999999928));
#3248=CARTESIAN_POINT('',(0.,-55.2500000000002,10.7049999999993));
#3249=CARTESIAN_POINT('Origin',(0.,-50.6300000000002,10.7049999999993));
#3250=CARTESIAN_POINT('',(8.,-23.1500000000002,10.7049999999993));
#3251=CARTESIAN_POINT('',(0.,-23.1500000000002,10.7049999999993));
#3252=CARTESIAN_POINT('',(8.,-44.9150000000002,10.7049999999993));
#3253=CARTESIAN_POINT('Origin',(0.,-23.1500000000002,7.70499999999928));
#3254=CARTESIAN_POINT('',(8.,-20.1500000000002,7.70499999999928));
#3255=CARTESIAN_POINT('Origin',(8.,-23.1500000000002,7.70499999999928));
#3256=CARTESIAN_POINT('',(0.,-20.1500000000002,7.70499999999928));
#3257=CARTESIAN_POINT('Origin',(8.,-39.2000000000002,-7.39408534400355E-13));
#3258=CARTESIAN_POINT('',(8.,-20.1500000000002,5.17999999999927));
#3259=CARTESIAN_POINT('',(8.,-50.6300000000002,-12.8000000000007));
#3260=CARTESIAN_POINT('',(8.,-27.7700000000002,-12.8000000000007));
#3261=CARTESIAN_POINT('',(8.,-58.2500000000002,-5.18000000000074));
#3262=CARTESIAN_POINT('Origin',(8.,-50.6300000000002,-5.18000000000077));
#3263=CARTESIAN_POINT('',(8.,-58.2500000000002,-5.18000000000074));
#3264=CARTESIAN_POINT('Origin',(0.,-58.2500000000002,-5.18000000000074));
#3265=CARTESIAN_POINT('',(0.,-58.2500000000002,-5.18000000000074));
#3266=CARTESIAN_POINT('Origin',(0.,-20.1500000000002,5.17999999999927));
#3267=CARTESIAN_POINT('Origin',(0.,-103.325,-41.5625000005003));
#3268=CARTESIAN_POINT('',(2.,-101.2422,-41.5625000005003));
#3269=CARTESIAN_POINT('',(0.,-101.2422,-41.5625000005003));
#3270=CARTESIAN_POINT('Origin',(2.,-103.325,-41.5625000005003));
#3271=CARTESIAN_POINT('Origin',(0.,-96.0579104409038,-39.0956555001234));
#3272=CARTESIAN_POINT('',(2.,-93.9751104409041,-39.0956555001234));
#3273=CARTESIAN_POINT('',(0.,-93.9751104409038,-39.0956555001234));
#3274=CARTESIAN_POINT('Origin',(2.,-96.0579104409038,-39.0956555001234));
#3275=CARTESIAN_POINT('Origin',(0.,-110.592089559096,-39.0956555001234));
#3276=CARTESIAN_POINT('',(2.,-108.509289559096,-39.0956555001234));
#3277=CARTESIAN_POINT('',(0.,-108.509289559096,-39.0956555001234));
#3278=CARTESIAN_POINT('Origin',(2.,-110.592089559096,-39.0956555001234));
#3279=CARTESIAN_POINT('Origin',(0.,-103.325,-29.6250000000001));
#3280=CARTESIAN_POINT('',(2.,-96.1471802119177,-34.6509635235262));
#3281=CARTESIAN_POINT('',(0.,-96.1471802119177,-34.6509635235262));
#3282=CARTESIAN_POINT('',(2.,-110.502819788082,-34.6509635235262));
#3283=CARTESIAN_POINT('Origin',(2.,-103.325,-29.6250000000001));
#3284=CARTESIAN_POINT('',(0.,-110.502819788082,-34.6509635235262));
#3285=CARTESIAN_POINT('Origin',(0.,-115.704435270137,-38.2931738949288));
#3286=CARTESIAN_POINT('',(2.,-115.704435270137,-38.2931738949288));
#3287=CARTESIAN_POINT('',(2.,-103.325,-29.6250000000001));
#3288=CARTESIAN_POINT('',(0.,-115.704435270137,-38.2931738949288));
#3289=CARTESIAN_POINT('Origin',(0.,-103.325,-29.6250000000001));
#3290=CARTESIAN_POINT('',(2.,-90.9455647298634,-38.2931738949288));
#3291=CARTESIAN_POINT('Origin',(2.,-103.325,-29.6250000000001));
#3292=CARTESIAN_POINT('',(0.,-90.9455647298634,-38.2931738949288));
#3293=CARTESIAN_POINT('Origin',(0.,-96.1471802119177,-34.6509635235262));
#3294=CARTESIAN_POINT('',(2.,-90.9455647298634,-38.2931738949288));
#3295=CARTESIAN_POINT('Origin',(2.,-103.325,-32.8000000005002));
#3296=CARTESIAN_POINT('',(1.99999999999999,-108.0875,-29.6250000000001));
#3297=CARTESIAN_POINT('Origin',(1.99999999999999,-103.325,-29.6250000000001));
#3298=CARTESIAN_POINT('Origin',(2.,0.,0.));
#3299=CARTESIAN_POINT('',(2.,12.,1.46957615897683E-15));
#3300=CARTESIAN_POINT('',(2.,12.,-1.46957615897682E-15));
#3301=CARTESIAN_POINT('Origin',(2.,0.,0.));
#3302=CARTESIAN_POINT('Origin',(0.,-87.1221327779209,-9.70000000000001));
#3303=CARTESIAN_POINT('',(8.,-87.1221327779209,-12.7));
#3304=CARTESIAN_POINT('',(8.,-84.1221327779209,-9.70000000000001));
#3305=CARTESIAN_POINT('Origin',(8.,-87.1221327779209,-9.70000000000001));
#3306=CARTESIAN_POINT('',(0.,-84.1221327779209,-9.70000000000001));
#3307=CARTESIAN_POINT('',(0.,-87.1221327779209,-12.7));
#3308=CARTESIAN_POINT('Origin',(0.,-84.1221327779209,12.7));
#3309=CARTESIAN_POINT('',(8.,-84.1221327779209,9.69999999999999));
#3310=CARTESIAN_POINT('',(8.,-84.1221327779209,12.7));
#3311=CARTESIAN_POINT('',(0.,-84.1221327779209,9.69999999999999));
#3312=CARTESIAN_POINT('Origin',(0.,-103.347132777921,-9.69999999999999));
#3313=CARTESIAN_POINT('',(8.,-106.347132777921,-9.69999999999999));
#3314=CARTESIAN_POINT('',(8.,-103.347132777921,-12.7));
#3315=CARTESIAN_POINT('Origin',(8.,-103.347132777921,-9.69999999999999));
#3316=CARTESIAN_POINT('',(0.,-103.347132777921,-12.7));
#3317=CARTESIAN_POINT('',(0.,-106.347132777921,-9.69999999999999));
#3318=CARTESIAN_POINT('Origin',(0.,-84.1221327779209,-12.7));
#3319=CARTESIAN_POINT('',(8.,-84.1221327779209,-12.7));
#3320=CARTESIAN_POINT('Origin',(0.,-87.1221327779209,9.69999999999999));
#3321=CARTESIAN_POINT('',(8.,-87.1221327779209,12.7));
#3322=CARTESIAN_POINT('Origin',(8.,-87.1221327779209,9.69999999999999));
#3323=CARTESIAN_POINT('',(0.,-87.1221327779209,12.7));
#3324=CARTESIAN_POINT('Origin',(0.,-106.347132777921,12.7));
#3325=CARTESIAN_POINT('',(8.,-103.347132777921,12.7));
#3326=CARTESIAN_POINT('',(8.,-106.347132777921,12.7));
#3327=CARTESIAN_POINT('',(0.,-103.347132777921,12.7));
#3328=CARTESIAN_POINT('Origin',(0.,-103.347132777921,9.70000000000001));
#3329=CARTESIAN_POINT('',(8.,-106.347132777921,9.70000000000001));
#3330=CARTESIAN_POINT('Origin',(8.,-103.347132777921,9.70000000000001));
#3331=CARTESIAN_POINT('',(0.,-106.347132777921,9.70000000000001));
#3332=CARTESIAN_POINT('Origin',(0.,-106.347132777921,-12.7));
#3333=CARTESIAN_POINT('',(8.,-106.347132777921,-12.7));
#3334=CARTESIAN_POINT('Origin',(8.,-95.234632777921,0.));
#3335=CARTESIAN_POINT('Origin',(0.,-121.44230720948,-11.8226636511574));
#3336=CARTESIAN_POINT('',(0.,-115.458794547275,-13.9487107393545));
#3337=CARTESIAN_POINT('',(0.,-116.91298040711,-16.273247738368));
#3338=CARTESIAN_POINT('Origin',(0.,-103.325,-29.6250000000001));
#3339=CARTESIAN_POINT('',(0.,-117.476498627264,-42.3779442327078));
#3340=CARTESIAN_POINT('Origin',(0.,-158.361857002068,1.29550050513803));
#3341=CARTESIAN_POINT('',(0.,-116.006002140045,18.));
#3342=CARTESIAN_POINT('Origin',(0.,-103.325,18.));
#3343=CARTESIAN_POINT('',(0.,-75.9816636280368,18.));
#3344=CARTESIAN_POINT('Origin',(0.,-50.6300000000002,-5.18000000000077));
#3345=CARTESIAN_POINT('',(0.,-50.6300000000002,-12.8000000000007));
#3346=CARTESIAN_POINT('Origin',(0.,-27.7700000000002,-12.8000000000007));
#3347=CARTESIAN_POINT('Origin',(0.,-46.1605048932013,-17.));
#3348=CARTESIAN_POINT('',(0.,-46.1605048932013,-16.));
#3349=CARTESIAN_POINT('Origin',(0.,-55.6684950464233,-16.));
#3350=CARTESIAN_POINT('',(0.,-54.2181716432222,-16.));
#3351=CARTESIAN_POINT('Origin',(0.,-54.2181716432222,-17.));
#3352=CARTESIAN_POINT('',(0.,-55.1528276056815,-17.3555534162958));
#3353=CARTESIAN_POINT('Origin',(0.,-53.7786382060952,-20.9679341641801));
#3354=CARTESIAN_POINT('',(0.,-54.1341916223908,-20.033278201721));
#3355=CARTESIAN_POINT('Origin',(0.,-53.1995356599318,-19.6777247854252));
#3356=CARTESIAN_POINT('Origin',(0.,-72.1939869670685,-26.9034231430834));
#3357=CARTESIAN_POINT('',(0.,-73.1286429295275,-27.2589765593793));
#3358=CARTESIAN_POINT('',(0.,-71.8384335507726,-27.8380791055427));
#3359=CARTESIAN_POINT('Origin',(0.,-59.7137035677106,-23.2256983576584));
#3360=CARTESIAN_POINT('',(0.,-60.6483595301697,-23.5812517739542));
#3361=CARTESIAN_POINT('Origin',(0.,-75.9613581421066,-17.));
#3362=CARTESIAN_POINT('',(0.,-75.9613581421066,-16.));
#3363=CARTESIAN_POINT('',(0.,-76.8960141045659,-17.3555534162958));
#3364=CARTESIAN_POINT('Origin',(0.,-72.7730895132317,-28.1936325218386));
#3365=CARTESIAN_POINT('Origin',(0.,-61.0039129464655,-22.646595811495));
#3366=CARTESIAN_POINT('',(0.,-60.0692569840065,-22.2910423951992));
#3367=CARTESIAN_POINT('Origin',(0.,-62.4624387594584,-16.));
#3368=CARTESIAN_POINT('',(0.,-62.2172841853054,-16.6444465837042));
#3369=CARTESIAN_POINT('Origin',(0.,-79.9983642536023,-29.8722941691535));
#3370=CARTESIAN_POINT('',(0.,-79.6428108373064,-30.8069501316125));
#3371=CARTESIAN_POINT('',(0.,-79.063708291143,-29.5167407528576));
#3372=CARTESIAN_POINT('Origin',(0.,-84.2056252583428,-16.));
#3373=CARTESIAN_POINT('',(0.,-83.9604706841899,-16.6444465837042));
#3374=CARTESIAN_POINT('Origin',(0.,-63.1519401477645,-17.));
#3375=CARTESIAN_POINT('',(0.,-63.1519401477645,-16.));
#3376=CARTESIAN_POINT('Origin',(0.,-77.4116815453077,-16.));
#3377=CARTESIAN_POINT('Origin',(0.,-84.8951266466492,-17.));
#3378=CARTESIAN_POINT('',(0.,-84.8951266466492,-16.));
#3379=CARTESIAN_POINT('Origin',(0.,-103.325000143057,-16.));
#3380=CARTESIAN_POINT('',(0.,-95.9425884698833,-16.));
#3381=CARTESIAN_POINT('Origin',(0.,-89.1870241524098,-33.3677615383503));
#3382=CARTESIAN_POINT('',(0.,-90.1537233556638,-33.1118462194888));
#3383=CARTESIAN_POINT('',(0.,-88.8314707361139,-34.3024175008093));
#3384=CARTESIAN_POINT('Origin',(0.,-78.7081548748474,-30.4513967153167));
#3385=CARTESIAN_POINT('Origin',(0.,-95.9425884698833,-17.));
#3386=CARTESIAN_POINT('',(0.,-96.4473687454467,-17.8632478632479));
#3387=CARTESIAN_POINT('Origin',(0.,-103.325,-29.6250000000001));
#3388=CARTESIAN_POINT('Origin',(134.525,-103.325,-29.6250000000001));
#3389=CARTESIAN_POINT('',(134.525,-108.0875,-29.6250000000001));
#3390=CARTESIAN_POINT('Origin',(67.2624999999999,-20.3886318140184,16.));
#3391=CARTESIAN_POINT('',(38.39375,28.8544,16.));
#3392=CARTESIAN_POINT('',(0.,-75.9816636280368,16.));
#3393=CARTESIAN_POINT('Origin',(0.,-75.9816636280368,18.));
#3394=CARTESIAN_POINT('Origin',(9.525,28.8544,17.999999999997));
#3395=CARTESIAN_POINT('',(9.525,28.8544,11.649999999997));
#3396=CARTESIAN_POINT('Origin',(134.525,-48.359469401533,-29.0973382692619));
#3397=CARTESIAN_POINT('',(67.2624999999999,-48.359469401533,-29.0973382692619));
#3398=CARTESIAN_POINT('',(-1.77635683940025E-14,-49.0705762341247,-27.2280263443436));
#3399=CARTESIAN_POINT('Origin',(-1.77635683940025E-14,-19.1875,-18.));
#3400=CARTESIAN_POINT('',(134.525,-19.8986068325916,-16.1306880750818));
#3401=CARTESIAN_POINT('',(0.,-19.1875,-18.));
#3402=CARTESIAN_POINT('Origin',(67.2624999999999,-34.4845915333582,-21.6793572097127));
#3403=CARTESIAN_POINT('Origin',(0.,-19.1875,-18.));
#3404=CARTESIAN_POINT('',(0.,-77.5314388030663,-40.1946765385237));
#3405=CARTESIAN_POINT('Origin',(134.525,-19.1875,-18.));
#3406=CARTESIAN_POINT('',(134.525,-19.1875,-16.));
#3407=CARTESIAN_POINT('Origin',(67.2624999999999,8.00845,-16.));
#3408=CARTESIAN_POINT('',(38.39375,28.8544,-16.));
#3409=CARTESIAN_POINT('Origin',(9.525,35.2044,-18.));
#3410=CARTESIAN_POINT('',(9.525,35.2044,-11.65));
#3411=CARTESIAN_POINT('Origin',(9.525,28.8544,-11.65));
#3412=CARTESIAN_POINT('',(9.525,28.8544,-11.65));
#3413=CARTESIAN_POINT('Origin',(9.525,35.2044,-11.65));
#3414=CARTESIAN_POINT('Origin',(9.525,35.2044,11.649999999997));
#3415=CARTESIAN_POINT('',(4.7625,35.2044,18.));
#3416=CARTESIAN_POINT('',(9.525,35.2044,11.649999999997));
#3417=CARTESIAN_POINT('Origin',(9.525,28.8544,11.649999999997));
#3418=CARTESIAN_POINT('Origin',(0.,-103.325,18.));
#3419=CARTESIAN_POINT('Origin',(2.,-1.99840144432528E-13,-7.46069872548106E-13));
#3420=CARTESIAN_POINT('',(2.,-10.0000000000002,-12.8000000000007));
#3421=CARTESIAN_POINT('',(2.,-13.8000000000002,-9.00000000000075));
#3422=CARTESIAN_POINT('Origin',(2.,-10.0000000000002,-9.00000000000075));
#3423=CARTESIAN_POINT('',(2.,-13.8000000000002,8.99999999999926));
#3424=CARTESIAN_POINT('',(2.,-13.8000000000002,-4.50000000000075));
#3425=CARTESIAN_POINT('',(2.,-10.0000000000002,12.7999999999993));
#3426=CARTESIAN_POINT('Origin',(2.,-10.0000000000002,8.99999999999926));
#3427=CARTESIAN_POINT('',(2.,9.9999999999998,12.7999999999992));
#3428=CARTESIAN_POINT('',(2.,-5.00000000000019,12.7999999999992));
#3429=CARTESIAN_POINT('',(2.,13.7999999999998,8.99999999999926));
#3430=CARTESIAN_POINT('Origin',(2.,9.9999999999998,8.99999999999926));
#3431=CARTESIAN_POINT('',(2.,13.7999999999998,-9.00000000000075));
#3432=CARTESIAN_POINT('',(2.,13.7999999999998,4.49999999999925));
#3433=CARTESIAN_POINT('',(2.,9.9999999999998,-12.8000000000007));
#3434=CARTESIAN_POINT('Origin',(2.,9.9999999999998,-9.00000000000075));
#3435=CARTESIAN_POINT('',(2.,4.99999999999979,-12.8000000000007));
#3436=CARTESIAN_POINT('Origin',(0.,9.9999999999998,8.99999999999926));
#3437=CARTESIAN_POINT('',(0.,9.9999999999998,12.7999999999992));
#3438=CARTESIAN_POINT('',(0.,13.7999999999998,8.99999999999926));
#3439=CARTESIAN_POINT('Origin',(0.,13.7999999999998,8.99999999999926));
#3440=CARTESIAN_POINT('',(0.,13.7999999999998,-9.00000000000075));
#3441=CARTESIAN_POINT('Origin',(0.,9.9999999999998,-9.00000000000075));
#3442=CARTESIAN_POINT('',(0.,9.9999999999998,-12.8000000000007));
#3443=CARTESIAN_POINT('Origin',(0.,9.9999999999998,-12.8000000000007));
#3444=CARTESIAN_POINT('',(0.,-10.0000000000002,-12.8000000000007));
#3445=CARTESIAN_POINT('Origin',(0.,-10.0000000000002,12.7999999999993));
#3446=CARTESIAN_POINT('',(0.,-10.0000000000002,12.7999999999993));
#3447=CARTESIAN_POINT('Origin',(0.,-10.0000000000002,8.99999999999926));
#3448=CARTESIAN_POINT('',(0.,-13.8000000000002,8.99999999999926));
#3449=CARTESIAN_POINT('Origin',(0.,-13.8000000000002,-9.00000000000075));
#3450=CARTESIAN_POINT('',(0.,-13.8000000000002,-9.00000000000075));
#3451=CARTESIAN_POINT('Origin',(0.,-10.0000000000002,-9.00000000000075));
#3452=CARTESIAN_POINT('Origin',(0.,-103.25384901231,-48.6748671264907));
#3453=CARTESIAN_POINT('',(0.,-103.25384901231,-48.6748671264907));
#3454=CARTESIAN_POINT('',(0.,-89.4363807551139,-64.0076310362132));
#3455=CARTESIAN_POINT('Origin',(0.,-103.325,-29.6250000000001));
#3456=CARTESIAN_POINT('',(0.,-96.5517074195652,-47.4301960848464));
#3457=CARTESIAN_POINT('Origin',(0.,-84.6562578115133,-42.9050361154077));
#3458=CARTESIAN_POINT('',(0.,-84.6562578115133,-42.9050361154077));
#3459=CARTESIAN_POINT('Origin',(0.,-89.4363807551139,-64.0076310362132));
#3460=CARTESIAN_POINT('Origin',(0.,-94.1535469642018,-68.2586124471157));
#3461=CARTESIAN_POINT('',(0.,-94.1535469642018,-68.2586124471157));
#3462=CARTESIAN_POINT('Origin',(0.,-89.4363807551139,-64.0076310362132));
#3463=CARTESIAN_POINT('',(0.,-83.2432789335394,-65.4104816439445));
#3464=CARTESIAN_POINT('Origin',(0.,-77.5314388030663,-40.1946765385237));
#3465=UNCERTAINTY_MEASURE_WITH_UNIT(LENGTH_MEASURE(0.01),#3469,
'DISTANCE_ACCURACY_VALUE',
'Maximum model space distance between geometric entities at asserted c
onnectivities');
#3466=UNCERTAINTY_MEASURE_WITH_UNIT(LENGTH_MEASURE(0.01),#3469,
'DISTANCE_ACCURACY_VALUE',
'Maximum model space distance between geometric entities at asserted c
onnectivities');
#3467=(
GEOMETRIC_REPRESENTATION_CONTEXT(3)
GLOBAL_UNCERTAINTY_ASSIGNED_CONTEXT((#3465))
GLOBAL_UNIT_ASSIGNED_CONTEXT((#3469,#3471,#3472))
REPRESENTATION_CONTEXT('','3D')
);
#3468=(
GEOMETRIC_REPRESENTATION_CONTEXT(3)
GLOBAL_UNCERTAINTY_ASSIGNED_CONTEXT((#3466))
GLOBAL_UNIT_ASSIGNED_CONTEXT((#3469,#3471,#3472))
REPRESENTATION_CONTEXT('','3D')
);
#3469=(
LENGTH_UNIT()
NAMED_UNIT(*)
SI_UNIT(.MILLI.,.METRE.)
);
#3470=(
LENGTH_UNIT()
NAMED_UNIT(*)
SI_UNIT($,.METRE.)
);
#3471=(
NAMED_UNIT(*)
PLANE_ANGLE_UNIT()
SI_UNIT($,.RADIAN.)
);
#3472=(
NAMED_UNIT(*)
SI_UNIT($,.STERADIAN.)
SOLID_ANGLE_UNIT()
);
#3473=SHAPE_DEFINITION_REPRESENTATION(#3474,#3475);
#3474=PRODUCT_DEFINITION_SHAPE('',$,#3477);
#3475=SHAPE_REPRESENTATION('',(#2054),#3467);
#3476=PRODUCT_DEFINITION_CONTEXT('part definition',#3481,'design');
#3477=PRODUCT_DEFINITION('Component1(Mirror) (2)',
'Component1(Mirror) (2)',#3478,#3476);
#3478=PRODUCT_DEFINITION_FORMATION('',$,#3483);
#3479=PRODUCT_RELATED_PRODUCT_CATEGORY('Component1(Mirror) (2)',
'Component1(Mirror) (2)',(#3483));
#3480=APPLICATION_PROTOCOL_DEFINITION('international standard',
'automotive_design',2009,#3481);
#3481=APPLICATION_CONTEXT(
'Core Data for Automotive Mechanical Design Process');
#3482=PRODUCT_CONTEXT('part definition',#3481,'mechanical');
#3483=PRODUCT('Component1(Mirror) (2)','Component1(Mirror) (2)',$,(#3482));
#3484=PRESENTATION_STYLE_ASSIGNMENT((#3486));
#3485=PRESENTATION_STYLE_ASSIGNMENT((#3487));
#3486=SURFACE_STYLE_USAGE(.BOTH.,#3488);
#3487=SURFACE_STYLE_USAGE(.BOTH.,#3489);
#3488=SURFACE_SIDE_STYLE('',(#3490));
#3489=SURFACE_SIDE_STYLE('',(#3491));
#3490=SURFACE_STYLE_FILL_AREA(#3492);
#3491=SURFACE_STYLE_FILL_AREA(#3493);
#3492=FILL_AREA_STYLE('Steel - Satin',(#3494));
#3493=FILL_AREA_STYLE('Opaque(25,25,25)',(#3495));
#3494=FILL_AREA_STYLE_COLOUR('Steel - Satin',#3496);
#3495=FILL_AREA_STYLE_COLOUR('Opaque(25,25,25)',#3497);
#3496=COLOUR_RGB('Steel - Satin',0.627450980392157,0.627450980392157,0.627450980392157);
#3497=COLOUR_RGB('Opaque(25,25,25)',0.0980392156862745,0.0980392156862745,
0.0980392156862745);
ENDSEC;
END-ISO-10303-21;
