ISO-10303-21;
HEADER;
/* Generated by software containing ST-Developer
 * from STEP Tools, Inc. (www.steptools.com) 
 */

FILE_DESCRIPTION(
/* description */ (''),
/* implementation_level */ '2;1');

FILE_NAME(
/* name */ 'Right_Inside_Wing.step',
/* time_stamp */ '2026-09-06T19:54:00+03:00',
/* author */ (''),
/* organization */ (''),
/* preprocessor_version */ 'ST-DEVELOPER v20.1',
/* originating_system */ 'Autodesk Translation Framework v15.8.0.0',
/* authorisation */ '');

FILE_SCHEMA (('AUTOMOTIVE_DESIGN { 1 0 10303 214 3 1 1 }'));
ENDSEC;

DATA;
#10=MECHANICAL_DESIGN_GEOMETRIC_PRESENTATION_REPRESENTATION('',(#13,#14),
#4033);
#11=SHAPE_REPRESENTATION_RELATIONSHIP('SRR','None',#4040,#12);
#12=ADVANCED_BREP_SHAPE_REPRESENTATION('',(#15,#16),#4032);
#13=STYLED_ITEM('',(#4050),#15);
#14=STYLED_ITEM('',(#4049),#16);
#15=MANIFOLD_SOLID_BREP('Body1',#2387);
#16=MANIFOLD_SOLID_BREP('Body2',#2388);
#17=ELLIPSE('',#2500,1.55137297384268,1.45);
#18=B_SPLINE_CURVE_WITH_KNOTS('',3,(#3685,#3686,#3687,#3688,#3689,#3690,
#3691,#3692,#3693,#3694,#3695,#3696,#3697,#3698),.UNSPECIFIED.,.F.,.F.,
(4,2,2,2,2,2,4),(0.153619059468861,0.175256276317721,0.238671000252532,
0.302085724187343,0.365500448122154,0.428915172056965,0.450552388905827),
 .UNSPECIFIED.);
#19=B_SPLINE_CURVE_WITH_KNOTS('',3,(#3706,#3707,#3708,#3709),
 .UNSPECIFIED.,.F.,.F.,(4,4),(-0.272003813322551,-0.221214891754853),
 .UNSPECIFIED.);
#20=B_SPLINE_CURVE_WITH_KNOTS('',3,(#3712,#3713,#3714,#3715,#3716,#3717,
#3718,#3719,#3720,#3721,#3722,#3723,#3724,#3725,#3726,#3727,#3728,#3729,
#3730,#3731,#3732),.UNSPECIFIED.,.F.,.F.,(4,2,2,2,3,2,2,2,2,4),(-0.221214891754853,
-0.165126111126663,-0.109037330498474,-0.0545186652492368,0.,0.0545186652492368,
0.109037330498474,0.165126111126663,0.221214891754853,0.272003813306235),
 .UNSPECIFIED.);
#21=FACE_BOUND('',#278,.T.);
#22=FACE_BOUND('',#279,.T.);
#23=FACE_BOUND('',#280,.T.);
#24=FACE_BOUND('',#281,.T.);
#25=FACE_BOUND('',#283,.T.);
#26=FACE_BOUND('',#284,.T.);
#27=FACE_BOUND('',#287,.T.);
#28=FACE_BOUND('',#288,.T.);
#29=FACE_BOUND('',#289,.T.);
#30=FACE_BOUND('',#290,.T.);
#31=FACE_BOUND('',#291,.T.);
#32=FACE_BOUND('',#292,.T.);
#33=FACE_BOUND('',#293,.T.);
#34=FACE_BOUND('',#294,.T.);
#35=FACE_BOUND('',#295,.T.);
#36=FACE_BOUND('',#298,.T.);
#37=FACE_BOUND('',#299,.T.);
#38=FACE_BOUND('',#300,.T.);
#39=FACE_BOUND('',#301,.T.);
#40=FACE_BOUND('',#302,.T.);
#41=FACE_BOUND('',#303,.T.);
#42=FACE_BOUND('',#304,.T.);
#43=FACE_BOUND('',#305,.T.);
#44=FACE_BOUND('',#306,.T.);
#45=FACE_BOUND('',#307,.T.);
#46=FACE_BOUND('',#318,.T.);
#47=FACE_BOUND('',#319,.T.);
#48=FACE_BOUND('',#332,.T.);
#49=FACE_BOUND('',#333,.T.);
#50=FACE_BOUND('',#334,.T.);
#51=FACE_BOUND('',#335,.T.);
#52=FACE_BOUND('',#375,.T.);
#53=FACE_BOUND('',#376,.T.);
#54=FACE_BOUND('',#379,.T.);
#55=FACE_BOUND('',#383,.T.);
#56=FACE_BOUND('',#384,.T.);
#57=FACE_BOUND('',#388,.T.);
#58=FACE_BOUND('',#390,.T.);
#59=FACE_BOUND('',#392,.T.);
#60=FACE_BOUND('',#394,.T.);
#61=FACE_BOUND('',#396,.T.);
#62=FACE_BOUND('',#400,.T.);
#63=FACE_BOUND('',#425,.T.);
#64=FACE_BOUND('',#426,.T.);
#65=FACE_BOUND('',#427,.T.);
#66=FACE_BOUND('',#428,.T.);
#67=FACE_BOUND('',#430,.T.);
#68=FACE_BOUND('',#431,.T.);
#69=FACE_BOUND('',#432,.T.);
#70=FACE_BOUND('',#433,.T.);
#71=PLANE('',#2417);
#72=PLANE('',#2424);
#73=PLANE('',#2431);
#74=PLANE('',#2432);
#75=PLANE('',#2433);
#76=PLANE('',#2434);
#77=PLANE('',#2435);
#78=PLANE('',#2436);
#79=PLANE('',#2437);
#80=PLANE('',#2438);
#81=PLANE('',#2470);
#82=PLANE('',#2471);
#83=PLANE('',#2501);
#84=PLANE('',#2507);
#85=PLANE('',#2511);
#86=PLANE('',#2514);
#87=PLANE('',#2517);
#88=PLANE('',#2519);
#89=PLANE('',#2520);
#90=PLANE('',#2529);
#91=PLANE('',#2532);
#92=PLANE('',#2533);
#93=PLANE('',#2539);
#94=PLANE('',#2542);
#95=PLANE('',#2545);
#96=PLANE('',#2548);
#97=PLANE('',#2549);
#98=PLANE('',#2553);
#99=PLANE('',#2555);
#100=PLANE('',#2557);
#101=PLANE('',#2559);
#102=PLANE('',#2562);
#103=PLANE('',#2564);
#104=PLANE('',#2566);
#105=PLANE('',#2568);
#106=PLANE('',#2570);
#107=PLANE('',#2572);
#108=PLANE('',#2574);
#109=PLANE('',#2578);
#110=PLANE('',#2579);
#111=PLANE('',#2580);
#112=PLANE('',#2581);
#113=PLANE('',#2582);
#114=PLANE('',#2583);
#115=PLANE('',#2584);
#116=PLANE('',#2585);
#117=PLANE('',#2586);
#118=PLANE('',#2587);
#119=PLANE('',#2588);
#120=PLANE('',#2589);
#121=PLANE('',#2590);
#122=PLANE('',#2591);
#123=PLANE('',#2592);
#124=PLANE('',#2593);
#125=PLANE('',#2599);
#126=PLANE('',#2601);
#127=PLANE('',#2602);
#128=PLANE('',#2604);
#129=PLANE('',#2606);
#130=PLANE('',#2608);
#131=PLANE('',#2609);
#132=PLANE('',#2610);
#133=PLANE('',#2612);
#134=PLANE('',#2625);
#135=PLANE('',#2626);
#136=PLANE('',#2627);
#137=PLANE('',#2628);
#138=PLANE('',#2629);
#139=PLANE('',#2630);
#140=FACE_OUTER_BOUND('',#262,.T.);
#141=FACE_OUTER_BOUND('',#263,.T.);
#142=FACE_OUTER_BOUND('',#264,.T.);
#143=FACE_OUTER_BOUND('',#265,.T.);
#144=FACE_OUTER_BOUND('',#266,.T.);
#145=FACE_OUTER_BOUND('',#267,.T.);
#146=FACE_OUTER_BOUND('',#268,.T.);
#147=FACE_OUTER_BOUND('',#269,.T.);
#148=FACE_OUTER_BOUND('',#270,.T.);
#149=FACE_OUTER_BOUND('',#271,.T.);
#150=FACE_OUTER_BOUND('',#272,.T.);
#151=FACE_OUTER_BOUND('',#273,.T.);
#152=FACE_OUTER_BOUND('',#274,.T.);
#153=FACE_OUTER_BOUND('',#275,.T.);
#154=FACE_OUTER_BOUND('',#276,.T.);
#155=FACE_OUTER_BOUND('',#277,.T.);
#156=FACE_OUTER_BOUND('',#282,.T.);
#157=FACE_OUTER_BOUND('',#285,.T.);
#158=FACE_OUTER_BOUND('',#286,.T.);
#159=FACE_OUTER_BOUND('',#296,.T.);
#160=FACE_OUTER_BOUND('',#297,.T.);
#161=FACE_OUTER_BOUND('',#308,.T.);
#162=FACE_OUTER_BOUND('',#309,.T.);
#163=FACE_OUTER_BOUND('',#310,.T.);
#164=FACE_OUTER_BOUND('',#311,.T.);
#165=FACE_OUTER_BOUND('',#312,.T.);
#166=FACE_OUTER_BOUND('',#313,.T.);
#167=FACE_OUTER_BOUND('',#314,.T.);
#168=FACE_OUTER_BOUND('',#315,.T.);
#169=FACE_OUTER_BOUND('',#316,.T.);
#170=FACE_OUTER_BOUND('',#317,.T.);
#171=FACE_OUTER_BOUND('',#320,.T.);
#172=FACE_OUTER_BOUND('',#321,.T.);
#173=FACE_OUTER_BOUND('',#322,.T.);
#174=FACE_OUTER_BOUND('',#323,.T.);
#175=FACE_OUTER_BOUND('',#324,.T.);
#176=FACE_OUTER_BOUND('',#325,.T.);
#177=FACE_OUTER_BOUND('',#326,.T.);
#178=FACE_OUTER_BOUND('',#327,.T.);
#179=FACE_OUTER_BOUND('',#328,.T.);
#180=FACE_OUTER_BOUND('',#329,.T.);
#181=FACE_OUTER_BOUND('',#330,.T.);
#182=FACE_OUTER_BOUND('',#331,.T.);
#183=FACE_OUTER_BOUND('',#336,.T.);
#184=FACE_OUTER_BOUND('',#337,.T.);
#185=FACE_OUTER_BOUND('',#338,.T.);
#186=FACE_OUTER_BOUND('',#339,.T.);
#187=FACE_OUTER_BOUND('',#340,.T.);
#188=FACE_OUTER_BOUND('',#341,.T.);
#189=FACE_OUTER_BOUND('',#342,.T.);
#190=FACE_OUTER_BOUND('',#343,.T.);
#191=FACE_OUTER_BOUND('',#344,.T.);
#192=FACE_OUTER_BOUND('',#345,.T.);
#193=FACE_OUTER_BOUND('',#346,.T.);
#194=FACE_OUTER_BOUND('',#347,.T.);
#195=FACE_OUTER_BOUND('',#348,.T.);
#196=FACE_OUTER_BOUND('',#349,.T.);
#197=FACE_OUTER_BOUND('',#350,.T.);
#198=FACE_OUTER_BOUND('',#351,.T.);
#199=FACE_OUTER_BOUND('',#352,.T.);
#200=FACE_OUTER_BOUND('',#353,.T.);
#201=FACE_OUTER_BOUND('',#354,.T.);
#202=FACE_OUTER_BOUND('',#355,.T.);
#203=FACE_OUTER_BOUND('',#356,.T.);
#204=FACE_OUTER_BOUND('',#357,.T.);
#205=FACE_OUTER_BOUND('',#358,.T.);
#206=FACE_OUTER_BOUND('',#359,.T.);
#207=FACE_OUTER_BOUND('',#360,.T.);
#208=FACE_OUTER_BOUND('',#361,.T.);
#209=FACE_OUTER_BOUND('',#362,.T.);
#210=FACE_OUTER_BOUND('',#363,.T.);
#211=FACE_OUTER_BOUND('',#364,.T.);
#212=FACE_OUTER_BOUND('',#365,.T.);
#213=FACE_OUTER_BOUND('',#366,.T.);
#214=FACE_OUTER_BOUND('',#367,.T.);
#215=FACE_OUTER_BOUND('',#368,.T.);
#216=FACE_OUTER_BOUND('',#369,.T.);
#217=FACE_OUTER_BOUND('',#370,.T.);
#218=FACE_OUTER_BOUND('',#371,.T.);
#219=FACE_OUTER_BOUND('',#372,.T.);
#220=FACE_OUTER_BOUND('',#373,.T.);
#221=FACE_OUTER_BOUND('',#374,.T.);
#222=FACE_OUTER_BOUND('',#377,.T.);
#223=FACE_OUTER_BOUND('',#378,.T.);
#224=FACE_OUTER_BOUND('',#380,.T.);
#225=FACE_OUTER_BOUND('',#381,.T.);
#226=FACE_OUTER_BOUND('',#382,.T.);
#227=FACE_OUTER_BOUND('',#385,.T.);
#228=FACE_OUTER_BOUND('',#386,.T.);
#229=FACE_OUTER_BOUND('',#387,.T.);
#230=FACE_OUTER_BOUND('',#389,.T.);
#231=FACE_OUTER_BOUND('',#391,.T.);
#232=FACE_OUTER_BOUND('',#393,.T.);
#233=FACE_OUTER_BOUND('',#395,.T.);
#234=FACE_OUTER_BOUND('',#397,.T.);
#235=FACE_OUTER_BOUND('',#398,.T.);
#236=FACE_OUTER_BOUND('',#399,.T.);
#237=FACE_OUTER_BOUND('',#401,.T.);
#238=FACE_OUTER_BOUND('',#402,.T.);
#239=FACE_OUTER_BOUND('',#403,.T.);
#240=FACE_OUTER_BOUND('',#404,.T.);
#241=FACE_OUTER_BOUND('',#405,.T.);
#242=FACE_OUTER_BOUND('',#406,.T.);
#243=FACE_OUTER_BOUND('',#407,.T.);
#244=FACE_OUTER_BOUND('',#408,.T.);
#245=FACE_OUTER_BOUND('',#409,.T.);
#246=FACE_OUTER_BOUND('',#410,.T.);
#247=FACE_OUTER_BOUND('',#411,.T.);
#248=FACE_OUTER_BOUND('',#412,.T.);
#249=FACE_OUTER_BOUND('',#413,.T.);
#250=FACE_OUTER_BOUND('',#414,.T.);
#251=FACE_OUTER_BOUND('',#415,.T.);
#252=FACE_OUTER_BOUND('',#416,.T.);
#253=FACE_OUTER_BOUND('',#417,.T.);
#254=FACE_OUTER_BOUND('',#418,.T.);
#255=FACE_OUTER_BOUND('',#419,.T.);
#256=FACE_OUTER_BOUND('',#420,.T.);
#257=FACE_OUTER_BOUND('',#421,.T.);
#258=FACE_OUTER_BOUND('',#422,.T.);
#259=FACE_OUTER_BOUND('',#423,.T.);
#260=FACE_OUTER_BOUND('',#424,.T.);
#261=FACE_OUTER_BOUND('',#429,.T.);
#262=EDGE_LOOP('',(#1544,#1545,#1546,#1547));
#263=EDGE_LOOP('',(#1548,#1549,#1550,#1551));
#264=EDGE_LOOP('',(#1552,#1553,#1554,#1555));
#265=EDGE_LOOP('',(#1556,#1557,#1558,#1559));
#266=EDGE_LOOP('',(#1560,#1561,#1562,#1563));
#267=EDGE_LOOP('',(#1564));
#268=EDGE_LOOP('',(#1565,#1566,#1567,#1568));
#269=EDGE_LOOP('',(#1569,#1570,#1571,#1572));
#270=EDGE_LOOP('',(#1573));
#271=EDGE_LOOP('',(#1574,#1575,#1576,#1577));
#272=EDGE_LOOP('',(#1578,#1579,#1580,#1581));
#273=EDGE_LOOP('',(#1582,#1583,#1584,#1585));
#274=EDGE_LOOP('',(#1586,#1587,#1588,#1589,#1590));
#275=EDGE_LOOP('',(#1591,#1592,#1593,#1594));
#276=EDGE_LOOP('',(#1595,#1596,#1597,#1598,#1599));
#277=EDGE_LOOP('',(#1600,#1601,#1602,#1603));
#278=EDGE_LOOP('',(#1604));
#279=EDGE_LOOP('',(#1605));
#280=EDGE_LOOP('',(#1606));
#281=EDGE_LOOP('',(#1607));
#282=EDGE_LOOP('',(#1608,#1609,#1610,#1611));
#283=EDGE_LOOP('',(#1612));
#284=EDGE_LOOP('',(#1613));
#285=EDGE_LOOP('',(#1614,#1615,#1616,#1617,#1618,#1619,#1620,#1621));
#286=EDGE_LOOP('',(#1622,#1623,#1624,#1625,#1626,#1627,#1628,#1629,#1630,
#1631,#1632,#1633,#1634,#1635,#1636,#1637,#1638,#1639,#1640,#1641,#1642,
#1643,#1644,#1645,#1646,#1647));
#287=EDGE_LOOP('',(#1648));
#288=EDGE_LOOP('',(#1649,#1650,#1651,#1652));
#289=EDGE_LOOP('',(#1653,#1654,#1655,#1656,#1657,#1658,#1659,#1660));
#290=EDGE_LOOP('',(#1661,#1662,#1663,#1664,#1665,#1666,#1667,#1668));
#291=EDGE_LOOP('',(#1669,#1670,#1671,#1672));
#292=EDGE_LOOP('',(#1673,#1674,#1675,#1676,#1677,#1678));
#293=EDGE_LOOP('',(#1679,#1680,#1681,#1682,#1683,#1684,#1685,#1686));
#294=EDGE_LOOP('',(#1687,#1688,#1689,#1690,#1691,#1692,#1693,#1694));
#295=EDGE_LOOP('',(#1695,#1696,#1697,#1698,#1699,#1700,#1701,#1702));
#296=EDGE_LOOP('',(#1703,#1704,#1705,#1706));
#297=EDGE_LOOP('',(#1707,#1708,#1709,#1710,#1711,#1712,#1713,#1714,#1715,
#1716,#1717,#1718,#1719,#1720,#1721,#1722,#1723,#1724,#1725,#1726,#1727,
#1728,#1729,#1730));
#298=EDGE_LOOP('',(#1731));
#299=EDGE_LOOP('',(#1732,#1733,#1734,#1735));
#300=EDGE_LOOP('',(#1736));
#301=EDGE_LOOP('',(#1737,#1738,#1739,#1740,#1741,#1742));
#302=EDGE_LOOP('',(#1743,#1744,#1745,#1746,#1747,#1748,#1749,#1750));
#303=EDGE_LOOP('',(#1751,#1752,#1753,#1754,#1755,#1756,#1757,#1758));
#304=EDGE_LOOP('',(#1759));
#305=EDGE_LOOP('',(#1760));
#306=EDGE_LOOP('',(#1761));
#307=EDGE_LOOP('',(#1762));
#308=EDGE_LOOP('',(#1763,#1764,#1765,#1766,#1767,#1768));
#309=EDGE_LOOP('',(#1769,#1770,#1771,#1772,#1773,#1774));
#310=EDGE_LOOP('',(#1775,#1776,#1777,#1778,#1779,#1780,#1781));
#311=EDGE_LOOP('',(#1782,#1783,#1784,#1785,#1786,#1787,#1788));
#312=EDGE_LOOP('',(#1789,#1790,#1791,#1792));
#313=EDGE_LOOP('',(#1793));
#314=EDGE_LOOP('',(#1794,#1795,#1796,#1797));
#315=EDGE_LOOP('',(#1798));
#316=EDGE_LOOP('',(#1799,#1800,#1801,#1802));
#317=EDGE_LOOP('',(#1803,#1804,#1805,#1806));
#318=EDGE_LOOP('',(#1807));
#319=EDGE_LOOP('',(#1808));
#320=EDGE_LOOP('',(#1809,#1810,#1811,#1812));
#321=EDGE_LOOP('',(#1813,#1814,#1815,#1816,#1817,#1818,#1819,#1820));
#322=EDGE_LOOP('',(#1821,#1822,#1823,#1824));
#323=EDGE_LOOP('',(#1825,#1826,#1827,#1828));
#324=EDGE_LOOP('',(#1829,#1830,#1831,#1832));
#325=EDGE_LOOP('',(#1833,#1834,#1835,#1836));
#326=EDGE_LOOP('',(#1837,#1838,#1839,#1840));
#327=EDGE_LOOP('',(#1841,#1842,#1843,#1844));
#328=EDGE_LOOP('',(#1845,#1846,#1847,#1848));
#329=EDGE_LOOP('',(#1849,#1850,#1851,#1852));
#330=EDGE_LOOP('',(#1853,#1854,#1855,#1856));
#331=EDGE_LOOP('',(#1857,#1858,#1859,#1860));
#332=EDGE_LOOP('',(#1861));
#333=EDGE_LOOP('',(#1862));
#334=EDGE_LOOP('',(#1863));
#335=EDGE_LOOP('',(#1864));
#336=EDGE_LOOP('',(#1865,#1866,#1867,#1868));
#337=EDGE_LOOP('',(#1869,#1870,#1871,#1872));
#338=EDGE_LOOP('',(#1873,#1874,#1875,#1876));
#339=EDGE_LOOP('',(#1877,#1878,#1879,#1880));
#340=EDGE_LOOP('',(#1881,#1882,#1883,#1884));
#341=EDGE_LOOP('',(#1885,#1886,#1887,#1888));
#342=EDGE_LOOP('',(#1889,#1890,#1891,#1892));
#343=EDGE_LOOP('',(#1893,#1894,#1895,#1896));
#344=EDGE_LOOP('',(#1897,#1898,#1899,#1900));
#345=EDGE_LOOP('',(#1901,#1902,#1903,#1904,#1905,#1906,#1907,#1908));
#346=EDGE_LOOP('',(#1909,#1910,#1911,#1912));
#347=EDGE_LOOP('',(#1913,#1914,#1915,#1916));
#348=EDGE_LOOP('',(#1917,#1918,#1919,#1920));
#349=EDGE_LOOP('',(#1921,#1922,#1923,#1924));
#350=EDGE_LOOP('',(#1925,#1926,#1927,#1928));
#351=EDGE_LOOP('',(#1929,#1930,#1931,#1932,#1933,#1934));
#352=EDGE_LOOP('',(#1935,#1936,#1937,#1938,#1939,#1940));
#353=EDGE_LOOP('',(#1941,#1942,#1943,#1944));
#354=EDGE_LOOP('',(#1945,#1946,#1947,#1948));
#355=EDGE_LOOP('',(#1949,#1950,#1951,#1952));
#356=EDGE_LOOP('',(#1953,#1954,#1955,#1956));
#357=EDGE_LOOP('',(#1957,#1958,#1959,#1960));
#358=EDGE_LOOP('',(#1961,#1962,#1963,#1964));
#359=EDGE_LOOP('',(#1965,#1966,#1967,#1968));
#360=EDGE_LOOP('',(#1969,#1970,#1971,#1972));
#361=EDGE_LOOP('',(#1973,#1974,#1975,#1976));
#362=EDGE_LOOP('',(#1977,#1978,#1979,#1980));
#363=EDGE_LOOP('',(#1981,#1982,#1983,#1984));
#364=EDGE_LOOP('',(#1985,#1986,#1987,#1988));
#365=EDGE_LOOP('',(#1989,#1990,#1991,#1992));
#366=EDGE_LOOP('',(#1993,#1994,#1995,#1996));
#367=EDGE_LOOP('',(#1997,#1998,#1999,#2000));
#368=EDGE_LOOP('',(#2001,#2002,#2003,#2004));
#369=EDGE_LOOP('',(#2005,#2006,#2007,#2008));
#370=EDGE_LOOP('',(#2009,#2010,#2011,#2012));
#371=EDGE_LOOP('',(#2013,#2014,#2015,#2016));
#372=EDGE_LOOP('',(#2017,#2018,#2019,#2020));
#373=EDGE_LOOP('',(#2021,#2022,#2023,#2024));
#374=EDGE_LOOP('',(#2025,#2026,#2027,#2028));
#375=EDGE_LOOP('',(#2029));
#376=EDGE_LOOP('',(#2030));
#377=EDGE_LOOP('',(#2031,#2032,#2033,#2034));
#378=EDGE_LOOP('',(#2035,#2036,#2037,#2038));
#379=EDGE_LOOP('',(#2039));
#380=EDGE_LOOP('',(#2040,#2041,#2042,#2043));
#381=EDGE_LOOP('',(#2044,#2045,#2046,#2047));
#382=EDGE_LOOP('',(#2048,#2049,#2050,#2051));
#383=EDGE_LOOP('',(#2052));
#384=EDGE_LOOP('',(#2053));
#385=EDGE_LOOP('',(#2054,#2055,#2056,#2057));
#386=EDGE_LOOP('',(#2058,#2059,#2060,#2061));
#387=EDGE_LOOP('',(#2062,#2063,#2064,#2065));
#388=EDGE_LOOP('',(#2066));
#389=EDGE_LOOP('',(#2067,#2068,#2069,#2070));
#390=EDGE_LOOP('',(#2071));
#391=EDGE_LOOP('',(#2072,#2073,#2074,#2075));
#392=EDGE_LOOP('',(#2076));
#393=EDGE_LOOP('',(#2077,#2078,#2079,#2080));
#394=EDGE_LOOP('',(#2081));
#395=EDGE_LOOP('',(#2082,#2083,#2084,#2085));
#396=EDGE_LOOP('',(#2086));
#397=EDGE_LOOP('',(#2087,#2088,#2089,#2090));
#398=EDGE_LOOP('',(#2091,#2092,#2093,#2094));
#399=EDGE_LOOP('',(#2095,#2096,#2097,#2098,#2099,#2100,#2101,#2102));
#400=EDGE_LOOP('',(#2103));
#401=EDGE_LOOP('',(#2104,#2105,#2106,#2107));
#402=EDGE_LOOP('',(#2108,#2109,#2110,#2111));
#403=EDGE_LOOP('',(#2112,#2113,#2114,#2115));
#404=EDGE_LOOP('',(#2116,#2117,#2118,#2119));
#405=EDGE_LOOP('',(#2120,#2121,#2122,#2123));
#406=EDGE_LOOP('',(#2124,#2125,#2126,#2127));
#407=EDGE_LOOP('',(#2128,#2129,#2130,#2131));
#408=EDGE_LOOP('',(#2132,#2133,#2134,#2135));
#409=EDGE_LOOP('',(#2136,#2137,#2138,#2139));
#410=EDGE_LOOP('',(#2140,#2141,#2142,#2143));
#411=EDGE_LOOP('',(#2144,#2145,#2146,#2147));
#412=EDGE_LOOP('',(#2148,#2149,#2150,#2151));
#413=EDGE_LOOP('',(#2152,#2153,#2154,#2155));
#414=EDGE_LOOP('',(#2156,#2157,#2158,#2159));
#415=EDGE_LOOP('',(#2160,#2161,#2162,#2163));
#416=EDGE_LOOP('',(#2164,#2165,#2166,#2167));
#417=EDGE_LOOP('',(#2168,#2169,#2170,#2171));
#418=EDGE_LOOP('',(#2172,#2173,#2174,#2175));
#419=EDGE_LOOP('',(#2176,#2177,#2178,#2179));
#420=EDGE_LOOP('',(#2180,#2181,#2182,#2183));
#421=EDGE_LOOP('',(#2184,#2185,#2186,#2187));
#422=EDGE_LOOP('',(#2188,#2189,#2190,#2191));
#423=EDGE_LOOP('',(#2192,#2193,#2194,#2195));
#424=EDGE_LOOP('',(#2196,#2197,#2198,#2199));
#425=EDGE_LOOP('',(#2200));
#426=EDGE_LOOP('',(#2201));
#427=EDGE_LOOP('',(#2202));
#428=EDGE_LOOP('',(#2203));
#429=EDGE_LOOP('',(#2204,#2205,#2206,#2207));
#430=EDGE_LOOP('',(#2208));
#431=EDGE_LOOP('',(#2209));
#432=EDGE_LOOP('',(#2210));
#433=EDGE_LOOP('',(#2211));
#434=LINE('',#3320,#658);
#435=LINE('',#3326,#659);
#436=LINE('',#3332,#660);
#437=LINE('',#3338,#661);
#438=LINE('',#3344,#662);
#439=LINE('',#3351,#663);
#440=LINE('',#3357,#664);
#441=LINE('',#3364,#665);
#442=LINE('',#3370,#666);
#443=LINE('',#3375,#667);
#444=LINE('',#3377,#668);
#445=LINE('',#3379,#669);
#446=LINE('',#3380,#670);
#447=LINE('',#3383,#671);
#448=LINE('',#3385,#672);
#449=LINE('',#3387,#673);
#450=LINE('',#3388,#674);
#451=LINE('',#3391,#675);
#452=LINE('',#3393,#676);
#453=LINE('',#3394,#677);
#454=LINE('',#3397,#678);
#455=LINE('',#3398,#679);
#456=LINE('',#3399,#680);
#457=LINE('',#3402,#681);
#458=LINE('',#3405,#682);
#459=LINE('',#3407,#683);
#460=LINE('',#3409,#684);
#461=LINE('',#3411,#685);
#462=LINE('',#3412,#686);
#463=LINE('',#3415,#687);
#464=LINE('',#3417,#688);
#465=LINE('',#3419,#689);
#466=LINE('',#3421,#690);
#467=LINE('',#3423,#691);
#468=LINE('',#3425,#692);
#469=LINE('',#3427,#693);
#470=LINE('',#3435,#694);
#471=LINE('',#3439,#695);
#472=LINE('',#3441,#696);
#473=LINE('',#3443,#697);
#474=LINE('',#3445,#698);
#475=LINE('',#3447,#699);
#476=LINE('',#3449,#700);
#477=LINE('',#3451,#701);
#478=LINE('',#3453,#702);
#479=LINE('',#3455,#703);
#480=LINE('',#3457,#704);
#481=LINE('',#3458,#705);
#482=LINE('',#3463,#706);
#483=LINE('',#3466,#707);
#484=LINE('',#3469,#708);
#485=LINE('',#3473,#709);
#486=LINE('',#3477,#710);
#487=LINE('',#3481,#711);
#488=LINE('',#3485,#712);
#489=LINE('',#3489,#713);
#490=LINE('',#3493,#714);
#491=LINE('',#3497,#715);
#492=LINE('',#3501,#716);
#493=LINE('',#3503,#717);
#494=LINE('',#3506,#718);
#495=LINE('',#3509,#719);
#496=LINE('',#3513,#720);
#497=LINE('',#3517,#721);
#498=LINE('',#3521,#722);
#499=LINE('',#3525,#723);
#500=LINE('',#3529,#724);
#501=LINE('',#3533,#725);
#502=LINE('',#3537,#726);
#503=LINE('',#3541,#727);
#504=LINE('',#3549,#728);
#505=LINE('',#3553,#729);
#506=LINE('',#3557,#730);
#507=LINE('',#3561,#731);
#508=LINE('',#3565,#732);
#509=LINE('',#3569,#733);
#510=LINE('',#3570,#734);
#511=LINE('',#3573,#735);
#512=LINE('',#3575,#736);
#513=LINE('',#3577,#737);
#514=LINE('',#3579,#738);
#515=LINE('',#3581,#739);
#516=LINE('',#3583,#740);
#517=LINE('',#3585,#741);
#518=LINE('',#3587,#742);
#519=LINE('',#3589,#743);
#520=LINE('',#3591,#744);
#521=LINE('',#3593,#745);
#522=LINE('',#3597,#746);
#523=LINE('',#3605,#747);
#524=LINE('',#3607,#748);
#525=LINE('',#3609,#749);
#526=LINE('',#3611,#750);
#527=LINE('',#3613,#751);
#528=LINE('',#3614,#752);
#529=LINE('',#3617,#753);
#530=LINE('',#3619,#754);
#531=LINE('',#3622,#755);
#532=LINE('',#3627,#756);
#533=LINE('',#3631,#757);
#534=LINE('',#3635,#758);
#535=LINE('',#3639,#759);
#536=LINE('',#3643,#760);
#537=LINE('',#3647,#761);
#538=LINE('',#3651,#762);
#539=LINE('',#3655,#763);
#540=LINE('',#3659,#764);
#541=LINE('',#3667,#765);
#542=LINE('',#3681,#766);
#543=LINE('',#3704,#767);
#544=LINE('',#3734,#768);
#545=LINE('',#3735,#769);
#546=LINE('',#3736,#770);
#547=LINE('',#3738,#771);
#548=LINE('',#3740,#772);
#549=LINE('',#3743,#773);
#550=LINE('',#3748,#774);
#551=LINE('',#3755,#775);
#552=LINE('',#3762,#776);
#553=LINE('',#3763,#777);
#554=LINE('',#3766,#778);
#555=LINE('',#3767,#779);
#556=LINE('',#3771,#780);
#557=LINE('',#3774,#781);
#558=LINE('',#3777,#782);
#559=LINE('',#3778,#783);
#560=LINE('',#3780,#784);
#561=LINE('',#3785,#785);
#562=LINE('',#3789,#786);
#563=LINE('',#3793,#787);
#564=LINE('',#3796,#788);
#565=LINE('',#3799,#789);
#566=LINE('',#3802,#790);
#567=LINE('',#3803,#791);
#568=LINE('',#3806,#792);
#569=LINE('',#3809,#793);
#570=LINE('',#3816,#794);
#571=LINE('',#3821,#795);
#572=LINE('',#3822,#796);
#573=LINE('',#3825,#797);
#574=LINE('',#3826,#798);
#575=LINE('',#3831,#799);
#576=LINE('',#3832,#800);
#577=LINE('',#3834,#801);
#578=LINE('',#3838,#802);
#579=LINE('',#3841,#803);
#580=LINE('',#3842,#804);
#581=LINE('',#3846,#805);
#582=LINE('',#3848,#806);
#583=LINE('',#3851,#807);
#584=LINE('',#3852,#808);
#585=LINE('',#3854,#809);
#586=LINE('',#3856,#810);
#587=LINE('',#3858,#811);
#588=LINE('',#3860,#812);
#589=LINE('',#3863,#813);
#590=LINE('',#3865,#814);
#591=LINE('',#3867,#815);
#592=LINE('',#3869,#816);
#593=LINE('',#3872,#817);
#594=LINE('',#3873,#818);
#595=LINE('',#3875,#819);
#596=LINE('',#3877,#820);
#597=LINE('',#3878,#821);
#598=LINE('',#3881,#822);
#599=LINE('',#3883,#823);
#600=LINE('',#3885,#824);
#601=LINE('',#3886,#825);
#602=LINE('',#3888,#826);
#603=LINE('',#3890,#827);
#604=LINE('',#3893,#828);
#605=LINE('',#3895,#829);
#606=LINE('',#3897,#830);
#607=LINE('',#3898,#831);
#608=LINE('',#3901,#832);
#609=LINE('',#3904,#833);
#610=LINE('',#3906,#834);
#611=LINE('',#3907,#835);
#612=LINE('',#3910,#836);
#613=LINE('',#3912,#837);
#614=LINE('',#3913,#838);
#615=LINE('',#3915,#839);
#616=LINE('',#3916,#840);
#617=LINE('',#3919,#841);
#618=LINE('',#3921,#842);
#619=LINE('',#3923,#843);
#620=LINE('',#3925,#844);
#621=LINE('',#3926,#845);
#622=LINE('',#3928,#846);
#623=LINE('',#3931,#847);
#624=LINE('',#3939,#848);
#625=LINE('',#3943,#849);
#626=LINE('',#3947,#850);
#627=LINE('',#3950,#851);
#628=LINE('',#3952,#852);
#629=LINE('',#3953,#853);
#630=LINE('',#3955,#854);
#631=LINE('',#3957,#855);
#632=LINE('',#3959,#856);
#633=LINE('',#3961,#857);
#634=LINE('',#3963,#858);
#635=LINE('',#3965,#859);
#636=LINE('',#3968,#860);
#637=LINE('',#3969,#861);
#638=LINE('',#3971,#862);
#639=LINE('',#3973,#863);
#640=LINE('',#3976,#864);
#641=LINE('',#3978,#865);
#642=LINE('',#3984,#866);
#643=LINE('',#3990,#867);
#644=LINE('',#3996,#868);
#645=LINE('',#4002,#869);
#646=LINE('',#4007,#870);
#647=LINE('',#4009,#871);
#648=LINE('',#4011,#872);
#649=LINE('',#4012,#873);
#650=LINE('',#4015,#874);
#651=LINE('',#4017,#875);
#652=LINE('',#4018,#876);
#653=LINE('',#4021,#877);
#654=LINE('',#4023,#878);
#655=LINE('',#4024,#879);
#656=LINE('',#4026,#880);
#657=LINE('',#4027,#881);
#658=VECTOR('',#2637,1.45);
#659=VECTOR('',#2644,1.45);
#660=VECTOR('',#2651,1.45);
#661=VECTOR('',#2658,1.45);
#662=VECTOR('',#2665,1.45);
#663=VECTOR('',#2674,1.45);
#664=VECTOR('',#2681,1.45);
#665=VECTOR('',#2690,2.10000000000001);
#666=VECTOR('',#2697,2.09999999999999);
#667=VECTOR('',#2702,10.);
#668=VECTOR('',#2703,10.);
#669=VECTOR('',#2704,10.);
#670=VECTOR('',#2705,10.);
#671=VECTOR('',#2708,10.);
#672=VECTOR('',#2709,10.);
#673=VECTOR('',#2710,10.);
#674=VECTOR('',#2711,10.);
#675=VECTOR('',#2714,10.);
#676=VECTOR('',#2715,10.);
#677=VECTOR('',#2716,10.);
#678=VECTOR('',#2719,10.);
#679=VECTOR('',#2720,10.);
#680=VECTOR('',#2721,10.);
#681=VECTOR('',#2726,10.);
#682=VECTOR('',#2729,10.);
#683=VECTOR('',#2730,10.);
#684=VECTOR('',#2731,10.);
#685=VECTOR('',#2732,10.);
#686=VECTOR('',#2733,10.);
#687=VECTOR('',#2736,10.);
#688=VECTOR('',#2737,10.);
#689=VECTOR('',#2738,10.);
#690=VECTOR('',#2739,10.);
#691=VECTOR('',#2740,10.);
#692=VECTOR('',#2741,10.);
#693=VECTOR('',#2742,10.);
#694=VECTOR('',#2749,10.);
#695=VECTOR('',#2752,10.);
#696=VECTOR('',#2753,10.);
#697=VECTOR('',#2754,10.);
#698=VECTOR('',#2755,10.);
#699=VECTOR('',#2756,10.);
#700=VECTOR('',#2757,10.);
#701=VECTOR('',#2758,10.);
#702=VECTOR('',#2759,10.);
#703=VECTOR('',#2760,10.);
#704=VECTOR('',#2761,10.);
#705=VECTOR('',#2762,10.);
#706=VECTOR('',#2765,10.);
#707=VECTOR('',#2768,10.);
#708=VECTOR('',#2769,10.);
#709=VECTOR('',#2772,10.);
#710=VECTOR('',#2775,10.);
#711=VECTOR('',#2778,10.);
#712=VECTOR('',#2781,10.);
#713=VECTOR('',#2784,10.);
#714=VECTOR('',#2787,10.);
#715=VECTOR('',#2790,10.);
#716=VECTOR('',#2793,10.);
#717=VECTOR('',#2794,10.);
#718=VECTOR('',#2797,10.);
#719=VECTOR('',#2798,10.);
#720=VECTOR('',#2801,10.);
#721=VECTOR('',#2804,10.);
#722=VECTOR('',#2807,10.);
#723=VECTOR('',#2810,10.);
#724=VECTOR('',#2813,10.);
#725=VECTOR('',#2816,10.);
#726=VECTOR('',#2819,10.);
#727=VECTOR('',#2822,10.);
#728=VECTOR('',#2829,10.);
#729=VECTOR('',#2832,10.);
#730=VECTOR('',#2835,10.);
#731=VECTOR('',#2838,10.);
#732=VECTOR('',#2841,10.);
#733=VECTOR('',#2846,10.);
#734=VECTOR('',#2847,10.);
#735=VECTOR('',#2850,10.);
#736=VECTOR('',#2851,10.);
#737=VECTOR('',#2852,10.);
#738=VECTOR('',#2853,10.);
#739=VECTOR('',#2854,10.);
#740=VECTOR('',#2855,10.);
#741=VECTOR('',#2856,10.);
#742=VECTOR('',#2857,10.);
#743=VECTOR('',#2858,10.);
#744=VECTOR('',#2859,10.);
#745=VECTOR('',#2860,10.);
#746=VECTOR('',#2863,10.);
#747=VECTOR('',#2870,10.);
#748=VECTOR('',#2871,10.);
#749=VECTOR('',#2872,10.);
#750=VECTOR('',#2873,10.);
#751=VECTOR('',#2874,10.);
#752=VECTOR('',#2875,10.);
#753=VECTOR('',#2876,10.);
#754=VECTOR('',#2877,10.);
#755=VECTOR('',#2880,10.);
#756=VECTOR('',#2883,10.);
#757=VECTOR('',#2886,10.);
#758=VECTOR('',#2889,10.);
#759=VECTOR('',#2892,10.);
#760=VECTOR('',#2895,10.);
#761=VECTOR('',#2898,10.);
#762=VECTOR('',#2901,10.);
#763=VECTOR('',#2904,10.);
#764=VECTOR('',#2907,10.);
#765=VECTOR('',#2914,10.);
#766=VECTOR('',#2929,1.45);
#767=VECTOR('',#2938,1.45);
#768=VECTOR('',#2943,10.);
#769=VECTOR('',#2944,10.);
#770=VECTOR('',#2945,10.);
#771=VECTOR('',#2948,10.);
#772=VECTOR('',#2949,10.);
#773=VECTOR('',#2952,10.);
#774=VECTOR('',#2957,1.45);
#775=VECTOR('',#2966,1.45);
#776=VECTOR('',#2975,10.);
#777=VECTOR('',#2976,10.);
#778=VECTOR('',#2979,10.);
#779=VECTOR('',#2980,10.);
#780=VECTOR('',#2985,10.);
#781=VECTOR('',#2988,10.);
#782=VECTOR('',#2991,10.);
#783=VECTOR('',#2992,10.);
#784=VECTOR('',#2995,10.);
#785=VECTOR('',#3002,2.0828);
#786=VECTOR('',#3007,2.0828);
#787=VECTOR('',#3012,2.0828);
#788=VECTOR('',#3015,10.);
#789=VECTOR('',#3018,10.);
#790=VECTOR('',#3021,10.);
#791=VECTOR('',#3022,10.);
#792=VECTOR('',#3025,10.);
#793=VECTOR('',#3030,10.);
#794=VECTOR('',#3039,12.);
#795=VECTOR('',#3044,10.);
#796=VECTOR('',#3045,10.);
#797=VECTOR('',#3048,10.);
#798=VECTOR('',#3049,10.);
#799=VECTOR('',#3054,10.);
#800=VECTOR('',#3055,10.);
#801=VECTOR('',#3058,10.);
#802=VECTOR('',#3063,10.);
#803=VECTOR('',#3066,10.);
#804=VECTOR('',#3067,10.);
#805=VECTOR('',#3072,10.);
#806=VECTOR('',#3075,10.);
#807=VECTOR('',#3080,10.);
#808=VECTOR('',#3081,10.);
#809=VECTOR('',#3084,10.);
#810=VECTOR('',#3087,10.);
#811=VECTOR('',#3090,10.);
#812=VECTOR('',#3093,10.);
#813=VECTOR('',#3098,10.);
#814=VECTOR('',#3101,10.);
#815=VECTOR('',#3104,10.);
#816=VECTOR('',#3107,10.);
#817=VECTOR('',#3112,10.);
#818=VECTOR('',#3113,10.);
#819=VECTOR('',#3116,10.);
#820=VECTOR('',#3119,10.);
#821=VECTOR('',#3120,10.);
#822=VECTOR('',#3125,10.);
#823=VECTOR('',#3128,10.);
#824=VECTOR('',#3131,10.);
#825=VECTOR('',#3132,10.);
#826=VECTOR('',#3135,10.);
#827=VECTOR('',#3138,10.);
#828=VECTOR('',#3143,10.);
#829=VECTOR('',#3146,10.);
#830=VECTOR('',#3149,10.);
#831=VECTOR('',#3150,10.);
#832=VECTOR('',#3155,10.);
#833=VECTOR('',#3160,4.7625);
#834=VECTOR('',#3163,10.);
#835=VECTOR('',#3164,10.);
#836=VECTOR('',#3169,10.);
#837=VECTOR('',#3172,10.);
#838=VECTOR('',#3173,10.);
#839=VECTOR('',#3176,10.);
#840=VECTOR('',#3177,10.);
#841=VECTOR('',#3182,10.);
#842=VECTOR('',#3185,10.);
#843=VECTOR('',#3188,10.);
#844=VECTOR('',#3191,10.);
#845=VECTOR('',#3192,10.);
#846=VECTOR('',#3195,10.);
#847=VECTOR('',#3200,10.);
#848=VECTOR('',#3209,10.);
#849=VECTOR('',#3212,10.);
#850=VECTOR('',#3215,10.);
#851=VECTOR('',#3218,10.);
#852=VECTOR('',#3221,10.);
#853=VECTOR('',#3222,10.);
#854=VECTOR('',#3225,10.);
#855=VECTOR('',#3228,10.);
#856=VECTOR('',#3231,10.);
#857=VECTOR('',#3234,10.);
#858=VECTOR('',#3237,10.);
#859=VECTOR('',#3240,10.);
#860=VECTOR('',#3245,10.);
#861=VECTOR('',#3246,10.);
#862=VECTOR('',#3249,10.);
#863=VECTOR('',#3252,10.);
#864=VECTOR('',#3257,10.);
#865=VECTOR('',#3260,10.);
#866=VECTOR('',#3267,2.10000000000001);
#867=VECTOR('',#3274,1.45);
#868=VECTOR('',#3281,2.10000000000001);
#869=VECTOR('',#3288,1.45);
#870=VECTOR('',#3293,10.);
#871=VECTOR('',#3294,10.);
#872=VECTOR('',#3295,10.);
#873=VECTOR('',#3296,10.);
#874=VECTOR('',#3299,10.);
#875=VECTOR('',#3300,10.);
#876=VECTOR('',#3301,10.);
#877=VECTOR('',#3304,10.);
#878=VECTOR('',#3305,10.);
#879=VECTOR('',#3306,10.);
#880=VECTOR('',#3309,10.);
#881=VECTOR('',#3310,10.);
#882=CIRCLE('',#2403,1.45);
#883=CIRCLE('',#2404,1.45);
#884=CIRCLE('',#2406,1.45);
#885=CIRCLE('',#2407,1.45);
#886=CIRCLE('',#2409,1.45);
#887=CIRCLE('',#2410,1.45);
#888=CIRCLE('',#2412,1.45);
#889=CIRCLE('',#2413,1.45);
#890=CIRCLE('',#2415,1.45);
#891=CIRCLE('',#2416,1.45);
#892=CIRCLE('',#2419,1.45);
#893=CIRCLE('',#2420,1.45);
#894=CIRCLE('',#2422,1.45);
#895=CIRCLE('',#2423,1.45);
#896=CIRCLE('',#2426,2.10000000000001);
#897=CIRCLE('',#2427,2.10000000000001);
#898=CIRCLE('',#2429,2.09999999999999);
#899=CIRCLE('',#2430,2.09999999999999);
#900=CIRCLE('',#2439,45.5308548620226);
#901=CIRCLE('',#2440,6.35);
#902=CIRCLE('',#2441,19.05);
#903=CIRCLE('',#2442,6.34999999999997);
#904=CIRCLE('',#2443,8.7625);
#905=CIRCLE('',#2444,15.112500001);
#906=CIRCLE('',#2445,2.99999999999999);
#907=CIRCLE('',#2446,2.99999999999999);
#908=CIRCLE('',#2447,2.99999999999999);
#909=CIRCLE('',#2448,2.99999999999999);
#910=CIRCLE('',#2449,3.79999999999999);
#911=CIRCLE('',#2450,3.79999999999999);
#912=CIRCLE('',#2451,3.80000000000001);
#913=CIRCLE('',#2452,3.79999999999999);
#914=CIRCLE('',#2453,19.05);
#915=CIRCLE('',#2454,1.);
#916=CIRCLE('',#2455,1.);
#917=CIRCLE('',#2456,1.);
#918=CIRCLE('',#2457,1.);
#919=CIRCLE('',#2458,1.);
#920=CIRCLE('',#2459,1.);
#921=CIRCLE('',#2460,1.);
#922=CIRCLE('',#2461,1.);
#923=CIRCLE('',#2462,1.);
#924=CIRCLE('',#2463,13.625);
#925=CIRCLE('',#2464,1.);
#926=CIRCLE('',#2465,1.);
#927=CIRCLE('',#2466,7.61999999999997);
#928=CIRCLE('',#2467,7.61999999999997);
#929=CIRCLE('',#2468,2.99999999999999);
#930=CIRCLE('',#2469,2.99999999999999);
#931=CIRCLE('',#2472,6.34999999999997);
#932=CIRCLE('',#2473,19.05);
#933=CIRCLE('',#2474,6.35);
#934=CIRCLE('',#2475,45.5308548620226);
#935=CIRCLE('',#2476,19.05);
#936=CIRCLE('',#2477,4.7625);
#937=CIRCLE('',#2478,1.);
#938=CIRCLE('',#2479,1.);
#939=CIRCLE('',#2480,1.);
#940=CIRCLE('',#2481,1.);
#941=CIRCLE('',#2482,1.);
#942=CIRCLE('',#2483,1.);
#943=CIRCLE('',#2484,1.);
#944=CIRCLE('',#2485,1.);
#945=CIRCLE('',#2486,1.);
#946=CIRCLE('',#2487,13.625);
#947=CIRCLE('',#2488,1.);
#948=CIRCLE('',#2489,1.);
#949=CIRCLE('',#2490,12.);
#950=CIRCLE('',#2491,2.0828);
#951=CIRCLE('',#2492,2.0828);
#952=CIRCLE('',#2493,2.0828);
#953=CIRCLE('',#2495,1.45);
#954=CIRCLE('',#2496,1.45);
#955=CIRCLE('',#2497,1.45);
#956=CIRCLE('',#2499,1.45);
#957=CIRCLE('',#2503,7.61999999999997);
#958=CIRCLE('',#2505,1.45);
#959=CIRCLE('',#2506,1.45);
#960=CIRCLE('',#2509,1.45);
#961=CIRCLE('',#2510,1.45);
#962=CIRCLE('',#2513,2.99999999999999);
#963=CIRCLE('',#2516,2.99999999999999);
#964=CIRCLE('',#2518,7.61999999999997);
#965=CIRCLE('',#2522,2.0828);
#966=CIRCLE('',#2524,2.0828);
#967=CIRCLE('',#2526,2.0828);
#968=CIRCLE('',#2528,8.7625);
#969=CIRCLE('',#2531,15.112500001);
#970=CIRCLE('',#2534,4.7625);
#971=CIRCLE('',#2536,12.);
#972=CIRCLE('',#2538,2.99999999999999);
#973=CIRCLE('',#2541,2.99999999999999);
#974=CIRCLE('',#2544,2.99999999999999);
#975=CIRCLE('',#2547,2.99999999999999);
#976=CIRCLE('',#2594,3.79999999999999);
#977=CIRCLE('',#2595,3.79999999999999);
#978=CIRCLE('',#2596,3.80000000000001);
#979=CIRCLE('',#2597,3.79999999999999);
#980=CIRCLE('',#2614,2.10000000000001);
#981=CIRCLE('',#2615,2.10000000000001);
#982=CIRCLE('',#2617,1.45);
#983=CIRCLE('',#2618,1.45);
#984=CIRCLE('',#2620,2.10000000000001);
#985=CIRCLE('',#2621,2.10000000000001);
#986=CIRCLE('',#2623,1.45);
#987=CIRCLE('',#2624,1.45);
#988=VERTEX_POINT('',#3317);
#989=VERTEX_POINT('',#3319);
#990=VERTEX_POINT('',#3323);
#991=VERTEX_POINT('',#3325);
#992=VERTEX_POINT('',#3329);
#993=VERTEX_POINT('',#3331);
#994=VERTEX_POINT('',#3335);
#995=VERTEX_POINT('',#3337);
#996=VERTEX_POINT('',#3341);
#997=VERTEX_POINT('',#3343);
#998=VERTEX_POINT('',#3348);
#999=VERTEX_POINT('',#3350);
#1000=VERTEX_POINT('',#3354);
#1001=VERTEX_POINT('',#3356);
#1002=VERTEX_POINT('',#3361);
#1003=VERTEX_POINT('',#3363);
#1004=VERTEX_POINT('',#3367);
#1005=VERTEX_POINT('',#3369);
#1006=VERTEX_POINT('',#3373);
#1007=VERTEX_POINT('',#3374);
#1008=VERTEX_POINT('',#3376);
#1009=VERTEX_POINT('',#3378);
#1010=VERTEX_POINT('',#3382);
#1011=VERTEX_POINT('',#3384);
#1012=VERTEX_POINT('',#3386);
#1013=VERTEX_POINT('',#3390);
#1014=VERTEX_POINT('',#3392);
#1015=VERTEX_POINT('',#3396);
#1016=VERTEX_POINT('',#3404);
#1017=VERTEX_POINT('',#3406);
#1018=VERTEX_POINT('',#3408);
#1019=VERTEX_POINT('',#3410);
#1020=VERTEX_POINT('',#3414);
#1021=VERTEX_POINT('',#3416);
#1022=VERTEX_POINT('',#3418);
#1023=VERTEX_POINT('',#3420);
#1024=VERTEX_POINT('',#3422);
#1025=VERTEX_POINT('',#3424);
#1026=VERTEX_POINT('',#3426);
#1027=VERTEX_POINT('',#3428);
#1028=VERTEX_POINT('',#3430);
#1029=VERTEX_POINT('',#3432);
#1030=VERTEX_POINT('',#3434);
#1031=VERTEX_POINT('',#3436);
#1032=VERTEX_POINT('',#3438);
#1033=VERTEX_POINT('',#3440);
#1034=VERTEX_POINT('',#3442);
#1035=VERTEX_POINT('',#3444);
#1036=VERTEX_POINT('',#3446);
#1037=VERTEX_POINT('',#3448);
#1038=VERTEX_POINT('',#3450);
#1039=VERTEX_POINT('',#3452);
#1040=VERTEX_POINT('',#3454);
#1041=VERTEX_POINT('',#3456);
#1042=VERTEX_POINT('',#3459);
#1043=VERTEX_POINT('',#3460);
#1044=VERTEX_POINT('',#3462);
#1045=VERTEX_POINT('',#3464);
#1046=VERTEX_POINT('',#3467);
#1047=VERTEX_POINT('',#3468);
#1048=VERTEX_POINT('',#3470);
#1049=VERTEX_POINT('',#3472);
#1050=VERTEX_POINT('',#3474);
#1051=VERTEX_POINT('',#3476);
#1052=VERTEX_POINT('',#3478);
#1053=VERTEX_POINT('',#3480);
#1054=VERTEX_POINT('',#3483);
#1055=VERTEX_POINT('',#3484);
#1056=VERTEX_POINT('',#3486);
#1057=VERTEX_POINT('',#3488);
#1058=VERTEX_POINT('',#3490);
#1059=VERTEX_POINT('',#3492);
#1060=VERTEX_POINT('',#3494);
#1061=VERTEX_POINT('',#3496);
#1062=VERTEX_POINT('',#3499);
#1063=VERTEX_POINT('',#3500);
#1064=VERTEX_POINT('',#3502);
#1065=VERTEX_POINT('',#3504);
#1066=VERTEX_POINT('',#3507);
#1067=VERTEX_POINT('',#3508);
#1068=VERTEX_POINT('',#3510);
#1069=VERTEX_POINT('',#3512);
#1070=VERTEX_POINT('',#3514);
#1071=VERTEX_POINT('',#3516);
#1072=VERTEX_POINT('',#3519);
#1073=VERTEX_POINT('',#3520);
#1074=VERTEX_POINT('',#3522);
#1075=VERTEX_POINT('',#3524);
#1076=VERTEX_POINT('',#3526);
#1077=VERTEX_POINT('',#3528);
#1078=VERTEX_POINT('',#3530);
#1079=VERTEX_POINT('',#3532);
#1080=VERTEX_POINT('',#3535);
#1081=VERTEX_POINT('',#3536);
#1082=VERTEX_POINT('',#3538);
#1083=VERTEX_POINT('',#3540);
#1084=VERTEX_POINT('',#3542);
#1085=VERTEX_POINT('',#3544);
#1086=VERTEX_POINT('',#3546);
#1087=VERTEX_POINT('',#3548);
#1088=VERTEX_POINT('',#3551);
#1089=VERTEX_POINT('',#3552);
#1090=VERTEX_POINT('',#3554);
#1091=VERTEX_POINT('',#3556);
#1092=VERTEX_POINT('',#3558);
#1093=VERTEX_POINT('',#3560);
#1094=VERTEX_POINT('',#3562);
#1095=VERTEX_POINT('',#3564);
#1096=VERTEX_POINT('',#3568);
#1097=VERTEX_POINT('',#3572);
#1098=VERTEX_POINT('',#3574);
#1099=VERTEX_POINT('',#3576);
#1100=VERTEX_POINT('',#3578);
#1101=VERTEX_POINT('',#3580);
#1102=VERTEX_POINT('',#3582);
#1103=VERTEX_POINT('',#3584);
#1104=VERTEX_POINT('',#3586);
#1105=VERTEX_POINT('',#3588);
#1106=VERTEX_POINT('',#3590);
#1107=VERTEX_POINT('',#3592);
#1108=VERTEX_POINT('',#3594);
#1109=VERTEX_POINT('',#3596);
#1110=VERTEX_POINT('',#3598);
#1111=VERTEX_POINT('',#3600);
#1112=VERTEX_POINT('',#3602);
#1113=VERTEX_POINT('',#3604);
#1114=VERTEX_POINT('',#3606);
#1115=VERTEX_POINT('',#3608);
#1116=VERTEX_POINT('',#3610);
#1117=VERTEX_POINT('',#3612);
#1118=VERTEX_POINT('',#3615);
#1119=VERTEX_POINT('',#3616);
#1120=VERTEX_POINT('',#3618);
#1121=VERTEX_POINT('',#3620);
#1122=VERTEX_POINT('',#3623);
#1123=VERTEX_POINT('',#3625);
#1124=VERTEX_POINT('',#3626);
#1125=VERTEX_POINT('',#3628);
#1126=VERTEX_POINT('',#3630);
#1127=VERTEX_POINT('',#3632);
#1128=VERTEX_POINT('',#3634);
#1129=VERTEX_POINT('',#3637);
#1130=VERTEX_POINT('',#3638);
#1131=VERTEX_POINT('',#3640);
#1132=VERTEX_POINT('',#3642);
#1133=VERTEX_POINT('',#3644);
#1134=VERTEX_POINT('',#3646);
#1135=VERTEX_POINT('',#3648);
#1136=VERTEX_POINT('',#3650);
#1137=VERTEX_POINT('',#3653);
#1138=VERTEX_POINT('',#3654);
#1139=VERTEX_POINT('',#3656);
#1140=VERTEX_POINT('',#3658);
#1141=VERTEX_POINT('',#3660);
#1142=VERTEX_POINT('',#3662);
#1143=VERTEX_POINT('',#3664);
#1144=VERTEX_POINT('',#3666);
#1145=VERTEX_POINT('',#3669);
#1146=VERTEX_POINT('',#3671);
#1147=VERTEX_POINT('',#3673);
#1148=VERTEX_POINT('',#3675);
#1149=VERTEX_POINT('',#3678);
#1150=VERTEX_POINT('',#3680);
#1151=VERTEX_POINT('',#3682);
#1152=VERTEX_POINT('',#3684);
#1153=VERTEX_POINT('',#3701);
#1154=VERTEX_POINT('',#3703);
#1155=VERTEX_POINT('',#3705);
#1156=VERTEX_POINT('',#3710);
#1157=VERTEX_POINT('',#3739);
#1158=VERTEX_POINT('',#3741);
#1159=VERTEX_POINT('',#3745);
#1160=VERTEX_POINT('',#3747);
#1161=VERTEX_POINT('',#3752);
#1162=VERTEX_POINT('',#3754);
#1163=VERTEX_POINT('',#3759);
#1164=VERTEX_POINT('',#3760);
#1165=VERTEX_POINT('',#3765);
#1166=VERTEX_POINT('',#3769);
#1167=VERTEX_POINT('',#3773);
#1168=VERTEX_POINT('',#3775);
#1169=VERTEX_POINT('',#3783);
#1170=VERTEX_POINT('',#3787);
#1171=VERTEX_POINT('',#3791);
#1172=VERTEX_POINT('',#3795);
#1173=VERTEX_POINT('',#3797);
#1174=VERTEX_POINT('',#3801);
#1175=VERTEX_POINT('',#3805);
#1176=VERTEX_POINT('',#3811);
#1177=VERTEX_POINT('',#3814);
#1178=VERTEX_POINT('',#3818);
#1179=VERTEX_POINT('',#3819);
#1180=VERTEX_POINT('',#3824);
#1181=VERTEX_POINT('',#3828);
#1182=VERTEX_POINT('',#3829);
#1183=VERTEX_POINT('',#3836);
#1184=VERTEX_POINT('',#3840);
#1185=VERTEX_POINT('',#3844);
#1186=VERTEX_POINT('',#3935);
#1187=VERTEX_POINT('',#3936);
#1188=VERTEX_POINT('',#3938);
#1189=VERTEX_POINT('',#3940);
#1190=VERTEX_POINT('',#3942);
#1191=VERTEX_POINT('',#3944);
#1192=VERTEX_POINT('',#3946);
#1193=VERTEX_POINT('',#3948);
#1194=VERTEX_POINT('',#3981);
#1195=VERTEX_POINT('',#3983);
#1196=VERTEX_POINT('',#3987);
#1197=VERTEX_POINT('',#3989);
#1198=VERTEX_POINT('',#3993);
#1199=VERTEX_POINT('',#3995);
#1200=VERTEX_POINT('',#3999);
#1201=VERTEX_POINT('',#4001);
#1202=VERTEX_POINT('',#4005);
#1203=VERTEX_POINT('',#4006);
#1204=VERTEX_POINT('',#4008);
#1205=VERTEX_POINT('',#4010);
#1206=VERTEX_POINT('',#4014);
#1207=VERTEX_POINT('',#4016);
#1208=VERTEX_POINT('',#4020);
#1209=VERTEX_POINT('',#4022);
#1210=EDGE_CURVE('',#988,#988,#882,.T.);
#1211=EDGE_CURVE('',#988,#989,#434,.T.);
#1212=EDGE_CURVE('',#989,#989,#883,.T.);
#1213=EDGE_CURVE('',#990,#990,#884,.T.);
#1214=EDGE_CURVE('',#990,#991,#435,.T.);
#1215=EDGE_CURVE('',#991,#991,#885,.T.);
#1216=EDGE_CURVE('',#992,#992,#886,.T.);
#1217=EDGE_CURVE('',#992,#993,#436,.T.);
#1218=EDGE_CURVE('',#993,#993,#887,.T.);
#1219=EDGE_CURVE('',#994,#994,#888,.T.);
#1220=EDGE_CURVE('',#994,#995,#437,.T.);
#1221=EDGE_CURVE('',#995,#995,#889,.T.);
#1222=EDGE_CURVE('',#996,#996,#890,.T.);
#1223=EDGE_CURVE('',#996,#997,#438,.T.);
#1224=EDGE_CURVE('',#997,#997,#891,.T.);
#1225=EDGE_CURVE('',#998,#998,#892,.T.);
#1226=EDGE_CURVE('',#998,#999,#439,.T.);
#1227=EDGE_CURVE('',#999,#999,#893,.T.);
#1228=EDGE_CURVE('',#1000,#1000,#894,.T.);
#1229=EDGE_CURVE('',#1000,#1001,#440,.T.);
#1230=EDGE_CURVE('',#1001,#1001,#895,.T.);
#1231=EDGE_CURVE('',#1002,#1002,#896,.T.);
#1232=EDGE_CURVE('',#1002,#1003,#441,.T.);
#1233=EDGE_CURVE('',#1003,#1003,#897,.T.);
#1234=EDGE_CURVE('',#1004,#1004,#898,.T.);
#1235=EDGE_CURVE('',#1004,#1005,#442,.T.);
#1236=EDGE_CURVE('',#1005,#1005,#899,.T.);
#1237=EDGE_CURVE('',#1006,#1007,#443,.T.);
#1238=EDGE_CURVE('',#1006,#1008,#444,.T.);
#1239=EDGE_CURVE('',#1009,#1008,#445,.T.);
#1240=EDGE_CURVE('',#1007,#1009,#446,.T.);
#1241=EDGE_CURVE('',#1007,#1010,#447,.T.);
#1242=EDGE_CURVE('',#1011,#1009,#448,.T.);
#1243=EDGE_CURVE('',#1012,#1011,#449,.T.);
#1244=EDGE_CURVE('',#1010,#1012,#450,.T.);
#1245=EDGE_CURVE('',#1012,#1013,#451,.T.);
#1246=EDGE_CURVE('',#1014,#1011,#452,.T.);
#1247=EDGE_CURVE('',#1013,#1014,#453,.T.);
#1248=EDGE_CURVE('',#1013,#1015,#454,.T.);
#1249=EDGE_CURVE('',#1008,#1014,#455,.T.);
#1250=EDGE_CURVE('',#1015,#1006,#456,.T.);
#1251=EDGE_CURVE('',#1010,#1015,#457,.T.);
#1252=EDGE_CURVE('',#1016,#1010,#458,.T.);
#1253=EDGE_CURVE('',#1017,#1016,#459,.T.);
#1254=EDGE_CURVE('',#1018,#1017,#460,.T.);
#1255=EDGE_CURVE('',#1019,#1018,#461,.T.);
#1256=EDGE_CURVE('',#1015,#1019,#462,.T.);
#1257=EDGE_CURVE('',#1020,#1019,#463,.T.);
#1258=EDGE_CURVE('',#1020,#1021,#464,.T.);
#1259=EDGE_CURVE('',#1021,#1022,#465,.T.);
#1260=EDGE_CURVE('',#1022,#1023,#466,.T.);
#1261=EDGE_CURVE('',#1023,#1024,#467,.T.);
#1262=EDGE_CURVE('',#1024,#1025,#468,.T.);
#1263=EDGE_CURVE('',#1026,#1025,#469,.T.);
#1264=EDGE_CURVE('',#1027,#1026,#900,.T.);
#1265=EDGE_CURVE('',#1028,#1027,#901,.T.);
#1266=EDGE_CURVE('',#1029,#1028,#902,.T.);
#1267=EDGE_CURVE('',#1030,#1029,#470,.T.);
#1268=EDGE_CURVE('',#1031,#1030,#903,.T.);
#1269=EDGE_CURVE('',#1031,#1032,#471,.T.);
#1270=EDGE_CURVE('',#1033,#1032,#472,.T.);
#1271=EDGE_CURVE('',#1033,#1034,#473,.T.);
#1272=EDGE_CURVE('',#1034,#1035,#474,.T.);
#1273=EDGE_CURVE('',#1035,#1036,#475,.T.);
#1274=EDGE_CURVE('',#1036,#1037,#476,.T.);
#1275=EDGE_CURVE('',#1037,#1038,#477,.T.);
#1276=EDGE_CURVE('',#1038,#1039,#478,.T.);
#1277=EDGE_CURVE('',#1039,#1040,#479,.T.);
#1278=EDGE_CURVE('',#1040,#1041,#480,.T.);
#1279=EDGE_CURVE('',#1016,#1041,#481,.T.);
#1280=EDGE_CURVE('',#1042,#1043,#904,.T.);
#1281=EDGE_CURVE('',#1043,#1044,#482,.T.);
#1282=EDGE_CURVE('',#1044,#1045,#905,.T.);
#1283=EDGE_CURVE('',#1045,#1042,#483,.T.);
#1284=EDGE_CURVE('',#1046,#1047,#484,.T.);
#1285=EDGE_CURVE('',#1048,#1047,#906,.T.);
#1286=EDGE_CURVE('',#1048,#1049,#485,.T.);
#1287=EDGE_CURVE('',#1050,#1049,#907,.T.);
#1288=EDGE_CURVE('',#1050,#1051,#486,.T.);
#1289=EDGE_CURVE('',#1052,#1051,#908,.T.);
#1290=EDGE_CURVE('',#1052,#1053,#487,.T.);
#1291=EDGE_CURVE('',#1046,#1053,#909,.T.);
#1292=EDGE_CURVE('',#1054,#1055,#488,.T.);
#1293=EDGE_CURVE('',#1055,#1056,#910,.T.);
#1294=EDGE_CURVE('',#1056,#1057,#489,.T.);
#1295=EDGE_CURVE('',#1057,#1058,#911,.T.);
#1296=EDGE_CURVE('',#1058,#1059,#490,.T.);
#1297=EDGE_CURVE('',#1059,#1060,#912,.T.);
#1298=EDGE_CURVE('',#1060,#1061,#491,.T.);
#1299=EDGE_CURVE('',#1061,#1054,#913,.T.);
#1300=EDGE_CURVE('',#1062,#1063,#492,.T.);
#1301=EDGE_CURVE('',#1064,#1062,#493,.T.);
#1302=EDGE_CURVE('',#1065,#1064,#914,.T.);
#1303=EDGE_CURVE('',#1063,#1065,#494,.T.);
#1304=EDGE_CURVE('',#1066,#1067,#495,.T.);
#1305=EDGE_CURVE('',#1068,#1067,#915,.T.);
#1306=EDGE_CURVE('',#1068,#1069,#496,.T.);
#1307=EDGE_CURVE('',#1070,#1069,#916,.T.);
#1308=EDGE_CURVE('',#1070,#1071,#497,.T.);
#1309=EDGE_CURVE('',#1066,#1071,#917,.T.);
#1310=EDGE_CURVE('',#1072,#1073,#498,.T.);
#1311=EDGE_CURVE('',#1074,#1073,#918,.T.);
#1312=EDGE_CURVE('',#1074,#1075,#499,.T.);
#1313=EDGE_CURVE('',#1076,#1075,#919,.T.);
#1314=EDGE_CURVE('',#1076,#1077,#500,.T.);
#1315=EDGE_CURVE('',#1078,#1077,#920,.T.);
#1316=EDGE_CURVE('',#1078,#1079,#501,.T.);
#1317=EDGE_CURVE('',#1072,#1079,#921,.T.);
#1318=EDGE_CURVE('',#1080,#1081,#502,.T.);
#1319=EDGE_CURVE('',#1082,#1081,#922,.T.);
#1320=EDGE_CURVE('',#1082,#1083,#503,.T.);
#1321=EDGE_CURVE('',#1084,#1083,#923,.T.);
#1322=EDGE_CURVE('',#1084,#1085,#924,.T.);
#1323=EDGE_CURVE('',#1086,#1085,#925,.T.);
#1324=EDGE_CURVE('',#1086,#1087,#504,.T.);
#1325=EDGE_CURVE('',#1080,#1087,#926,.T.);
#1326=EDGE_CURVE('',#1088,#1089,#505,.T.);
#1327=EDGE_CURVE('',#1089,#1090,#927,.T.);
#1328=EDGE_CURVE('',#1090,#1091,#506,.T.);
#1329=EDGE_CURVE('',#1091,#1092,#928,.T.);
#1330=EDGE_CURVE('',#1092,#1093,#507,.T.);
#1331=EDGE_CURVE('',#1094,#1093,#929,.T.);
#1332=EDGE_CURVE('',#1095,#1094,#508,.T.);
#1333=EDGE_CURVE('',#1088,#1095,#930,.T.);
#1334=EDGE_CURVE('',#1096,#1018,#509,.T.);
#1335=EDGE_CURVE('',#1096,#1020,#510,.T.);
#1336=EDGE_CURVE('',#1017,#1097,#511,.T.);
#1337=EDGE_CURVE('',#1097,#1098,#512,.T.);
#1338=EDGE_CURVE('',#1098,#1099,#513,.T.);
#1339=EDGE_CURVE('',#1099,#1100,#514,.T.);
#1340=EDGE_CURVE('',#1100,#1101,#515,.T.);
#1341=EDGE_CURVE('',#1101,#1102,#516,.T.);
#1342=EDGE_CURVE('',#1102,#1103,#517,.T.);
#1343=EDGE_CURVE('',#1103,#1104,#518,.T.);
#1344=EDGE_CURVE('',#1104,#1105,#519,.T.);
#1345=EDGE_CURVE('',#1105,#1106,#520,.T.);
#1346=EDGE_CURVE('',#1106,#1107,#521,.T.);
#1347=EDGE_CURVE('',#1107,#1108,#931,.T.);
#1348=EDGE_CURVE('',#1108,#1109,#522,.T.);
#1349=EDGE_CURVE('',#1109,#1110,#932,.T.);
#1350=EDGE_CURVE('',#1111,#1110,#933,.T.);
#1351=EDGE_CURVE('',#1111,#1112,#934,.T.);
#1352=EDGE_CURVE('',#1112,#1113,#523,.T.);
#1353=EDGE_CURVE('',#1113,#1114,#524,.T.);
#1354=EDGE_CURVE('',#1114,#1115,#525,.T.);
#1355=EDGE_CURVE('',#1115,#1116,#526,.T.);
#1356=EDGE_CURVE('',#1116,#1117,#527,.T.);
#1357=EDGE_CURVE('',#1117,#1096,#528,.T.);
#1358=EDGE_CURVE('',#1118,#1119,#529,.T.);
#1359=EDGE_CURVE('',#1119,#1120,#530,.T.);
#1360=EDGE_CURVE('',#1120,#1121,#935,.T.);
#1361=EDGE_CURVE('',#1121,#1118,#531,.T.);
#1362=EDGE_CURVE('',#1122,#1122,#936,.T.);
#1363=EDGE_CURVE('',#1123,#1124,#532,.T.);
#1364=EDGE_CURVE('',#1125,#1124,#937,.T.);
#1365=EDGE_CURVE('',#1125,#1126,#533,.T.);
#1366=EDGE_CURVE('',#1127,#1126,#938,.T.);
#1367=EDGE_CURVE('',#1127,#1128,#534,.T.);
#1368=EDGE_CURVE('',#1123,#1128,#939,.T.);
#1369=EDGE_CURVE('',#1129,#1130,#535,.T.);
#1370=EDGE_CURVE('',#1131,#1130,#940,.T.);
#1371=EDGE_CURVE('',#1131,#1132,#536,.T.);
#1372=EDGE_CURVE('',#1133,#1132,#941,.T.);
#1373=EDGE_CURVE('',#1133,#1134,#537,.T.);
#1374=EDGE_CURVE('',#1135,#1134,#942,.T.);
#1375=EDGE_CURVE('',#1135,#1136,#538,.T.);
#1376=EDGE_CURVE('',#1129,#1136,#943,.T.);
#1377=EDGE_CURVE('',#1137,#1138,#539,.T.);
#1378=EDGE_CURVE('',#1139,#1138,#944,.T.);
#1379=EDGE_CURVE('',#1139,#1140,#540,.T.);
#1380=EDGE_CURVE('',#1141,#1140,#945,.T.);
#1381=EDGE_CURVE('',#1141,#1142,#946,.T.);
#1382=EDGE_CURVE('',#1143,#1142,#947,.T.);
#1383=EDGE_CURVE('',#1143,#1144,#541,.T.);
#1384=EDGE_CURVE('',#1137,#1144,#948,.T.);
#1385=EDGE_CURVE('',#1145,#1145,#949,.T.);
#1386=EDGE_CURVE('',#1146,#1146,#950,.T.);
#1387=EDGE_CURVE('',#1147,#1147,#951,.T.);
#1388=EDGE_CURVE('',#1148,#1148,#952,.T.);
#1389=EDGE_CURVE('',#1149,#1149,#953,.T.);
#1390=EDGE_CURVE('',#1149,#1150,#542,.T.);
#1391=EDGE_CURVE('',#1151,#1150,#954,.T.);
#1392=EDGE_CURVE('',#1152,#1151,#18,.T.);
#1393=EDGE_CURVE('',#1150,#1152,#955,.T.);
#1394=EDGE_CURVE('',#1153,#1153,#956,.T.);
#1395=EDGE_CURVE('',#1153,#1154,#543,.T.);
#1396=EDGE_CURVE('',#1155,#1154,#19,.T.);
#1397=EDGE_CURVE('',#1156,#1155,#17,.T.);
#1398=EDGE_CURVE('',#1154,#1156,#20,.T.);
#1399=EDGE_CURVE('',#1126,#1152,#544,.T.);
#1400=EDGE_CURVE('',#1071,#1125,#545,.T.);
#1401=EDGE_CURVE('',#1151,#1070,#546,.T.);
#1402=EDGE_CURVE('',#1090,#1156,#547,.T.);
#1403=EDGE_CURVE('',#1089,#1157,#548,.T.);
#1404=EDGE_CURVE('',#1157,#1158,#957,.T.);
#1405=EDGE_CURVE('',#1155,#1158,#549,.T.);
#1406=EDGE_CURVE('',#1159,#1159,#958,.T.);
#1407=EDGE_CURVE('',#1159,#1160,#550,.T.);
#1408=EDGE_CURVE('',#1160,#1160,#959,.T.);
#1409=EDGE_CURVE('',#1161,#1161,#960,.T.);
#1410=EDGE_CURVE('',#1161,#1162,#551,.T.);
#1411=EDGE_CURVE('',#1162,#1162,#961,.T.);
#1412=EDGE_CURVE('',#1163,#1164,#962,.T.);
#1413=EDGE_CURVE('',#1163,#1094,#552,.T.);
#1414=EDGE_CURVE('',#1093,#1164,#553,.T.);
#1415=EDGE_CURVE('',#1165,#1163,#554,.T.);
#1416=EDGE_CURVE('',#1095,#1165,#555,.T.);
#1417=EDGE_CURVE('',#1166,#1165,#963,.T.);
#1418=EDGE_CURVE('',#1166,#1088,#556,.T.);
#1419=EDGE_CURVE('',#1167,#1164,#557,.T.);
#1420=EDGE_CURVE('',#1168,#1167,#964,.T.);
#1421=EDGE_CURVE('',#1158,#1168,#558,.T.);
#1422=EDGE_CURVE('',#1166,#1157,#559,.T.);
#1423=EDGE_CURVE('',#1092,#1167,#560,.T.);
#1424=EDGE_CURVE('',#1169,#1169,#965,.T.);
#1425=EDGE_CURVE('',#1169,#1148,#561,.T.);
#1426=EDGE_CURVE('',#1170,#1170,#966,.T.);
#1427=EDGE_CURVE('',#1170,#1147,#562,.T.);
#1428=EDGE_CURVE('',#1171,#1171,#967,.T.);
#1429=EDGE_CURVE('',#1171,#1146,#563,.T.);
#1430=EDGE_CURVE('',#1042,#1172,#564,.T.);
#1431=EDGE_CURVE('',#1172,#1173,#968,.T.);
#1432=EDGE_CURVE('',#1043,#1173,#565,.T.);
#1433=EDGE_CURVE('',#1045,#1174,#566,.T.);
#1434=EDGE_CURVE('',#1174,#1172,#567,.T.);
#1435=EDGE_CURVE('',#1044,#1175,#568,.T.);
#1436=EDGE_CURVE('',#1175,#1174,#969,.T.);
#1437=EDGE_CURVE('',#1173,#1175,#569,.T.);
#1438=EDGE_CURVE('',#1176,#1176,#970,.T.);
#1439=EDGE_CURVE('',#1177,#1177,#971,.T.);
#1440=EDGE_CURVE('',#1177,#1145,#570,.T.);
#1441=EDGE_CURVE('',#1178,#1179,#972,.T.);
#1442=EDGE_CURVE('',#1178,#1048,#571,.T.);
#1443=EDGE_CURVE('',#1047,#1179,#572,.T.);
#1444=EDGE_CURVE('',#1180,#1046,#573,.T.);
#1445=EDGE_CURVE('',#1180,#1179,#574,.T.);
#1446=EDGE_CURVE('',#1181,#1182,#973,.T.);
#1447=EDGE_CURVE('',#1181,#1050,#575,.T.);
#1448=EDGE_CURVE('',#1049,#1182,#576,.T.);
#1449=EDGE_CURVE('',#1178,#1182,#577,.T.);
#1450=EDGE_CURVE('',#1180,#1183,#974,.T.);
#1451=EDGE_CURVE('',#1053,#1183,#578,.T.);
#1452=EDGE_CURVE('',#1184,#1052,#579,.T.);
#1453=EDGE_CURVE('',#1184,#1183,#580,.T.);
#1454=EDGE_CURVE('',#1184,#1185,#975,.T.);
#1455=EDGE_CURVE('',#1051,#1185,#581,.T.);
#1456=EDGE_CURVE('',#1181,#1185,#582,.T.);
#1457=EDGE_CURVE('',#1110,#1028,#583,.T.);
#1458=EDGE_CURVE('',#1027,#1111,#584,.T.);
#1459=EDGE_CURVE('',#1029,#1109,#585,.T.);
#1460=EDGE_CURVE('',#1026,#1112,#586,.T.);
#1461=EDGE_CURVE('',#1025,#1113,#587,.T.);
#1462=EDGE_CURVE('',#1091,#1168,#588,.T.);
#1463=EDGE_CURVE('',#1069,#1127,#589,.T.);
#1464=EDGE_CURVE('',#1128,#1068,#590,.T.);
#1465=EDGE_CURVE('',#1067,#1123,#591,.T.);
#1466=EDGE_CURVE('',#1124,#1066,#592,.T.);
#1467=EDGE_CURVE('',#1075,#1135,#593,.T.);
#1468=EDGE_CURVE('',#1134,#1076,#594,.T.);
#1469=EDGE_CURVE('',#1136,#1074,#595,.T.);
#1470=EDGE_CURVE('',#1077,#1133,#596,.T.);
#1471=EDGE_CURVE('',#1132,#1078,#597,.T.);
#1472=EDGE_CURVE('',#1073,#1129,#598,.T.);
#1473=EDGE_CURVE('',#1130,#1072,#599,.T.);
#1474=EDGE_CURVE('',#1081,#1137,#600,.T.);
#1475=EDGE_CURVE('',#1144,#1082,#601,.T.);
#1476=EDGE_CURVE('',#1138,#1080,#602,.T.);
#1477=EDGE_CURVE('',#1079,#1131,#603,.T.);
#1478=EDGE_CURVE('',#1087,#1139,#604,.T.);
#1479=EDGE_CURVE('',#1140,#1086,#605,.T.);
#1480=EDGE_CURVE('',#1083,#1143,#606,.T.);
#1481=EDGE_CURVE('',#1142,#1084,#607,.T.);
#1482=EDGE_CURVE('',#1085,#1141,#608,.T.);
#1483=EDGE_CURVE('',#1122,#1176,#609,.T.);
#1484=EDGE_CURVE('',#1024,#1114,#610,.T.);
#1485=EDGE_CURVE('',#1115,#1023,#611,.T.);
#1486=EDGE_CURVE('',#1116,#1022,#612,.T.);
#1487=EDGE_CURVE('',#1104,#1034,#613,.T.);
#1488=EDGE_CURVE('',#1105,#1033,#614,.T.);
#1489=EDGE_CURVE('',#1036,#1102,#615,.T.);
#1490=EDGE_CURVE('',#1035,#1103,#616,.T.);
#1491=EDGE_CURVE('',#1032,#1106,#617,.T.);
#1492=EDGE_CURVE('',#1101,#1037,#618,.T.);
#1493=EDGE_CURVE('',#1038,#1100,#619,.T.);
#1494=EDGE_CURVE('',#1098,#1040,#620,.T.);
#1495=EDGE_CURVE('',#1041,#1097,#621,.T.);
#1496=EDGE_CURVE('',#1099,#1039,#622,.T.);
#1497=EDGE_CURVE('',#1117,#1021,#623,.T.);
#1498=EDGE_CURVE('',#1186,#1187,#976,.T.);
#1499=EDGE_CURVE('',#1188,#1186,#624,.T.);
#1500=EDGE_CURVE('',#1189,#1188,#977,.T.);
#1501=EDGE_CURVE('',#1190,#1189,#625,.T.);
#1502=EDGE_CURVE('',#1191,#1190,#978,.T.);
#1503=EDGE_CURVE('',#1192,#1191,#626,.T.);
#1504=EDGE_CURVE('',#1193,#1192,#979,.T.);
#1505=EDGE_CURVE('',#1187,#1193,#627,.T.);
#1506=EDGE_CURVE('',#1060,#1190,#628,.T.);
#1507=EDGE_CURVE('',#1059,#1191,#629,.T.);
#1508=EDGE_CURVE('',#1061,#1189,#630,.T.);
#1509=EDGE_CURVE('',#1054,#1188,#631,.T.);
#1510=EDGE_CURVE('',#1055,#1186,#632,.T.);
#1511=EDGE_CURVE('',#1058,#1192,#633,.T.);
#1512=EDGE_CURVE('',#1057,#1193,#634,.T.);
#1513=EDGE_CURVE('',#1056,#1187,#635,.T.);
#1514=EDGE_CURVE('',#1062,#1118,#636,.T.);
#1515=EDGE_CURVE('',#1064,#1121,#637,.T.);
#1516=EDGE_CURVE('',#1065,#1120,#638,.T.);
#1517=EDGE_CURVE('',#1063,#1119,#639,.T.);
#1518=EDGE_CURVE('',#1030,#1108,#640,.T.);
#1519=EDGE_CURVE('',#1031,#1107,#641,.T.);
#1520=EDGE_CURVE('',#1194,#1194,#980,.T.);
#1521=EDGE_CURVE('',#1194,#1195,#642,.T.);
#1522=EDGE_CURVE('',#1195,#1195,#981,.T.);
#1523=EDGE_CURVE('',#1196,#1196,#982,.T.);
#1524=EDGE_CURVE('',#1196,#1197,#643,.T.);
#1525=EDGE_CURVE('',#1197,#1197,#983,.T.);
#1526=EDGE_CURVE('',#1198,#1198,#984,.T.);
#1527=EDGE_CURVE('',#1198,#1199,#644,.T.);
#1528=EDGE_CURVE('',#1199,#1199,#985,.T.);
#1529=EDGE_CURVE('',#1200,#1200,#986,.T.);
#1530=EDGE_CURVE('',#1200,#1201,#645,.T.);
#1531=EDGE_CURVE('',#1201,#1201,#987,.T.);
#1532=EDGE_CURVE('',#1202,#1203,#646,.T.);
#1533=EDGE_CURVE('',#1202,#1204,#647,.T.);
#1534=EDGE_CURVE('',#1205,#1204,#648,.T.);
#1535=EDGE_CURVE('',#1203,#1205,#649,.T.);
#1536=EDGE_CURVE('',#1203,#1206,#650,.T.);
#1537=EDGE_CURVE('',#1207,#1205,#651,.T.);
#1538=EDGE_CURVE('',#1206,#1207,#652,.T.);
#1539=EDGE_CURVE('',#1206,#1208,#653,.T.);
#1540=EDGE_CURVE('',#1209,#1207,#654,.T.);
#1541=EDGE_CURVE('',#1208,#1209,#655,.T.);
#1542=EDGE_CURVE('',#1208,#1202,#656,.T.);
#1543=EDGE_CURVE('',#1204,#1209,#657,.T.);
#1544=ORIENTED_EDGE('',*,*,#1210,.F.);
#1545=ORIENTED_EDGE('',*,*,#1211,.T.);
#1546=ORIENTED_EDGE('',*,*,#1212,.F.);
#1547=ORIENTED_EDGE('',*,*,#1211,.F.);
#1548=ORIENTED_EDGE('',*,*,#1213,.F.);
#1549=ORIENTED_EDGE('',*,*,#1214,.T.);
#1550=ORIENTED_EDGE('',*,*,#1215,.F.);
#1551=ORIENTED_EDGE('',*,*,#1214,.F.);
#1552=ORIENTED_EDGE('',*,*,#1216,.F.);
#1553=ORIENTED_EDGE('',*,*,#1217,.T.);
#1554=ORIENTED_EDGE('',*,*,#1218,.F.);
#1555=ORIENTED_EDGE('',*,*,#1217,.F.);
#1556=ORIENTED_EDGE('',*,*,#1219,.F.);
#1557=ORIENTED_EDGE('',*,*,#1220,.T.);
#1558=ORIENTED_EDGE('',*,*,#1221,.T.);
#1559=ORIENTED_EDGE('',*,*,#1220,.F.);
#1560=ORIENTED_EDGE('',*,*,#1222,.F.);
#1561=ORIENTED_EDGE('',*,*,#1223,.T.);
#1562=ORIENTED_EDGE('',*,*,#1224,.F.);
#1563=ORIENTED_EDGE('',*,*,#1223,.F.);
#1564=ORIENTED_EDGE('',*,*,#1221,.F.);
#1565=ORIENTED_EDGE('',*,*,#1225,.F.);
#1566=ORIENTED_EDGE('',*,*,#1226,.T.);
#1567=ORIENTED_EDGE('',*,*,#1227,.F.);
#1568=ORIENTED_EDGE('',*,*,#1226,.F.);
#1569=ORIENTED_EDGE('',*,*,#1228,.F.);
#1570=ORIENTED_EDGE('',*,*,#1229,.T.);
#1571=ORIENTED_EDGE('',*,*,#1230,.T.);
#1572=ORIENTED_EDGE('',*,*,#1229,.F.);
#1573=ORIENTED_EDGE('',*,*,#1230,.F.);
#1574=ORIENTED_EDGE('',*,*,#1231,.F.);
#1575=ORIENTED_EDGE('',*,*,#1232,.T.);
#1576=ORIENTED_EDGE('',*,*,#1233,.F.);
#1577=ORIENTED_EDGE('',*,*,#1232,.F.);
#1578=ORIENTED_EDGE('',*,*,#1234,.F.);
#1579=ORIENTED_EDGE('',*,*,#1235,.T.);
#1580=ORIENTED_EDGE('',*,*,#1236,.F.);
#1581=ORIENTED_EDGE('',*,*,#1235,.F.);
#1582=ORIENTED_EDGE('',*,*,#1237,.F.);
#1583=ORIENTED_EDGE('',*,*,#1238,.T.);
#1584=ORIENTED_EDGE('',*,*,#1239,.F.);
#1585=ORIENTED_EDGE('',*,*,#1240,.F.);
#1586=ORIENTED_EDGE('',*,*,#1241,.F.);
#1587=ORIENTED_EDGE('',*,*,#1240,.T.);
#1588=ORIENTED_EDGE('',*,*,#1242,.F.);
#1589=ORIENTED_EDGE('',*,*,#1243,.F.);
#1590=ORIENTED_EDGE('',*,*,#1244,.F.);
#1591=ORIENTED_EDGE('',*,*,#1245,.F.);
#1592=ORIENTED_EDGE('',*,*,#1243,.T.);
#1593=ORIENTED_EDGE('',*,*,#1246,.F.);
#1594=ORIENTED_EDGE('',*,*,#1247,.F.);
#1595=ORIENTED_EDGE('',*,*,#1248,.F.);
#1596=ORIENTED_EDGE('',*,*,#1247,.T.);
#1597=ORIENTED_EDGE('',*,*,#1249,.F.);
#1598=ORIENTED_EDGE('',*,*,#1238,.F.);
#1599=ORIENTED_EDGE('',*,*,#1250,.F.);
#1600=ORIENTED_EDGE('',*,*,#1249,.T.);
#1601=ORIENTED_EDGE('',*,*,#1246,.T.);
#1602=ORIENTED_EDGE('',*,*,#1242,.T.);
#1603=ORIENTED_EDGE('',*,*,#1239,.T.);
#1604=ORIENTED_EDGE('',*,*,#1222,.T.);
#1605=ORIENTED_EDGE('',*,*,#1225,.T.);
#1606=ORIENTED_EDGE('',*,*,#1231,.T.);
#1607=ORIENTED_EDGE('',*,*,#1234,.T.);
#1608=ORIENTED_EDGE('',*,*,#1251,.F.);
#1609=ORIENTED_EDGE('',*,*,#1244,.T.);
#1610=ORIENTED_EDGE('',*,*,#1245,.T.);
#1611=ORIENTED_EDGE('',*,*,#1248,.T.);
#1612=ORIENTED_EDGE('',*,*,#1233,.T.);
#1613=ORIENTED_EDGE('',*,*,#1236,.T.);
#1614=ORIENTED_EDGE('',*,*,#1241,.T.);
#1615=ORIENTED_EDGE('',*,*,#1252,.F.);
#1616=ORIENTED_EDGE('',*,*,#1253,.F.);
#1617=ORIENTED_EDGE('',*,*,#1254,.F.);
#1618=ORIENTED_EDGE('',*,*,#1255,.F.);
#1619=ORIENTED_EDGE('',*,*,#1256,.F.);
#1620=ORIENTED_EDGE('',*,*,#1250,.T.);
#1621=ORIENTED_EDGE('',*,*,#1237,.T.);
#1622=ORIENTED_EDGE('',*,*,#1252,.T.);
#1623=ORIENTED_EDGE('',*,*,#1251,.T.);
#1624=ORIENTED_EDGE('',*,*,#1256,.T.);
#1625=ORIENTED_EDGE('',*,*,#1257,.F.);
#1626=ORIENTED_EDGE('',*,*,#1258,.T.);
#1627=ORIENTED_EDGE('',*,*,#1259,.T.);
#1628=ORIENTED_EDGE('',*,*,#1260,.T.);
#1629=ORIENTED_EDGE('',*,*,#1261,.T.);
#1630=ORIENTED_EDGE('',*,*,#1262,.T.);
#1631=ORIENTED_EDGE('',*,*,#1263,.F.);
#1632=ORIENTED_EDGE('',*,*,#1264,.F.);
#1633=ORIENTED_EDGE('',*,*,#1265,.F.);
#1634=ORIENTED_EDGE('',*,*,#1266,.F.);
#1635=ORIENTED_EDGE('',*,*,#1267,.F.);
#1636=ORIENTED_EDGE('',*,*,#1268,.F.);
#1637=ORIENTED_EDGE('',*,*,#1269,.T.);
#1638=ORIENTED_EDGE('',*,*,#1270,.F.);
#1639=ORIENTED_EDGE('',*,*,#1271,.T.);
#1640=ORIENTED_EDGE('',*,*,#1272,.T.);
#1641=ORIENTED_EDGE('',*,*,#1273,.T.);
#1642=ORIENTED_EDGE('',*,*,#1274,.T.);
#1643=ORIENTED_EDGE('',*,*,#1275,.T.);
#1644=ORIENTED_EDGE('',*,*,#1276,.T.);
#1645=ORIENTED_EDGE('',*,*,#1277,.T.);
#1646=ORIENTED_EDGE('',*,*,#1278,.T.);
#1647=ORIENTED_EDGE('',*,*,#1279,.F.);
#1648=ORIENTED_EDGE('',*,*,#1210,.T.);
#1649=ORIENTED_EDGE('',*,*,#1280,.T.);
#1650=ORIENTED_EDGE('',*,*,#1281,.T.);
#1651=ORIENTED_EDGE('',*,*,#1282,.T.);
#1652=ORIENTED_EDGE('',*,*,#1283,.T.);
#1653=ORIENTED_EDGE('',*,*,#1284,.T.);
#1654=ORIENTED_EDGE('',*,*,#1285,.F.);
#1655=ORIENTED_EDGE('',*,*,#1286,.T.);
#1656=ORIENTED_EDGE('',*,*,#1287,.F.);
#1657=ORIENTED_EDGE('',*,*,#1288,.T.);
#1658=ORIENTED_EDGE('',*,*,#1289,.F.);
#1659=ORIENTED_EDGE('',*,*,#1290,.T.);
#1660=ORIENTED_EDGE('',*,*,#1291,.F.);
#1661=ORIENTED_EDGE('',*,*,#1292,.T.);
#1662=ORIENTED_EDGE('',*,*,#1293,.T.);
#1663=ORIENTED_EDGE('',*,*,#1294,.T.);
#1664=ORIENTED_EDGE('',*,*,#1295,.T.);
#1665=ORIENTED_EDGE('',*,*,#1296,.T.);
#1666=ORIENTED_EDGE('',*,*,#1297,.T.);
#1667=ORIENTED_EDGE('',*,*,#1298,.T.);
#1668=ORIENTED_EDGE('',*,*,#1299,.T.);
#1669=ORIENTED_EDGE('',*,*,#1300,.F.);
#1670=ORIENTED_EDGE('',*,*,#1301,.F.);
#1671=ORIENTED_EDGE('',*,*,#1302,.F.);
#1672=ORIENTED_EDGE('',*,*,#1303,.F.);
#1673=ORIENTED_EDGE('',*,*,#1304,.T.);
#1674=ORIENTED_EDGE('',*,*,#1305,.F.);
#1675=ORIENTED_EDGE('',*,*,#1306,.T.);
#1676=ORIENTED_EDGE('',*,*,#1307,.F.);
#1677=ORIENTED_EDGE('',*,*,#1308,.T.);
#1678=ORIENTED_EDGE('',*,*,#1309,.F.);
#1679=ORIENTED_EDGE('',*,*,#1310,.T.);
#1680=ORIENTED_EDGE('',*,*,#1311,.F.);
#1681=ORIENTED_EDGE('',*,*,#1312,.T.);
#1682=ORIENTED_EDGE('',*,*,#1313,.F.);
#1683=ORIENTED_EDGE('',*,*,#1314,.T.);
#1684=ORIENTED_EDGE('',*,*,#1315,.F.);
#1685=ORIENTED_EDGE('',*,*,#1316,.T.);
#1686=ORIENTED_EDGE('',*,*,#1317,.F.);
#1687=ORIENTED_EDGE('',*,*,#1318,.T.);
#1688=ORIENTED_EDGE('',*,*,#1319,.F.);
#1689=ORIENTED_EDGE('',*,*,#1320,.T.);
#1690=ORIENTED_EDGE('',*,*,#1321,.F.);
#1691=ORIENTED_EDGE('',*,*,#1322,.T.);
#1692=ORIENTED_EDGE('',*,*,#1323,.F.);
#1693=ORIENTED_EDGE('',*,*,#1324,.T.);
#1694=ORIENTED_EDGE('',*,*,#1325,.F.);
#1695=ORIENTED_EDGE('',*,*,#1326,.T.);
#1696=ORIENTED_EDGE('',*,*,#1327,.T.);
#1697=ORIENTED_EDGE('',*,*,#1328,.T.);
#1698=ORIENTED_EDGE('',*,*,#1329,.T.);
#1699=ORIENTED_EDGE('',*,*,#1330,.T.);
#1700=ORIENTED_EDGE('',*,*,#1331,.F.);
#1701=ORIENTED_EDGE('',*,*,#1332,.F.);
#1702=ORIENTED_EDGE('',*,*,#1333,.F.);
#1703=ORIENTED_EDGE('',*,*,#1255,.T.);
#1704=ORIENTED_EDGE('',*,*,#1334,.F.);
#1705=ORIENTED_EDGE('',*,*,#1335,.T.);
#1706=ORIENTED_EDGE('',*,*,#1257,.T.);
#1707=ORIENTED_EDGE('',*,*,#1254,.T.);
#1708=ORIENTED_EDGE('',*,*,#1336,.T.);
#1709=ORIENTED_EDGE('',*,*,#1337,.T.);
#1710=ORIENTED_EDGE('',*,*,#1338,.T.);
#1711=ORIENTED_EDGE('',*,*,#1339,.T.);
#1712=ORIENTED_EDGE('',*,*,#1340,.T.);
#1713=ORIENTED_EDGE('',*,*,#1341,.T.);
#1714=ORIENTED_EDGE('',*,*,#1342,.T.);
#1715=ORIENTED_EDGE('',*,*,#1343,.T.);
#1716=ORIENTED_EDGE('',*,*,#1344,.T.);
#1717=ORIENTED_EDGE('',*,*,#1345,.T.);
#1718=ORIENTED_EDGE('',*,*,#1346,.T.);
#1719=ORIENTED_EDGE('',*,*,#1347,.T.);
#1720=ORIENTED_EDGE('',*,*,#1348,.T.);
#1721=ORIENTED_EDGE('',*,*,#1349,.T.);
#1722=ORIENTED_EDGE('',*,*,#1350,.F.);
#1723=ORIENTED_EDGE('',*,*,#1351,.T.);
#1724=ORIENTED_EDGE('',*,*,#1352,.T.);
#1725=ORIENTED_EDGE('',*,*,#1353,.T.);
#1726=ORIENTED_EDGE('',*,*,#1354,.T.);
#1727=ORIENTED_EDGE('',*,*,#1355,.T.);
#1728=ORIENTED_EDGE('',*,*,#1356,.T.);
#1729=ORIENTED_EDGE('',*,*,#1357,.T.);
#1730=ORIENTED_EDGE('',*,*,#1334,.T.);
#1731=ORIENTED_EDGE('',*,*,#1212,.T.);
#1732=ORIENTED_EDGE('',*,*,#1358,.T.);
#1733=ORIENTED_EDGE('',*,*,#1359,.T.);
#1734=ORIENTED_EDGE('',*,*,#1360,.T.);
#1735=ORIENTED_EDGE('',*,*,#1361,.T.);
#1736=ORIENTED_EDGE('',*,*,#1362,.T.);
#1737=ORIENTED_EDGE('',*,*,#1363,.T.);
#1738=ORIENTED_EDGE('',*,*,#1364,.F.);
#1739=ORIENTED_EDGE('',*,*,#1365,.T.);
#1740=ORIENTED_EDGE('',*,*,#1366,.F.);
#1741=ORIENTED_EDGE('',*,*,#1367,.T.);
#1742=ORIENTED_EDGE('',*,*,#1368,.F.);
#1743=ORIENTED_EDGE('',*,*,#1369,.T.);
#1744=ORIENTED_EDGE('',*,*,#1370,.F.);
#1745=ORIENTED_EDGE('',*,*,#1371,.T.);
#1746=ORIENTED_EDGE('',*,*,#1372,.F.);
#1747=ORIENTED_EDGE('',*,*,#1373,.T.);
#1748=ORIENTED_EDGE('',*,*,#1374,.F.);
#1749=ORIENTED_EDGE('',*,*,#1375,.T.);
#1750=ORIENTED_EDGE('',*,*,#1376,.F.);
#1751=ORIENTED_EDGE('',*,*,#1377,.T.);
#1752=ORIENTED_EDGE('',*,*,#1378,.F.);
#1753=ORIENTED_EDGE('',*,*,#1379,.T.);
#1754=ORIENTED_EDGE('',*,*,#1380,.F.);
#1755=ORIENTED_EDGE('',*,*,#1381,.T.);
#1756=ORIENTED_EDGE('',*,*,#1382,.F.);
#1757=ORIENTED_EDGE('',*,*,#1383,.T.);
#1758=ORIENTED_EDGE('',*,*,#1384,.F.);
#1759=ORIENTED_EDGE('',*,*,#1385,.T.);
#1760=ORIENTED_EDGE('',*,*,#1386,.T.);
#1761=ORIENTED_EDGE('',*,*,#1387,.T.);
#1762=ORIENTED_EDGE('',*,*,#1388,.T.);
#1763=ORIENTED_EDGE('',*,*,#1389,.F.);
#1764=ORIENTED_EDGE('',*,*,#1390,.T.);
#1765=ORIENTED_EDGE('',*,*,#1391,.F.);
#1766=ORIENTED_EDGE('',*,*,#1392,.F.);
#1767=ORIENTED_EDGE('',*,*,#1393,.F.);
#1768=ORIENTED_EDGE('',*,*,#1390,.F.);
#1769=ORIENTED_EDGE('',*,*,#1394,.F.);
#1770=ORIENTED_EDGE('',*,*,#1395,.T.);
#1771=ORIENTED_EDGE('',*,*,#1396,.F.);
#1772=ORIENTED_EDGE('',*,*,#1397,.F.);
#1773=ORIENTED_EDGE('',*,*,#1398,.F.);
#1774=ORIENTED_EDGE('',*,*,#1395,.F.);
#1775=ORIENTED_EDGE('',*,*,#1391,.T.);
#1776=ORIENTED_EDGE('',*,*,#1393,.T.);
#1777=ORIENTED_EDGE('',*,*,#1399,.F.);
#1778=ORIENTED_EDGE('',*,*,#1365,.F.);
#1779=ORIENTED_EDGE('',*,*,#1400,.F.);
#1780=ORIENTED_EDGE('',*,*,#1308,.F.);
#1781=ORIENTED_EDGE('',*,*,#1401,.F.);
#1782=ORIENTED_EDGE('',*,*,#1396,.T.);
#1783=ORIENTED_EDGE('',*,*,#1398,.T.);
#1784=ORIENTED_EDGE('',*,*,#1402,.F.);
#1785=ORIENTED_EDGE('',*,*,#1327,.F.);
#1786=ORIENTED_EDGE('',*,*,#1403,.T.);
#1787=ORIENTED_EDGE('',*,*,#1404,.T.);
#1788=ORIENTED_EDGE('',*,*,#1405,.F.);
#1789=ORIENTED_EDGE('',*,*,#1406,.F.);
#1790=ORIENTED_EDGE('',*,*,#1407,.T.);
#1791=ORIENTED_EDGE('',*,*,#1408,.T.);
#1792=ORIENTED_EDGE('',*,*,#1407,.F.);
#1793=ORIENTED_EDGE('',*,*,#1408,.F.);
#1794=ORIENTED_EDGE('',*,*,#1409,.F.);
#1795=ORIENTED_EDGE('',*,*,#1410,.T.);
#1796=ORIENTED_EDGE('',*,*,#1411,.T.);
#1797=ORIENTED_EDGE('',*,*,#1410,.F.);
#1798=ORIENTED_EDGE('',*,*,#1411,.F.);
#1799=ORIENTED_EDGE('',*,*,#1412,.F.);
#1800=ORIENTED_EDGE('',*,*,#1413,.T.);
#1801=ORIENTED_EDGE('',*,*,#1331,.T.);
#1802=ORIENTED_EDGE('',*,*,#1414,.T.);
#1803=ORIENTED_EDGE('',*,*,#1413,.F.);
#1804=ORIENTED_EDGE('',*,*,#1415,.F.);
#1805=ORIENTED_EDGE('',*,*,#1416,.F.);
#1806=ORIENTED_EDGE('',*,*,#1332,.T.);
#1807=ORIENTED_EDGE('',*,*,#1215,.T.);
#1808=ORIENTED_EDGE('',*,*,#1218,.T.);
#1809=ORIENTED_EDGE('',*,*,#1417,.F.);
#1810=ORIENTED_EDGE('',*,*,#1418,.T.);
#1811=ORIENTED_EDGE('',*,*,#1333,.T.);
#1812=ORIENTED_EDGE('',*,*,#1416,.T.);
#1813=ORIENTED_EDGE('',*,*,#1412,.T.);
#1814=ORIENTED_EDGE('',*,*,#1419,.F.);
#1815=ORIENTED_EDGE('',*,*,#1420,.F.);
#1816=ORIENTED_EDGE('',*,*,#1421,.F.);
#1817=ORIENTED_EDGE('',*,*,#1404,.F.);
#1818=ORIENTED_EDGE('',*,*,#1422,.F.);
#1819=ORIENTED_EDGE('',*,*,#1417,.T.);
#1820=ORIENTED_EDGE('',*,*,#1415,.T.);
#1821=ORIENTED_EDGE('',*,*,#1414,.F.);
#1822=ORIENTED_EDGE('',*,*,#1330,.F.);
#1823=ORIENTED_EDGE('',*,*,#1423,.T.);
#1824=ORIENTED_EDGE('',*,*,#1419,.T.);
#1825=ORIENTED_EDGE('',*,*,#1418,.F.);
#1826=ORIENTED_EDGE('',*,*,#1422,.T.);
#1827=ORIENTED_EDGE('',*,*,#1403,.F.);
#1828=ORIENTED_EDGE('',*,*,#1326,.F.);
#1829=ORIENTED_EDGE('',*,*,#1424,.T.);
#1830=ORIENTED_EDGE('',*,*,#1425,.T.);
#1831=ORIENTED_EDGE('',*,*,#1388,.F.);
#1832=ORIENTED_EDGE('',*,*,#1425,.F.);
#1833=ORIENTED_EDGE('',*,*,#1426,.T.);
#1834=ORIENTED_EDGE('',*,*,#1427,.T.);
#1835=ORIENTED_EDGE('',*,*,#1387,.F.);
#1836=ORIENTED_EDGE('',*,*,#1427,.F.);
#1837=ORIENTED_EDGE('',*,*,#1428,.T.);
#1838=ORIENTED_EDGE('',*,*,#1429,.T.);
#1839=ORIENTED_EDGE('',*,*,#1386,.F.);
#1840=ORIENTED_EDGE('',*,*,#1429,.F.);
#1841=ORIENTED_EDGE('',*,*,#1280,.F.);
#1842=ORIENTED_EDGE('',*,*,#1430,.T.);
#1843=ORIENTED_EDGE('',*,*,#1431,.T.);
#1844=ORIENTED_EDGE('',*,*,#1432,.F.);
#1845=ORIENTED_EDGE('',*,*,#1283,.F.);
#1846=ORIENTED_EDGE('',*,*,#1433,.T.);
#1847=ORIENTED_EDGE('',*,*,#1434,.T.);
#1848=ORIENTED_EDGE('',*,*,#1430,.F.);
#1849=ORIENTED_EDGE('',*,*,#1282,.F.);
#1850=ORIENTED_EDGE('',*,*,#1435,.T.);
#1851=ORIENTED_EDGE('',*,*,#1436,.T.);
#1852=ORIENTED_EDGE('',*,*,#1433,.F.);
#1853=ORIENTED_EDGE('',*,*,#1281,.F.);
#1854=ORIENTED_EDGE('',*,*,#1432,.T.);
#1855=ORIENTED_EDGE('',*,*,#1437,.T.);
#1856=ORIENTED_EDGE('',*,*,#1435,.F.);
#1857=ORIENTED_EDGE('',*,*,#1437,.F.);
#1858=ORIENTED_EDGE('',*,*,#1431,.F.);
#1859=ORIENTED_EDGE('',*,*,#1434,.F.);
#1860=ORIENTED_EDGE('',*,*,#1436,.F.);
#1861=ORIENTED_EDGE('',*,*,#1426,.F.);
#1862=ORIENTED_EDGE('',*,*,#1424,.F.);
#1863=ORIENTED_EDGE('',*,*,#1438,.F.);
#1864=ORIENTED_EDGE('',*,*,#1428,.F.);
#1865=ORIENTED_EDGE('',*,*,#1439,.F.);
#1866=ORIENTED_EDGE('',*,*,#1440,.T.);
#1867=ORIENTED_EDGE('',*,*,#1385,.F.);
#1868=ORIENTED_EDGE('',*,*,#1440,.F.);
#1869=ORIENTED_EDGE('',*,*,#1441,.F.);
#1870=ORIENTED_EDGE('',*,*,#1442,.T.);
#1871=ORIENTED_EDGE('',*,*,#1285,.T.);
#1872=ORIENTED_EDGE('',*,*,#1443,.T.);
#1873=ORIENTED_EDGE('',*,*,#1443,.F.);
#1874=ORIENTED_EDGE('',*,*,#1284,.F.);
#1875=ORIENTED_EDGE('',*,*,#1444,.F.);
#1876=ORIENTED_EDGE('',*,*,#1445,.T.);
#1877=ORIENTED_EDGE('',*,*,#1446,.F.);
#1878=ORIENTED_EDGE('',*,*,#1447,.T.);
#1879=ORIENTED_EDGE('',*,*,#1287,.T.);
#1880=ORIENTED_EDGE('',*,*,#1448,.T.);
#1881=ORIENTED_EDGE('',*,*,#1442,.F.);
#1882=ORIENTED_EDGE('',*,*,#1449,.T.);
#1883=ORIENTED_EDGE('',*,*,#1448,.F.);
#1884=ORIENTED_EDGE('',*,*,#1286,.F.);
#1885=ORIENTED_EDGE('',*,*,#1450,.F.);
#1886=ORIENTED_EDGE('',*,*,#1444,.T.);
#1887=ORIENTED_EDGE('',*,*,#1291,.T.);
#1888=ORIENTED_EDGE('',*,*,#1451,.T.);
#1889=ORIENTED_EDGE('',*,*,#1451,.F.);
#1890=ORIENTED_EDGE('',*,*,#1290,.F.);
#1891=ORIENTED_EDGE('',*,*,#1452,.F.);
#1892=ORIENTED_EDGE('',*,*,#1453,.T.);
#1893=ORIENTED_EDGE('',*,*,#1454,.F.);
#1894=ORIENTED_EDGE('',*,*,#1452,.T.);
#1895=ORIENTED_EDGE('',*,*,#1289,.T.);
#1896=ORIENTED_EDGE('',*,*,#1455,.T.);
#1897=ORIENTED_EDGE('',*,*,#1447,.F.);
#1898=ORIENTED_EDGE('',*,*,#1456,.T.);
#1899=ORIENTED_EDGE('',*,*,#1455,.F.);
#1900=ORIENTED_EDGE('',*,*,#1288,.F.);
#1901=ORIENTED_EDGE('',*,*,#1441,.T.);
#1902=ORIENTED_EDGE('',*,*,#1445,.F.);
#1903=ORIENTED_EDGE('',*,*,#1450,.T.);
#1904=ORIENTED_EDGE('',*,*,#1453,.F.);
#1905=ORIENTED_EDGE('',*,*,#1454,.T.);
#1906=ORIENTED_EDGE('',*,*,#1456,.F.);
#1907=ORIENTED_EDGE('',*,*,#1446,.T.);
#1908=ORIENTED_EDGE('',*,*,#1449,.F.);
#1909=ORIENTED_EDGE('',*,*,#1350,.T.);
#1910=ORIENTED_EDGE('',*,*,#1457,.T.);
#1911=ORIENTED_EDGE('',*,*,#1265,.T.);
#1912=ORIENTED_EDGE('',*,*,#1458,.T.);
#1913=ORIENTED_EDGE('',*,*,#1457,.F.);
#1914=ORIENTED_EDGE('',*,*,#1349,.F.);
#1915=ORIENTED_EDGE('',*,*,#1459,.F.);
#1916=ORIENTED_EDGE('',*,*,#1266,.T.);
#1917=ORIENTED_EDGE('',*,*,#1458,.F.);
#1918=ORIENTED_EDGE('',*,*,#1264,.T.);
#1919=ORIENTED_EDGE('',*,*,#1460,.T.);
#1920=ORIENTED_EDGE('',*,*,#1351,.F.);
#1921=ORIENTED_EDGE('',*,*,#1263,.T.);
#1922=ORIENTED_EDGE('',*,*,#1461,.T.);
#1923=ORIENTED_EDGE('',*,*,#1352,.F.);
#1924=ORIENTED_EDGE('',*,*,#1460,.F.);
#1925=ORIENTED_EDGE('',*,*,#1329,.F.);
#1926=ORIENTED_EDGE('',*,*,#1462,.T.);
#1927=ORIENTED_EDGE('',*,*,#1420,.T.);
#1928=ORIENTED_EDGE('',*,*,#1423,.F.);
#1929=ORIENTED_EDGE('',*,*,#1397,.T.);
#1930=ORIENTED_EDGE('',*,*,#1405,.T.);
#1931=ORIENTED_EDGE('',*,*,#1421,.T.);
#1932=ORIENTED_EDGE('',*,*,#1462,.F.);
#1933=ORIENTED_EDGE('',*,*,#1328,.F.);
#1934=ORIENTED_EDGE('',*,*,#1402,.T.);
#1935=ORIENTED_EDGE('',*,*,#1392,.T.);
#1936=ORIENTED_EDGE('',*,*,#1401,.T.);
#1937=ORIENTED_EDGE('',*,*,#1307,.T.);
#1938=ORIENTED_EDGE('',*,*,#1463,.T.);
#1939=ORIENTED_EDGE('',*,*,#1366,.T.);
#1940=ORIENTED_EDGE('',*,*,#1399,.T.);
#1941=ORIENTED_EDGE('',*,*,#1463,.F.);
#1942=ORIENTED_EDGE('',*,*,#1306,.F.);
#1943=ORIENTED_EDGE('',*,*,#1464,.F.);
#1944=ORIENTED_EDGE('',*,*,#1367,.F.);
#1945=ORIENTED_EDGE('',*,*,#1305,.T.);
#1946=ORIENTED_EDGE('',*,*,#1465,.T.);
#1947=ORIENTED_EDGE('',*,*,#1368,.T.);
#1948=ORIENTED_EDGE('',*,*,#1464,.T.);
#1949=ORIENTED_EDGE('',*,*,#1465,.F.);
#1950=ORIENTED_EDGE('',*,*,#1304,.F.);
#1951=ORIENTED_EDGE('',*,*,#1466,.F.);
#1952=ORIENTED_EDGE('',*,*,#1363,.F.);
#1953=ORIENTED_EDGE('',*,*,#1309,.T.);
#1954=ORIENTED_EDGE('',*,*,#1400,.T.);
#1955=ORIENTED_EDGE('',*,*,#1364,.T.);
#1956=ORIENTED_EDGE('',*,*,#1466,.T.);
#1957=ORIENTED_EDGE('',*,*,#1313,.T.);
#1958=ORIENTED_EDGE('',*,*,#1467,.T.);
#1959=ORIENTED_EDGE('',*,*,#1374,.T.);
#1960=ORIENTED_EDGE('',*,*,#1468,.T.);
#1961=ORIENTED_EDGE('',*,*,#1467,.F.);
#1962=ORIENTED_EDGE('',*,*,#1312,.F.);
#1963=ORIENTED_EDGE('',*,*,#1469,.F.);
#1964=ORIENTED_EDGE('',*,*,#1375,.F.);
#1965=ORIENTED_EDGE('',*,*,#1315,.T.);
#1966=ORIENTED_EDGE('',*,*,#1470,.T.);
#1967=ORIENTED_EDGE('',*,*,#1372,.T.);
#1968=ORIENTED_EDGE('',*,*,#1471,.T.);
#1969=ORIENTED_EDGE('',*,*,#1468,.F.);
#1970=ORIENTED_EDGE('',*,*,#1373,.F.);
#1971=ORIENTED_EDGE('',*,*,#1470,.F.);
#1972=ORIENTED_EDGE('',*,*,#1314,.F.);
#1973=ORIENTED_EDGE('',*,*,#1311,.T.);
#1974=ORIENTED_EDGE('',*,*,#1472,.T.);
#1975=ORIENTED_EDGE('',*,*,#1376,.T.);
#1976=ORIENTED_EDGE('',*,*,#1469,.T.);
#1977=ORIENTED_EDGE('',*,*,#1472,.F.);
#1978=ORIENTED_EDGE('',*,*,#1310,.F.);
#1979=ORIENTED_EDGE('',*,*,#1473,.F.);
#1980=ORIENTED_EDGE('',*,*,#1369,.F.);
#1981=ORIENTED_EDGE('',*,*,#1319,.T.);
#1982=ORIENTED_EDGE('',*,*,#1474,.T.);
#1983=ORIENTED_EDGE('',*,*,#1384,.T.);
#1984=ORIENTED_EDGE('',*,*,#1475,.T.);
#1985=ORIENTED_EDGE('',*,*,#1474,.F.);
#1986=ORIENTED_EDGE('',*,*,#1318,.F.);
#1987=ORIENTED_EDGE('',*,*,#1476,.F.);
#1988=ORIENTED_EDGE('',*,*,#1377,.F.);
#1989=ORIENTED_EDGE('',*,*,#1317,.T.);
#1990=ORIENTED_EDGE('',*,*,#1477,.T.);
#1991=ORIENTED_EDGE('',*,*,#1370,.T.);
#1992=ORIENTED_EDGE('',*,*,#1473,.T.);
#1993=ORIENTED_EDGE('',*,*,#1471,.F.);
#1994=ORIENTED_EDGE('',*,*,#1371,.F.);
#1995=ORIENTED_EDGE('',*,*,#1477,.F.);
#1996=ORIENTED_EDGE('',*,*,#1316,.F.);
#1997=ORIENTED_EDGE('',*,*,#1325,.T.);
#1998=ORIENTED_EDGE('',*,*,#1478,.T.);
#1999=ORIENTED_EDGE('',*,*,#1378,.T.);
#2000=ORIENTED_EDGE('',*,*,#1476,.T.);
#2001=ORIENTED_EDGE('',*,*,#1478,.F.);
#2002=ORIENTED_EDGE('',*,*,#1324,.F.);
#2003=ORIENTED_EDGE('',*,*,#1479,.F.);
#2004=ORIENTED_EDGE('',*,*,#1379,.F.);
#2005=ORIENTED_EDGE('',*,*,#1321,.T.);
#2006=ORIENTED_EDGE('',*,*,#1480,.T.);
#2007=ORIENTED_EDGE('',*,*,#1382,.T.);
#2008=ORIENTED_EDGE('',*,*,#1481,.T.);
#2009=ORIENTED_EDGE('',*,*,#1475,.F.);
#2010=ORIENTED_EDGE('',*,*,#1383,.F.);
#2011=ORIENTED_EDGE('',*,*,#1480,.F.);
#2012=ORIENTED_EDGE('',*,*,#1320,.F.);
#2013=ORIENTED_EDGE('',*,*,#1323,.T.);
#2014=ORIENTED_EDGE('',*,*,#1482,.T.);
#2015=ORIENTED_EDGE('',*,*,#1380,.T.);
#2016=ORIENTED_EDGE('',*,*,#1479,.T.);
#2017=ORIENTED_EDGE('',*,*,#1481,.F.);
#2018=ORIENTED_EDGE('',*,*,#1381,.F.);
#2019=ORIENTED_EDGE('',*,*,#1482,.F.);
#2020=ORIENTED_EDGE('',*,*,#1322,.F.);
#2021=ORIENTED_EDGE('',*,*,#1362,.F.);
#2022=ORIENTED_EDGE('',*,*,#1483,.T.);
#2023=ORIENTED_EDGE('',*,*,#1438,.T.);
#2024=ORIENTED_EDGE('',*,*,#1483,.F.);
#2025=ORIENTED_EDGE('',*,*,#1354,.F.);
#2026=ORIENTED_EDGE('',*,*,#1484,.F.);
#2027=ORIENTED_EDGE('',*,*,#1261,.F.);
#2028=ORIENTED_EDGE('',*,*,#1485,.F.);
#2029=ORIENTED_EDGE('',*,*,#1213,.T.);
#2030=ORIENTED_EDGE('',*,*,#1216,.T.);
#2031=ORIENTED_EDGE('',*,*,#1353,.F.);
#2032=ORIENTED_EDGE('',*,*,#1461,.F.);
#2033=ORIENTED_EDGE('',*,*,#1262,.F.);
#2034=ORIENTED_EDGE('',*,*,#1484,.T.);
#2035=ORIENTED_EDGE('',*,*,#1485,.T.);
#2036=ORIENTED_EDGE('',*,*,#1260,.F.);
#2037=ORIENTED_EDGE('',*,*,#1486,.F.);
#2038=ORIENTED_EDGE('',*,*,#1355,.F.);
#2039=ORIENTED_EDGE('',*,*,#1228,.T.);
#2040=ORIENTED_EDGE('',*,*,#1344,.F.);
#2041=ORIENTED_EDGE('',*,*,#1487,.T.);
#2042=ORIENTED_EDGE('',*,*,#1271,.F.);
#2043=ORIENTED_EDGE('',*,*,#1488,.F.);
#2044=ORIENTED_EDGE('',*,*,#1342,.F.);
#2045=ORIENTED_EDGE('',*,*,#1489,.F.);
#2046=ORIENTED_EDGE('',*,*,#1273,.F.);
#2047=ORIENTED_EDGE('',*,*,#1490,.T.);
#2048=ORIENTED_EDGE('',*,*,#1343,.F.);
#2049=ORIENTED_EDGE('',*,*,#1490,.F.);
#2050=ORIENTED_EDGE('',*,*,#1272,.F.);
#2051=ORIENTED_EDGE('',*,*,#1487,.F.);
#2052=ORIENTED_EDGE('',*,*,#1389,.T.);
#2053=ORIENTED_EDGE('',*,*,#1394,.T.);
#2054=ORIENTED_EDGE('',*,*,#1488,.T.);
#2055=ORIENTED_EDGE('',*,*,#1270,.T.);
#2056=ORIENTED_EDGE('',*,*,#1491,.T.);
#2057=ORIENTED_EDGE('',*,*,#1345,.F.);
#2058=ORIENTED_EDGE('',*,*,#1341,.F.);
#2059=ORIENTED_EDGE('',*,*,#1492,.T.);
#2060=ORIENTED_EDGE('',*,*,#1274,.F.);
#2061=ORIENTED_EDGE('',*,*,#1489,.T.);
#2062=ORIENTED_EDGE('',*,*,#1340,.F.);
#2063=ORIENTED_EDGE('',*,*,#1493,.F.);
#2064=ORIENTED_EDGE('',*,*,#1275,.F.);
#2065=ORIENTED_EDGE('',*,*,#1492,.F.);
#2066=ORIENTED_EDGE('',*,*,#1406,.T.);
#2067=ORIENTED_EDGE('',*,*,#1278,.F.);
#2068=ORIENTED_EDGE('',*,*,#1494,.F.);
#2069=ORIENTED_EDGE('',*,*,#1337,.F.);
#2070=ORIENTED_EDGE('',*,*,#1495,.F.);
#2071=ORIENTED_EDGE('',*,*,#1224,.T.);
#2072=ORIENTED_EDGE('',*,*,#1493,.T.);
#2073=ORIENTED_EDGE('',*,*,#1339,.F.);
#2074=ORIENTED_EDGE('',*,*,#1496,.T.);
#2075=ORIENTED_EDGE('',*,*,#1276,.F.);
#2076=ORIENTED_EDGE('',*,*,#1219,.T.);
#2077=ORIENTED_EDGE('',*,*,#1338,.F.);
#2078=ORIENTED_EDGE('',*,*,#1494,.T.);
#2079=ORIENTED_EDGE('',*,*,#1277,.F.);
#2080=ORIENTED_EDGE('',*,*,#1496,.F.);
#2081=ORIENTED_EDGE('',*,*,#1409,.T.);
#2082=ORIENTED_EDGE('',*,*,#1357,.F.);
#2083=ORIENTED_EDGE('',*,*,#1497,.T.);
#2084=ORIENTED_EDGE('',*,*,#1258,.F.);
#2085=ORIENTED_EDGE('',*,*,#1335,.F.);
#2086=ORIENTED_EDGE('',*,*,#1227,.T.);
#2087=ORIENTED_EDGE('',*,*,#1356,.F.);
#2088=ORIENTED_EDGE('',*,*,#1486,.T.);
#2089=ORIENTED_EDGE('',*,*,#1259,.F.);
#2090=ORIENTED_EDGE('',*,*,#1497,.F.);
#2091=ORIENTED_EDGE('',*,*,#1253,.T.);
#2092=ORIENTED_EDGE('',*,*,#1279,.T.);
#2093=ORIENTED_EDGE('',*,*,#1495,.T.);
#2094=ORIENTED_EDGE('',*,*,#1336,.F.);
#2095=ORIENTED_EDGE('',*,*,#1498,.F.);
#2096=ORIENTED_EDGE('',*,*,#1499,.F.);
#2097=ORIENTED_EDGE('',*,*,#1500,.F.);
#2098=ORIENTED_EDGE('',*,*,#1501,.F.);
#2099=ORIENTED_EDGE('',*,*,#1502,.F.);
#2100=ORIENTED_EDGE('',*,*,#1503,.F.);
#2101=ORIENTED_EDGE('',*,*,#1504,.F.);
#2102=ORIENTED_EDGE('',*,*,#1505,.F.);
#2103=ORIENTED_EDGE('',*,*,#1439,.T.);
#2104=ORIENTED_EDGE('',*,*,#1502,.T.);
#2105=ORIENTED_EDGE('',*,*,#1506,.F.);
#2106=ORIENTED_EDGE('',*,*,#1297,.F.);
#2107=ORIENTED_EDGE('',*,*,#1507,.T.);
#2108=ORIENTED_EDGE('',*,*,#1501,.T.);
#2109=ORIENTED_EDGE('',*,*,#1508,.F.);
#2110=ORIENTED_EDGE('',*,*,#1298,.F.);
#2111=ORIENTED_EDGE('',*,*,#1506,.T.);
#2112=ORIENTED_EDGE('',*,*,#1500,.T.);
#2113=ORIENTED_EDGE('',*,*,#1509,.F.);
#2114=ORIENTED_EDGE('',*,*,#1299,.F.);
#2115=ORIENTED_EDGE('',*,*,#1508,.T.);
#2116=ORIENTED_EDGE('',*,*,#1499,.T.);
#2117=ORIENTED_EDGE('',*,*,#1510,.F.);
#2118=ORIENTED_EDGE('',*,*,#1292,.F.);
#2119=ORIENTED_EDGE('',*,*,#1509,.T.);
#2120=ORIENTED_EDGE('',*,*,#1503,.T.);
#2121=ORIENTED_EDGE('',*,*,#1507,.F.);
#2122=ORIENTED_EDGE('',*,*,#1296,.F.);
#2123=ORIENTED_EDGE('',*,*,#1511,.T.);
#2124=ORIENTED_EDGE('',*,*,#1504,.T.);
#2125=ORIENTED_EDGE('',*,*,#1511,.F.);
#2126=ORIENTED_EDGE('',*,*,#1295,.F.);
#2127=ORIENTED_EDGE('',*,*,#1512,.T.);
#2128=ORIENTED_EDGE('',*,*,#1505,.T.);
#2129=ORIENTED_EDGE('',*,*,#1512,.F.);
#2130=ORIENTED_EDGE('',*,*,#1294,.F.);
#2131=ORIENTED_EDGE('',*,*,#1513,.T.);
#2132=ORIENTED_EDGE('',*,*,#1498,.T.);
#2133=ORIENTED_EDGE('',*,*,#1513,.F.);
#2134=ORIENTED_EDGE('',*,*,#1293,.F.);
#2135=ORIENTED_EDGE('',*,*,#1510,.T.);
#2136=ORIENTED_EDGE('',*,*,#1301,.T.);
#2137=ORIENTED_EDGE('',*,*,#1514,.T.);
#2138=ORIENTED_EDGE('',*,*,#1361,.F.);
#2139=ORIENTED_EDGE('',*,*,#1515,.F.);
#2140=ORIENTED_EDGE('',*,*,#1302,.T.);
#2141=ORIENTED_EDGE('',*,*,#1515,.T.);
#2142=ORIENTED_EDGE('',*,*,#1360,.F.);
#2143=ORIENTED_EDGE('',*,*,#1516,.F.);
#2144=ORIENTED_EDGE('',*,*,#1303,.T.);
#2145=ORIENTED_EDGE('',*,*,#1516,.T.);
#2146=ORIENTED_EDGE('',*,*,#1359,.F.);
#2147=ORIENTED_EDGE('',*,*,#1517,.F.);
#2148=ORIENTED_EDGE('',*,*,#1300,.T.);
#2149=ORIENTED_EDGE('',*,*,#1517,.T.);
#2150=ORIENTED_EDGE('',*,*,#1358,.F.);
#2151=ORIENTED_EDGE('',*,*,#1514,.F.);
#2152=ORIENTED_EDGE('',*,*,#1267,.T.);
#2153=ORIENTED_EDGE('',*,*,#1459,.T.);
#2154=ORIENTED_EDGE('',*,*,#1348,.F.);
#2155=ORIENTED_EDGE('',*,*,#1518,.F.);
#2156=ORIENTED_EDGE('',*,*,#1268,.T.);
#2157=ORIENTED_EDGE('',*,*,#1518,.T.);
#2158=ORIENTED_EDGE('',*,*,#1347,.F.);
#2159=ORIENTED_EDGE('',*,*,#1519,.F.);
#2160=ORIENTED_EDGE('',*,*,#1269,.F.);
#2161=ORIENTED_EDGE('',*,*,#1519,.T.);
#2162=ORIENTED_EDGE('',*,*,#1346,.F.);
#2163=ORIENTED_EDGE('',*,*,#1491,.F.);
#2164=ORIENTED_EDGE('',*,*,#1520,.F.);
#2165=ORIENTED_EDGE('',*,*,#1521,.T.);
#2166=ORIENTED_EDGE('',*,*,#1522,.F.);
#2167=ORIENTED_EDGE('',*,*,#1521,.F.);
#2168=ORIENTED_EDGE('',*,*,#1523,.F.);
#2169=ORIENTED_EDGE('',*,*,#1524,.T.);
#2170=ORIENTED_EDGE('',*,*,#1525,.F.);
#2171=ORIENTED_EDGE('',*,*,#1524,.F.);
#2172=ORIENTED_EDGE('',*,*,#1526,.F.);
#2173=ORIENTED_EDGE('',*,*,#1527,.T.);
#2174=ORIENTED_EDGE('',*,*,#1528,.F.);
#2175=ORIENTED_EDGE('',*,*,#1527,.F.);
#2176=ORIENTED_EDGE('',*,*,#1529,.F.);
#2177=ORIENTED_EDGE('',*,*,#1530,.T.);
#2178=ORIENTED_EDGE('',*,*,#1531,.F.);
#2179=ORIENTED_EDGE('',*,*,#1530,.F.);
#2180=ORIENTED_EDGE('',*,*,#1532,.F.);
#2181=ORIENTED_EDGE('',*,*,#1533,.T.);
#2182=ORIENTED_EDGE('',*,*,#1534,.F.);
#2183=ORIENTED_EDGE('',*,*,#1535,.F.);
#2184=ORIENTED_EDGE('',*,*,#1536,.F.);
#2185=ORIENTED_EDGE('',*,*,#1535,.T.);
#2186=ORIENTED_EDGE('',*,*,#1537,.F.);
#2187=ORIENTED_EDGE('',*,*,#1538,.F.);
#2188=ORIENTED_EDGE('',*,*,#1539,.F.);
#2189=ORIENTED_EDGE('',*,*,#1538,.T.);
#2190=ORIENTED_EDGE('',*,*,#1540,.F.);
#2191=ORIENTED_EDGE('',*,*,#1541,.F.);
#2192=ORIENTED_EDGE('',*,*,#1542,.F.);
#2193=ORIENTED_EDGE('',*,*,#1541,.T.);
#2194=ORIENTED_EDGE('',*,*,#1543,.F.);
#2195=ORIENTED_EDGE('',*,*,#1533,.F.);
#2196=ORIENTED_EDGE('',*,*,#1543,.T.);
#2197=ORIENTED_EDGE('',*,*,#1540,.T.);
#2198=ORIENTED_EDGE('',*,*,#1537,.T.);
#2199=ORIENTED_EDGE('',*,*,#1534,.T.);
#2200=ORIENTED_EDGE('',*,*,#1520,.T.);
#2201=ORIENTED_EDGE('',*,*,#1523,.T.);
#2202=ORIENTED_EDGE('',*,*,#1526,.T.);
#2203=ORIENTED_EDGE('',*,*,#1529,.T.);
#2204=ORIENTED_EDGE('',*,*,#1542,.T.);
#2205=ORIENTED_EDGE('',*,*,#1532,.T.);
#2206=ORIENTED_EDGE('',*,*,#1536,.T.);
#2207=ORIENTED_EDGE('',*,*,#1539,.T.);
#2208=ORIENTED_EDGE('',*,*,#1522,.T.);
#2209=ORIENTED_EDGE('',*,*,#1525,.T.);
#2210=ORIENTED_EDGE('',*,*,#1528,.T.);
#2211=ORIENTED_EDGE('',*,*,#1531,.T.);
#2212=CYLINDRICAL_SURFACE('',#2402,1.45);
#2213=CYLINDRICAL_SURFACE('',#2405,1.45);
#2214=CYLINDRICAL_SURFACE('',#2408,1.45);
#2215=CYLINDRICAL_SURFACE('',#2411,1.45);
#2216=CYLINDRICAL_SURFACE('',#2414,1.45);
#2217=CYLINDRICAL_SURFACE('',#2418,1.45);
#2218=CYLINDRICAL_SURFACE('',#2421,1.45);
#2219=CYLINDRICAL_SURFACE('',#2425,2.10000000000001);
#2220=CYLINDRICAL_SURFACE('',#2428,2.09999999999999);
#2221=CYLINDRICAL_SURFACE('',#2494,1.45);
#2222=CYLINDRICAL_SURFACE('',#2498,1.45);
#2223=CYLINDRICAL_SURFACE('',#2502,7.61999999999997);
#2224=CYLINDRICAL_SURFACE('',#2504,1.45);
#2225=CYLINDRICAL_SURFACE('',#2508,1.45);
#2226=CYLINDRICAL_SURFACE('',#2512,2.99999999999999);
#2227=CYLINDRICAL_SURFACE('',#2515,2.99999999999999);
#2228=CYLINDRICAL_SURFACE('',#2521,2.0828);
#2229=CYLINDRICAL_SURFACE('',#2523,2.0828);
#2230=CYLINDRICAL_SURFACE('',#2525,2.0828);
#2231=CYLINDRICAL_SURFACE('',#2527,8.7625);
#2232=CYLINDRICAL_SURFACE('',#2530,15.112500001);
#2233=CYLINDRICAL_SURFACE('',#2535,12.);
#2234=CYLINDRICAL_SURFACE('',#2537,2.99999999999999);
#2235=CYLINDRICAL_SURFACE('',#2540,2.99999999999999);
#2236=CYLINDRICAL_SURFACE('',#2543,2.99999999999999);
#2237=CYLINDRICAL_SURFACE('',#2546,2.99999999999999);
#2238=CYLINDRICAL_SURFACE('',#2550,6.35);
#2239=CYLINDRICAL_SURFACE('',#2551,19.05);
#2240=CYLINDRICAL_SURFACE('',#2552,45.5308548620226);
#2241=CYLINDRICAL_SURFACE('',#2554,7.61999999999997);
#2242=CYLINDRICAL_SURFACE('',#2556,1.);
#2243=CYLINDRICAL_SURFACE('',#2558,1.);
#2244=CYLINDRICAL_SURFACE('',#2560,1.);
#2245=CYLINDRICAL_SURFACE('',#2561,1.);
#2246=CYLINDRICAL_SURFACE('',#2563,1.);
#2247=CYLINDRICAL_SURFACE('',#2565,1.);
#2248=CYLINDRICAL_SURFACE('',#2567,1.);
#2249=CYLINDRICAL_SURFACE('',#2569,1.);
#2250=CYLINDRICAL_SURFACE('',#2571,1.);
#2251=CYLINDRICAL_SURFACE('',#2573,1.);
#2252=CYLINDRICAL_SURFACE('',#2575,1.);
#2253=CYLINDRICAL_SURFACE('',#2576,13.625);
#2254=CYLINDRICAL_SURFACE('',#2577,4.7625);
#2255=CYLINDRICAL_SURFACE('',#2598,3.80000000000001);
#2256=CYLINDRICAL_SURFACE('',#2600,3.79999999999999);
#2257=CYLINDRICAL_SURFACE('',#2603,3.79999999999999);
#2258=CYLINDRICAL_SURFACE('',#2605,3.79999999999999);
#2259=CYLINDRICAL_SURFACE('',#2607,19.05);
#2260=CYLINDRICAL_SURFACE('',#2611,6.34999999999997);
#2261=CYLINDRICAL_SURFACE('',#2613,2.10000000000001);
#2262=CYLINDRICAL_SURFACE('',#2616,1.45);
#2263=CYLINDRICAL_SURFACE('',#2619,2.10000000000001);
#2264=CYLINDRICAL_SURFACE('',#2622,1.45);
#2265=ADVANCED_FACE('',(#140),#2212,.F.);
#2266=ADVANCED_FACE('',(#141),#2213,.F.);
#2267=ADVANCED_FACE('',(#142),#2214,.F.);
#2268=ADVANCED_FACE('',(#143),#2215,.F.);
#2269=ADVANCED_FACE('',(#144),#2216,.F.);
#2270=ADVANCED_FACE('',(#145),#71,.T.);
#2271=ADVANCED_FACE('',(#146),#2217,.F.);
#2272=ADVANCED_FACE('',(#147),#2218,.F.);
#2273=ADVANCED_FACE('',(#148),#72,.T.);
#2274=ADVANCED_FACE('',(#149),#2219,.F.);
#2275=ADVANCED_FACE('',(#150),#2220,.F.);
#2276=ADVANCED_FACE('',(#151),#73,.T.);
#2277=ADVANCED_FACE('',(#152),#74,.T.);
#2278=ADVANCED_FACE('',(#153),#75,.T.);
#2279=ADVANCED_FACE('',(#154),#76,.T.);
#2280=ADVANCED_FACE('',(#155,#21,#22,#23,#24),#77,.T.);
#2281=ADVANCED_FACE('',(#156,#25,#26),#78,.F.);
#2282=ADVANCED_FACE('',(#157),#79,.F.);
#2283=ADVANCED_FACE('',(#158,#27,#28,#29,#30,#31,#32,#33,#34,#35),#80,.F.);
#2284=ADVANCED_FACE('',(#159),#81,.T.);
#2285=ADVANCED_FACE('',(#160,#36,#37,#38,#39,#40,#41,#42,#43,#44,#45),#82,
 .T.);
#2286=ADVANCED_FACE('',(#161),#2221,.F.);
#2287=ADVANCED_FACE('',(#162),#2222,.F.);
#2288=ADVANCED_FACE('',(#163),#83,.F.);
#2289=ADVANCED_FACE('',(#164),#2223,.F.);
#2290=ADVANCED_FACE('',(#165),#2224,.F.);
#2291=ADVANCED_FACE('',(#166),#84,.T.);
#2292=ADVANCED_FACE('',(#167),#2225,.F.);
#2293=ADVANCED_FACE('',(#168),#85,.T.);
#2294=ADVANCED_FACE('',(#169),#2226,.F.);
#2295=ADVANCED_FACE('',(#170,#46,#47),#86,.T.);
#2296=ADVANCED_FACE('',(#171),#2227,.F.);
#2297=ADVANCED_FACE('',(#172),#87,.T.);
#2298=ADVANCED_FACE('',(#173),#88,.F.);
#2299=ADVANCED_FACE('',(#174),#89,.F.);
#2300=ADVANCED_FACE('',(#175),#2228,.F.);
#2301=ADVANCED_FACE('',(#176),#2229,.F.);
#2302=ADVANCED_FACE('',(#177),#2230,.F.);
#2303=ADVANCED_FACE('',(#178),#2231,.F.);
#2304=ADVANCED_FACE('',(#179),#90,.F.);
#2305=ADVANCED_FACE('',(#180),#2232,.F.);
#2306=ADVANCED_FACE('',(#181),#91,.F.);
#2307=ADVANCED_FACE('',(#182,#48,#49,#50,#51),#92,.T.);
#2308=ADVANCED_FACE('',(#183),#2233,.F.);
#2309=ADVANCED_FACE('',(#184),#2234,.F.);
#2310=ADVANCED_FACE('',(#185),#93,.F.);
#2311=ADVANCED_FACE('',(#186),#2235,.F.);
#2312=ADVANCED_FACE('',(#187),#94,.F.);
#2313=ADVANCED_FACE('',(#188),#2236,.F.);
#2314=ADVANCED_FACE('',(#189),#95,.F.);
#2315=ADVANCED_FACE('',(#190),#2237,.F.);
#2316=ADVANCED_FACE('',(#191),#96,.F.);
#2317=ADVANCED_FACE('',(#192),#97,.F.);
#2318=ADVANCED_FACE('',(#193),#2238,.F.);
#2319=ADVANCED_FACE('',(#194),#2239,.T.);
#2320=ADVANCED_FACE('',(#195),#2240,.F.);
#2321=ADVANCED_FACE('',(#196),#98,.T.);
#2322=ADVANCED_FACE('',(#197),#2241,.F.);
#2323=ADVANCED_FACE('',(#198),#99,.F.);
#2324=ADVANCED_FACE('',(#199),#2242,.F.);
#2325=ADVANCED_FACE('',(#200),#100,.F.);
#2326=ADVANCED_FACE('',(#201),#2243,.F.);
#2327=ADVANCED_FACE('',(#202),#101,.F.);
#2328=ADVANCED_FACE('',(#203),#2244,.F.);
#2329=ADVANCED_FACE('',(#204),#2245,.F.);
#2330=ADVANCED_FACE('',(#205),#102,.F.);
#2331=ADVANCED_FACE('',(#206),#2246,.F.);
#2332=ADVANCED_FACE('',(#207),#103,.F.);
#2333=ADVANCED_FACE('',(#208),#2247,.F.);
#2334=ADVANCED_FACE('',(#209),#104,.F.);
#2335=ADVANCED_FACE('',(#210),#2248,.F.);
#2336=ADVANCED_FACE('',(#211),#105,.F.);
#2337=ADVANCED_FACE('',(#212),#2249,.F.);
#2338=ADVANCED_FACE('',(#213),#106,.F.);
#2339=ADVANCED_FACE('',(#214),#2250,.F.);
#2340=ADVANCED_FACE('',(#215),#107,.F.);
#2341=ADVANCED_FACE('',(#216),#2251,.F.);
#2342=ADVANCED_FACE('',(#217),#108,.F.);
#2343=ADVANCED_FACE('',(#218),#2252,.F.);
#2344=ADVANCED_FACE('',(#219),#2253,.T.);
#2345=ADVANCED_FACE('',(#220),#2254,.F.);
#2346=ADVANCED_FACE('',(#221,#52,#53),#109,.F.);
#2347=ADVANCED_FACE('',(#222),#110,.F.);
#2348=ADVANCED_FACE('',(#223,#54),#111,.F.);
#2349=ADVANCED_FACE('',(#224),#112,.F.);
#2350=ADVANCED_FACE('',(#225),#113,.F.);
#2351=ADVANCED_FACE('',(#226,#55,#56),#114,.F.);
#2352=ADVANCED_FACE('',(#227),#115,.T.);
#2353=ADVANCED_FACE('',(#228),#116,.F.);
#2354=ADVANCED_FACE('',(#229,#57),#117,.F.);
#2355=ADVANCED_FACE('',(#230,#58),#118,.F.);
#2356=ADVANCED_FACE('',(#231,#59),#119,.F.);
#2357=ADVANCED_FACE('',(#232,#60),#120,.F.);
#2358=ADVANCED_FACE('',(#233,#61),#121,.F.);
#2359=ADVANCED_FACE('',(#234),#122,.F.);
#2360=ADVANCED_FACE('',(#235),#123,.T.);
#2361=ADVANCED_FACE('',(#236,#62),#124,.T.);
#2362=ADVANCED_FACE('',(#237),#2255,.F.);
#2363=ADVANCED_FACE('',(#238),#125,.F.);
#2364=ADVANCED_FACE('',(#239),#2256,.F.);
#2365=ADVANCED_FACE('',(#240),#126,.F.);
#2366=ADVANCED_FACE('',(#241),#127,.F.);
#2367=ADVANCED_FACE('',(#242),#2257,.F.);
#2368=ADVANCED_FACE('',(#243),#128,.F.);
#2369=ADVANCED_FACE('',(#244),#2258,.F.);
#2370=ADVANCED_FACE('',(#245),#129,.T.);
#2371=ADVANCED_FACE('',(#246),#2259,.T.);
#2372=ADVANCED_FACE('',(#247),#130,.T.);
#2373=ADVANCED_FACE('',(#248),#131,.T.);
#2374=ADVANCED_FACE('',(#249),#132,.T.);
#2375=ADVANCED_FACE('',(#250),#2260,.T.);
#2376=ADVANCED_FACE('',(#251),#133,.T.);
#2377=ADVANCED_FACE('',(#252),#2261,.F.);
#2378=ADVANCED_FACE('',(#253),#2262,.F.);
#2379=ADVANCED_FACE('',(#254),#2263,.F.);
#2380=ADVANCED_FACE('',(#255),#2264,.F.);
#2381=ADVANCED_FACE('',(#256),#134,.T.);
#2382=ADVANCED_FACE('',(#257),#135,.T.);
#2383=ADVANCED_FACE('',(#258),#136,.T.);
#2384=ADVANCED_FACE('',(#259),#137,.T.);
#2385=ADVANCED_FACE('',(#260,#63,#64,#65,#66),#138,.T.);
#2386=ADVANCED_FACE('',(#261,#67,#68,#69,#70),#139,.F.);
#2387=CLOSED_SHELL('',(#2265,#2266,#2267,#2268,#2269,#2270,#2271,#2272,
#2273,#2274,#2275,#2276,#2277,#2278,#2279,#2280,#2281,#2282,#2283,#2284,
#2285,#2286,#2287,#2288,#2289,#2290,#2291,#2292,#2293,#2294,#2295,#2296,
#2297,#2298,#2299,#2300,#2301,#2302,#2303,#2304,#2305,#2306,#2307,#2308,
#2309,#2310,#2311,#2312,#2313,#2314,#2315,#2316,#2317,#2318,#2319,#2320,
#2321,#2322,#2323,#2324,#2325,#2326,#2327,#2328,#2329,#2330,#2331,#2332,
#2333,#2334,#2335,#2336,#2337,#2338,#2339,#2340,#2341,#2342,#2343,#2344,
#2345,#2346,#2347,#2348,#2349,#2350,#2351,#2352,#2353,#2354,#2355,#2356,
#2357,#2358,#2359,#2360,#2361,#2362,#2363,#2364,#2365,#2366,#2367,#2368,
#2369,#2370,#2371,#2372,#2373,#2374,#2375,#2376));
#2388=CLOSED_SHELL('',(#2377,#2378,#2379,#2380,#2381,#2382,#2383,#2384,
#2385,#2386));
#2389=DERIVED_UNIT_ELEMENT(#2391,1.);
#2390=DERIVED_UNIT_ELEMENT(#4035,-3.);
#2391=(
MASS_UNIT()
NAMED_UNIT(*)
SI_UNIT(.KILO.,.GRAM.)
);
#2392=DERIVED_UNIT((#2389,#2390));
#2393=MEASURE_REPRESENTATION_ITEM('density measure',
POSITIVE_RATIO_MEASURE(7850.),#2392);
#2394=PROPERTY_DEFINITION_REPRESENTATION(#2399,#2396);
#2395=PROPERTY_DEFINITION_REPRESENTATION(#2400,#2397);
#2396=REPRESENTATION('material name',(#2398),#4032);
#2397=REPRESENTATION('density',(#2393),#4032);
#2398=DESCRIPTIVE_REPRESENTATION_ITEM('Steel','Steel');
#2399=PROPERTY_DEFINITION('material property','material name',#4042);
#2400=PROPERTY_DEFINITION('material property','density of part',#4042);
#2401=AXIS2_PLACEMENT_3D('',#3315,#2631,#2632);
#2402=AXIS2_PLACEMENT_3D('',#3316,#2633,#2634);
#2403=AXIS2_PLACEMENT_3D('',#3318,#2635,#2636);
#2404=AXIS2_PLACEMENT_3D('',#3321,#2638,#2639);
#2405=AXIS2_PLACEMENT_3D('',#3322,#2640,#2641);
#2406=AXIS2_PLACEMENT_3D('',#3324,#2642,#2643);
#2407=AXIS2_PLACEMENT_3D('',#3327,#2645,#2646);
#2408=AXIS2_PLACEMENT_3D('',#3328,#2647,#2648);
#2409=AXIS2_PLACEMENT_3D('',#3330,#2649,#2650);
#2410=AXIS2_PLACEMENT_3D('',#3333,#2652,#2653);
#2411=AXIS2_PLACEMENT_3D('',#3334,#2654,#2655);
#2412=AXIS2_PLACEMENT_3D('',#3336,#2656,#2657);
#2413=AXIS2_PLACEMENT_3D('',#3339,#2659,#2660);
#2414=AXIS2_PLACEMENT_3D('',#3340,#2661,#2662);
#2415=AXIS2_PLACEMENT_3D('',#3342,#2663,#2664);
#2416=AXIS2_PLACEMENT_3D('',#3345,#2666,#2667);
#2417=AXIS2_PLACEMENT_3D('',#3346,#2668,#2669);
#2418=AXIS2_PLACEMENT_3D('',#3347,#2670,#2671);
#2419=AXIS2_PLACEMENT_3D('',#3349,#2672,#2673);
#2420=AXIS2_PLACEMENT_3D('',#3352,#2675,#2676);
#2421=AXIS2_PLACEMENT_3D('',#3353,#2677,#2678);
#2422=AXIS2_PLACEMENT_3D('',#3355,#2679,#2680);
#2423=AXIS2_PLACEMENT_3D('',#3358,#2682,#2683);
#2424=AXIS2_PLACEMENT_3D('',#3359,#2684,#2685);
#2425=AXIS2_PLACEMENT_3D('',#3360,#2686,#2687);
#2426=AXIS2_PLACEMENT_3D('',#3362,#2688,#2689);
#2427=AXIS2_PLACEMENT_3D('',#3365,#2691,#2692);
#2428=AXIS2_PLACEMENT_3D('',#3366,#2693,#2694);
#2429=AXIS2_PLACEMENT_3D('',#3368,#2695,#2696);
#2430=AXIS2_PLACEMENT_3D('',#3371,#2698,#2699);
#2431=AXIS2_PLACEMENT_3D('',#3372,#2700,#2701);
#2432=AXIS2_PLACEMENT_3D('',#3381,#2706,#2707);
#2433=AXIS2_PLACEMENT_3D('',#3389,#2712,#2713);
#2434=AXIS2_PLACEMENT_3D('',#3395,#2717,#2718);
#2435=AXIS2_PLACEMENT_3D('',#3400,#2722,#2723);
#2436=AXIS2_PLACEMENT_3D('',#3401,#2724,#2725);
#2437=AXIS2_PLACEMENT_3D('',#3403,#2727,#2728);
#2438=AXIS2_PLACEMENT_3D('',#3413,#2734,#2735);
#2439=AXIS2_PLACEMENT_3D('',#3429,#2743,#2744);
#2440=AXIS2_PLACEMENT_3D('',#3431,#2745,#2746);
#2441=AXIS2_PLACEMENT_3D('',#3433,#2747,#2748);
#2442=AXIS2_PLACEMENT_3D('',#3437,#2750,#2751);
#2443=AXIS2_PLACEMENT_3D('',#3461,#2763,#2764);
#2444=AXIS2_PLACEMENT_3D('',#3465,#2766,#2767);
#2445=AXIS2_PLACEMENT_3D('',#3471,#2770,#2771);
#2446=AXIS2_PLACEMENT_3D('',#3475,#2773,#2774);
#2447=AXIS2_PLACEMENT_3D('',#3479,#2776,#2777);
#2448=AXIS2_PLACEMENT_3D('',#3482,#2779,#2780);
#2449=AXIS2_PLACEMENT_3D('',#3487,#2782,#2783);
#2450=AXIS2_PLACEMENT_3D('',#3491,#2785,#2786);
#2451=AXIS2_PLACEMENT_3D('',#3495,#2788,#2789);
#2452=AXIS2_PLACEMENT_3D('',#3498,#2791,#2792);
#2453=AXIS2_PLACEMENT_3D('',#3505,#2795,#2796);
#2454=AXIS2_PLACEMENT_3D('',#3511,#2799,#2800);
#2455=AXIS2_PLACEMENT_3D('',#3515,#2802,#2803);
#2456=AXIS2_PLACEMENT_3D('',#3518,#2805,#2806);
#2457=AXIS2_PLACEMENT_3D('',#3523,#2808,#2809);
#2458=AXIS2_PLACEMENT_3D('',#3527,#2811,#2812);
#2459=AXIS2_PLACEMENT_3D('',#3531,#2814,#2815);
#2460=AXIS2_PLACEMENT_3D('',#3534,#2817,#2818);
#2461=AXIS2_PLACEMENT_3D('',#3539,#2820,#2821);
#2462=AXIS2_PLACEMENT_3D('',#3543,#2823,#2824);
#2463=AXIS2_PLACEMENT_3D('',#3545,#2825,#2826);
#2464=AXIS2_PLACEMENT_3D('',#3547,#2827,#2828);
#2465=AXIS2_PLACEMENT_3D('',#3550,#2830,#2831);
#2466=AXIS2_PLACEMENT_3D('',#3555,#2833,#2834);
#2467=AXIS2_PLACEMENT_3D('',#3559,#2836,#2837);
#2468=AXIS2_PLACEMENT_3D('',#3563,#2839,#2840);
#2469=AXIS2_PLACEMENT_3D('',#3566,#2842,#2843);
#2470=AXIS2_PLACEMENT_3D('',#3567,#2844,#2845);
#2471=AXIS2_PLACEMENT_3D('',#3571,#2848,#2849);
#2472=AXIS2_PLACEMENT_3D('',#3595,#2861,#2862);
#2473=AXIS2_PLACEMENT_3D('',#3599,#2864,#2865);
#2474=AXIS2_PLACEMENT_3D('',#3601,#2866,#2867);
#2475=AXIS2_PLACEMENT_3D('',#3603,#2868,#2869);
#2476=AXIS2_PLACEMENT_3D('',#3621,#2878,#2879);
#2477=AXIS2_PLACEMENT_3D('',#3624,#2881,#2882);
#2478=AXIS2_PLACEMENT_3D('',#3629,#2884,#2885);
#2479=AXIS2_PLACEMENT_3D('',#3633,#2887,#2888);
#2480=AXIS2_PLACEMENT_3D('',#3636,#2890,#2891);
#2481=AXIS2_PLACEMENT_3D('',#3641,#2893,#2894);
#2482=AXIS2_PLACEMENT_3D('',#3645,#2896,#2897);
#2483=AXIS2_PLACEMENT_3D('',#3649,#2899,#2900);
#2484=AXIS2_PLACEMENT_3D('',#3652,#2902,#2903);
#2485=AXIS2_PLACEMENT_3D('',#3657,#2905,#2906);
#2486=AXIS2_PLACEMENT_3D('',#3661,#2908,#2909);
#2487=AXIS2_PLACEMENT_3D('',#3663,#2910,#2911);
#2488=AXIS2_PLACEMENT_3D('',#3665,#2912,#2913);
#2489=AXIS2_PLACEMENT_3D('',#3668,#2915,#2916);
#2490=AXIS2_PLACEMENT_3D('',#3670,#2917,#2918);
#2491=AXIS2_PLACEMENT_3D('',#3672,#2919,#2920);
#2492=AXIS2_PLACEMENT_3D('',#3674,#2921,#2922);
#2493=AXIS2_PLACEMENT_3D('',#3676,#2923,#2924);
#2494=AXIS2_PLACEMENT_3D('',#3677,#2925,#2926);
#2495=AXIS2_PLACEMENT_3D('',#3679,#2927,#2928);
#2496=AXIS2_PLACEMENT_3D('',#3683,#2930,#2931);
#2497=AXIS2_PLACEMENT_3D('',#3699,#2932,#2933);
#2498=AXIS2_PLACEMENT_3D('',#3700,#2934,#2935);
#2499=AXIS2_PLACEMENT_3D('',#3702,#2936,#2937);
#2500=AXIS2_PLACEMENT_3D('',#3711,#2939,#2940);
#2501=AXIS2_PLACEMENT_3D('',#3733,#2941,#2942);
#2502=AXIS2_PLACEMENT_3D('',#3737,#2946,#2947);
#2503=AXIS2_PLACEMENT_3D('',#3742,#2950,#2951);
#2504=AXIS2_PLACEMENT_3D('',#3744,#2953,#2954);
#2505=AXIS2_PLACEMENT_3D('',#3746,#2955,#2956);
#2506=AXIS2_PLACEMENT_3D('',#3749,#2958,#2959);
#2507=AXIS2_PLACEMENT_3D('',#3750,#2960,#2961);
#2508=AXIS2_PLACEMENT_3D('',#3751,#2962,#2963);
#2509=AXIS2_PLACEMENT_3D('',#3753,#2964,#2965);
#2510=AXIS2_PLACEMENT_3D('',#3756,#2967,#2968);
#2511=AXIS2_PLACEMENT_3D('',#3757,#2969,#2970);
#2512=AXIS2_PLACEMENT_3D('',#3758,#2971,#2972);
#2513=AXIS2_PLACEMENT_3D('',#3761,#2973,#2974);
#2514=AXIS2_PLACEMENT_3D('',#3764,#2977,#2978);
#2515=AXIS2_PLACEMENT_3D('',#3768,#2981,#2982);
#2516=AXIS2_PLACEMENT_3D('',#3770,#2983,#2984);
#2517=AXIS2_PLACEMENT_3D('',#3772,#2986,#2987);
#2518=AXIS2_PLACEMENT_3D('',#3776,#2989,#2990);
#2519=AXIS2_PLACEMENT_3D('',#3779,#2993,#2994);
#2520=AXIS2_PLACEMENT_3D('',#3781,#2996,#2997);
#2521=AXIS2_PLACEMENT_3D('',#3782,#2998,#2999);
#2522=AXIS2_PLACEMENT_3D('',#3784,#3000,#3001);
#2523=AXIS2_PLACEMENT_3D('',#3786,#3003,#3004);
#2524=AXIS2_PLACEMENT_3D('',#3788,#3005,#3006);
#2525=AXIS2_PLACEMENT_3D('',#3790,#3008,#3009);
#2526=AXIS2_PLACEMENT_3D('',#3792,#3010,#3011);
#2527=AXIS2_PLACEMENT_3D('',#3794,#3013,#3014);
#2528=AXIS2_PLACEMENT_3D('',#3798,#3016,#3017);
#2529=AXIS2_PLACEMENT_3D('',#3800,#3019,#3020);
#2530=AXIS2_PLACEMENT_3D('',#3804,#3023,#3024);
#2531=AXIS2_PLACEMENT_3D('',#3807,#3026,#3027);
#2532=AXIS2_PLACEMENT_3D('',#3808,#3028,#3029);
#2533=AXIS2_PLACEMENT_3D('',#3810,#3031,#3032);
#2534=AXIS2_PLACEMENT_3D('',#3812,#3033,#3034);
#2535=AXIS2_PLACEMENT_3D('',#3813,#3035,#3036);
#2536=AXIS2_PLACEMENT_3D('',#3815,#3037,#3038);
#2537=AXIS2_PLACEMENT_3D('',#3817,#3040,#3041);
#2538=AXIS2_PLACEMENT_3D('',#3820,#3042,#3043);
#2539=AXIS2_PLACEMENT_3D('',#3823,#3046,#3047);
#2540=AXIS2_PLACEMENT_3D('',#3827,#3050,#3051);
#2541=AXIS2_PLACEMENT_3D('',#3830,#3052,#3053);
#2542=AXIS2_PLACEMENT_3D('',#3833,#3056,#3057);
#2543=AXIS2_PLACEMENT_3D('',#3835,#3059,#3060);
#2544=AXIS2_PLACEMENT_3D('',#3837,#3061,#3062);
#2545=AXIS2_PLACEMENT_3D('',#3839,#3064,#3065);
#2546=AXIS2_PLACEMENT_3D('',#3843,#3068,#3069);
#2547=AXIS2_PLACEMENT_3D('',#3845,#3070,#3071);
#2548=AXIS2_PLACEMENT_3D('',#3847,#3073,#3074);
#2549=AXIS2_PLACEMENT_3D('',#3849,#3076,#3077);
#2550=AXIS2_PLACEMENT_3D('',#3850,#3078,#3079);
#2551=AXIS2_PLACEMENT_3D('',#3853,#3082,#3083);
#2552=AXIS2_PLACEMENT_3D('',#3855,#3085,#3086);
#2553=AXIS2_PLACEMENT_3D('',#3857,#3088,#3089);
#2554=AXIS2_PLACEMENT_3D('',#3859,#3091,#3092);
#2555=AXIS2_PLACEMENT_3D('',#3861,#3094,#3095);
#2556=AXIS2_PLACEMENT_3D('',#3862,#3096,#3097);
#2557=AXIS2_PLACEMENT_3D('',#3864,#3099,#3100);
#2558=AXIS2_PLACEMENT_3D('',#3866,#3102,#3103);
#2559=AXIS2_PLACEMENT_3D('',#3868,#3105,#3106);
#2560=AXIS2_PLACEMENT_3D('',#3870,#3108,#3109);
#2561=AXIS2_PLACEMENT_3D('',#3871,#3110,#3111);
#2562=AXIS2_PLACEMENT_3D('',#3874,#3114,#3115);
#2563=AXIS2_PLACEMENT_3D('',#3876,#3117,#3118);
#2564=AXIS2_PLACEMENT_3D('',#3879,#3121,#3122);
#2565=AXIS2_PLACEMENT_3D('',#3880,#3123,#3124);
#2566=AXIS2_PLACEMENT_3D('',#3882,#3126,#3127);
#2567=AXIS2_PLACEMENT_3D('',#3884,#3129,#3130);
#2568=AXIS2_PLACEMENT_3D('',#3887,#3133,#3134);
#2569=AXIS2_PLACEMENT_3D('',#3889,#3136,#3137);
#2570=AXIS2_PLACEMENT_3D('',#3891,#3139,#3140);
#2571=AXIS2_PLACEMENT_3D('',#3892,#3141,#3142);
#2572=AXIS2_PLACEMENT_3D('',#3894,#3144,#3145);
#2573=AXIS2_PLACEMENT_3D('',#3896,#3147,#3148);
#2574=AXIS2_PLACEMENT_3D('',#3899,#3151,#3152);
#2575=AXIS2_PLACEMENT_3D('',#3900,#3153,#3154);
#2576=AXIS2_PLACEMENT_3D('',#3902,#3156,#3157);
#2577=AXIS2_PLACEMENT_3D('',#3903,#3158,#3159);
#2578=AXIS2_PLACEMENT_3D('',#3905,#3161,#3162);
#2579=AXIS2_PLACEMENT_3D('',#3908,#3165,#3166);
#2580=AXIS2_PLACEMENT_3D('',#3909,#3167,#3168);
#2581=AXIS2_PLACEMENT_3D('',#3911,#3170,#3171);
#2582=AXIS2_PLACEMENT_3D('',#3914,#3174,#3175);
#2583=AXIS2_PLACEMENT_3D('',#3917,#3178,#3179);
#2584=AXIS2_PLACEMENT_3D('',#3918,#3180,#3181);
#2585=AXIS2_PLACEMENT_3D('',#3920,#3183,#3184);
#2586=AXIS2_PLACEMENT_3D('',#3922,#3186,#3187);
#2587=AXIS2_PLACEMENT_3D('',#3924,#3189,#3190);
#2588=AXIS2_PLACEMENT_3D('',#3927,#3193,#3194);
#2589=AXIS2_PLACEMENT_3D('',#3929,#3196,#3197);
#2590=AXIS2_PLACEMENT_3D('',#3930,#3198,#3199);
#2591=AXIS2_PLACEMENT_3D('',#3932,#3201,#3202);
#2592=AXIS2_PLACEMENT_3D('',#3933,#3203,#3204);
#2593=AXIS2_PLACEMENT_3D('',#3934,#3205,#3206);
#2594=AXIS2_PLACEMENT_3D('',#3937,#3207,#3208);
#2595=AXIS2_PLACEMENT_3D('',#3941,#3210,#3211);
#2596=AXIS2_PLACEMENT_3D('',#3945,#3213,#3214);
#2597=AXIS2_PLACEMENT_3D('',#3949,#3216,#3217);
#2598=AXIS2_PLACEMENT_3D('',#3951,#3219,#3220);
#2599=AXIS2_PLACEMENT_3D('',#3954,#3223,#3224);
#2600=AXIS2_PLACEMENT_3D('',#3956,#3226,#3227);
#2601=AXIS2_PLACEMENT_3D('',#3958,#3229,#3230);
#2602=AXIS2_PLACEMENT_3D('',#3960,#3232,#3233);
#2603=AXIS2_PLACEMENT_3D('',#3962,#3235,#3236);
#2604=AXIS2_PLACEMENT_3D('',#3964,#3238,#3239);
#2605=AXIS2_PLACEMENT_3D('',#3966,#3241,#3242);
#2606=AXIS2_PLACEMENT_3D('',#3967,#3243,#3244);
#2607=AXIS2_PLACEMENT_3D('',#3970,#3247,#3248);
#2608=AXIS2_PLACEMENT_3D('',#3972,#3250,#3251);
#2609=AXIS2_PLACEMENT_3D('',#3974,#3253,#3254);
#2610=AXIS2_PLACEMENT_3D('',#3975,#3255,#3256);
#2611=AXIS2_PLACEMENT_3D('',#3977,#3258,#3259);
#2612=AXIS2_PLACEMENT_3D('',#3979,#3261,#3262);
#2613=AXIS2_PLACEMENT_3D('',#3980,#3263,#3264);
#2614=AXIS2_PLACEMENT_3D('',#3982,#3265,#3266);
#2615=AXIS2_PLACEMENT_3D('',#3985,#3268,#3269);
#2616=AXIS2_PLACEMENT_3D('',#3986,#3270,#3271);
#2617=AXIS2_PLACEMENT_3D('',#3988,#3272,#3273);
#2618=AXIS2_PLACEMENT_3D('',#3991,#3275,#3276);
#2619=AXIS2_PLACEMENT_3D('',#3992,#3277,#3278);
#2620=AXIS2_PLACEMENT_3D('',#3994,#3279,#3280);
#2621=AXIS2_PLACEMENT_3D('',#3997,#3282,#3283);
#2622=AXIS2_PLACEMENT_3D('',#3998,#3284,#3285);
#2623=AXIS2_PLACEMENT_3D('',#4000,#3286,#3287);
#2624=AXIS2_PLACEMENT_3D('',#4003,#3289,#3290);
#2625=AXIS2_PLACEMENT_3D('',#4004,#3291,#3292);
#2626=AXIS2_PLACEMENT_3D('',#4013,#3297,#3298);
#2627=AXIS2_PLACEMENT_3D('',#4019,#3302,#3303);
#2628=AXIS2_PLACEMENT_3D('',#4025,#3307,#3308);
#2629=AXIS2_PLACEMENT_3D('',#4028,#3311,#3312);
#2630=AXIS2_PLACEMENT_3D('',#4029,#3313,#3314);
#2631=DIRECTION('axis',(0.,0.,1.));
#2632=DIRECTION('refdir',(1.,0.,0.));
#2633=DIRECTION('center_axis',(1.,0.,0.));
#2634=DIRECTION('ref_axis',(0.,-1.,0.));
#2635=DIRECTION('center_axis',(1.,0.,0.));
#2636=DIRECTION('ref_axis',(0.,-1.,0.));
#2637=DIRECTION('',(1.,0.,0.));
#2638=DIRECTION('center_axis',(-1.,0.,0.));
#2639=DIRECTION('ref_axis',(0.,-1.,0.));
#2640=DIRECTION('center_axis',(0.,0.,1.));
#2641=DIRECTION('ref_axis',(1.,0.,0.));
#2642=DIRECTION('center_axis',(0.,0.,1.));
#2643=DIRECTION('ref_axis',(1.,0.,0.));
#2644=DIRECTION('',(0.,0.,1.));
#2645=DIRECTION('center_axis',(0.,0.,-1.));
#2646=DIRECTION('ref_axis',(1.,0.,0.));
#2647=DIRECTION('center_axis',(0.,0.,1.));
#2648=DIRECTION('ref_axis',(1.,0.,0.));
#2649=DIRECTION('center_axis',(0.,0.,1.));
#2650=DIRECTION('ref_axis',(1.,0.,0.));
#2651=DIRECTION('',(0.,0.,1.));
#2652=DIRECTION('center_axis',(0.,0.,-1.));
#2653=DIRECTION('ref_axis',(1.,0.,0.));
#2654=DIRECTION('center_axis',(0.,-1.,0.));
#2655=DIRECTION('ref_axis',(-1.,0.,0.));
#2656=DIRECTION('center_axis',(0.,-1.,0.));
#2657=DIRECTION('ref_axis',(-1.,0.,0.));
#2658=DIRECTION('',(0.,-1.,0.));
#2659=DIRECTION('center_axis',(0.,-1.,0.));
#2660=DIRECTION('ref_axis',(-1.,0.,0.));
#2661=DIRECTION('center_axis',(0.,-1.,0.));
#2662=DIRECTION('ref_axis',(-1.,0.,0.));
#2663=DIRECTION('center_axis',(0.,-1.,0.));
#2664=DIRECTION('ref_axis',(-1.,0.,0.));
#2665=DIRECTION('',(0.,-1.,0.));
#2666=DIRECTION('center_axis',(0.,1.,0.));
#2667=DIRECTION('ref_axis',(-1.,0.,0.));
#2668=DIRECTION('center_axis',(0.,1.,0.));
#2669=DIRECTION('ref_axis',(-1.,0.,0.));
#2670=DIRECTION('center_axis',(0.,-1.,0.));
#2671=DIRECTION('ref_axis',(-1.,0.,0.));
#2672=DIRECTION('center_axis',(0.,-1.,0.));
#2673=DIRECTION('ref_axis',(-1.,0.,0.));
#2674=DIRECTION('',(0.,-1.,0.));
#2675=DIRECTION('center_axis',(0.,1.,0.));
#2676=DIRECTION('ref_axis',(-1.,0.,0.));
#2677=DIRECTION('center_axis',(0.,-1.,0.));
#2678=DIRECTION('ref_axis',(-1.,0.,0.));
#2679=DIRECTION('center_axis',(0.,-1.,0.));
#2680=DIRECTION('ref_axis',(-1.,0.,0.));
#2681=DIRECTION('',(0.,-1.,0.));
#2682=DIRECTION('center_axis',(0.,-1.,0.));
#2683=DIRECTION('ref_axis',(-1.,0.,0.));
#2684=DIRECTION('center_axis',(0.,1.,0.));
#2685=DIRECTION('ref_axis',(-1.,0.,0.));
#2686=DIRECTION('center_axis',(0.,-1.,0.));
#2687=DIRECTION('ref_axis',(-1.,0.,0.));
#2688=DIRECTION('center_axis',(0.,-1.,0.));
#2689=DIRECTION('ref_axis',(-1.,0.,0.));
#2690=DIRECTION('',(0.,-1.,0.));
#2691=DIRECTION('center_axis',(0.,1.,0.));
#2692=DIRECTION('ref_axis',(-1.,0.,0.));
#2693=DIRECTION('center_axis',(0.,-1.,0.));
#2694=DIRECTION('ref_axis',(-1.,0.,0.));
#2695=DIRECTION('center_axis',(0.,-1.,0.));
#2696=DIRECTION('ref_axis',(-1.,0.,0.));
#2697=DIRECTION('',(0.,-1.,0.));
#2698=DIRECTION('center_axis',(0.,1.,0.));
#2699=DIRECTION('ref_axis',(-1.,0.,0.));
#2700=DIRECTION('center_axis',(1.,0.,0.));
#2701=DIRECTION('ref_axis',(0.,0.,-1.));
#2702=DIRECTION('',(0.,-3.7720660981496E-14,1.));
#2703=DIRECTION('',(0.,1.,0.));
#2704=DIRECTION('',(0.,0.,-1.));
#2705=DIRECTION('',(0.,1.,0.));
#2706=DIRECTION('center_axis',(0.,0.,1.));
#2707=DIRECTION('ref_axis',(1.,0.,0.));
#2708=DIRECTION('',(-1.,0.,0.));
#2709=DIRECTION('',(1.,0.,0.));
#2710=DIRECTION('',(0.,1.,0.));
#2711=DIRECTION('',(-1.,0.,0.));
#2712=DIRECTION('center_axis',(-1.,0.,0.));
#2713=DIRECTION('ref_axis',(0.,0.,1.));
#2714=DIRECTION('',(0.,0.,-1.));
#2715=DIRECTION('',(0.,0.,1.));
#2716=DIRECTION('',(0.,1.,0.));
#2717=DIRECTION('center_axis',(4.81071421071554E-17,0.,-1.));
#2718=DIRECTION('ref_axis',(-1.,0.,-4.81071421071554E-17));
#2719=DIRECTION('',(1.,0.,4.81071421071554E-17));
#2720=DIRECTION('',(-1.,0.,-4.81071421071554E-17));
#2721=DIRECTION('',(1.,-1.81463319821266E-30,4.81071421071554E-17));
#2722=DIRECTION('center_axis',(0.,1.,0.));
#2723=DIRECTION('ref_axis',(0.,0.,1.));
#2724=DIRECTION('center_axis',(0.,1.,0.));
#2725=DIRECTION('ref_axis',(-1.,0.,0.));
#2726=DIRECTION('',(0.,3.7720660981496E-14,-1.));
#2727=DIRECTION('center_axis',(0.,-1.,-3.7720660981496E-14));
#2728=DIRECTION('ref_axis',(0.,3.7720660981496E-14,-1.));
#2729=DIRECTION('',(0.,3.7720660981496E-14,-1.));
#2730=DIRECTION('',(-1.,0.,0.));
#2731=DIRECTION('',(0.,-3.7720660981496E-14,1.));
#2732=DIRECTION('',(1.,0.,0.));
#2733=DIRECTION('',(0.,3.7720660981496E-14,-1.));
#2734=DIRECTION('center_axis',(1.,0.,0.));
#2735=DIRECTION('ref_axis',(0.,1.,0.));
#2736=DIRECTION('',(0.,1.,0.));
#2737=DIRECTION('',(0.,0.,1.));
#2738=DIRECTION('',(0.,-1.,0.));
#2739=DIRECTION('',(0.,0.,-1.));
#2740=DIRECTION('',(0.,-1.,0.));
#2741=DIRECTION('',(0.,0.,-1.));
#2742=DIRECTION('',(0.,1.,0.));
#2743=DIRECTION('center_axis',(-1.,0.,0.));
#2744=DIRECTION('ref_axis',(0.,0.930267068131675,0.366883063045567));
#2745=DIRECTION('center_axis',(-1.,0.,0.));
#2746=DIRECTION('ref_axis',(0.,0.847776908054931,0.530353009012697));
#2747=DIRECTION('center_axis',(1.,0.,0.));
#2748=DIRECTION('ref_axis',(0.,1.,0.));
#2749=DIRECTION('',(0.,-0.669445891480724,-0.742860820328801));
#2750=DIRECTION('center_axis',(1.,0.,0.));
#2751=DIRECTION('ref_axis',(0.,0.975291625444782,0.220921355548248));
#2752=DIRECTION('',(0.,0.220921355548249,-0.975291625444782));
#2753=DIRECTION('',(0.,-0.934655962459124,0.355553416295793));
#2754=DIRECTION('',(0.,-0.355553416295793,-0.934655962459124));
#2755=DIRECTION('',(0.,0.934655962459124,-0.355553416295793));
#2756=DIRECTION('',(0.,0.355553416295793,0.934655962459124));
#2757=DIRECTION('',(0.,0.,-1.));
#2758=DIRECTION('',(0.,1.,0.));
#2759=DIRECTION('',(0.,0.,-1.));
#2760=DIRECTION('',(0.,1.,0.));
#2761=DIRECTION('',(0.,0.,1.));
#2762=DIRECTION('',(0.,-1.,0.));
#2763=DIRECTION('center_axis',(1.,0.,0.));
#2764=DIRECTION('ref_axis',(0.,-1.,0.));
#2765=DIRECTION('',(0.,0.819152044288991,0.573576436351047));
#2766=DIRECTION('center_axis',(1.,0.,0.));
#2767=DIRECTION('ref_axis',(0.,-1.,0.));
#2768=DIRECTION('',(0.,0.819152044288992,-0.573576436351046));
#2769=DIRECTION('',(0.,0.,1.));
#2770=DIRECTION('center_axis',(-1.,0.,0.));
#2771=DIRECTION('ref_axis',(0.,0.707106781186548,0.707106781186547));
#2772=DIRECTION('',(0.,-1.,0.));
#2773=DIRECTION('center_axis',(-1.,0.,0.));
#2774=DIRECTION('ref_axis',(0.,-0.707106781186548,0.707106781186547));
#2775=DIRECTION('',(0.,0.,-1.));
#2776=DIRECTION('center_axis',(-1.,0.,0.));
#2777=DIRECTION('ref_axis',(0.,-0.707106781186548,-0.707106781186547));
#2778=DIRECTION('',(0.,1.,0.));
#2779=DIRECTION('center_axis',(-1.,0.,0.));
#2780=DIRECTION('ref_axis',(0.,0.707106781186548,-0.707106781186547));
#2781=DIRECTION('',(0.,-1.,-1.11022302462516E-16));
#2782=DIRECTION('center_axis',(1.,0.,0.));
#2783=DIRECTION('ref_axis',(0.,-1.,-1.46081976924363E-15));
#2784=DIRECTION('',(0.,4.93432455388958E-16,-1.));
#2785=DIRECTION('center_axis',(1.,0.,0.));
#2786=DIRECTION('ref_axis',(0.,-5.84327907697451E-16,-1.));
#2787=DIRECTION('',(0.,1.,2.22044604925031E-16));
#2788=DIRECTION('center_axis',(1.,0.,0.));
#2789=DIRECTION('ref_axis',(0.,1.,-2.92163953848725E-16));
#2790=DIRECTION('',(0.,-6.16790569236198E-16,1.));
#2791=DIRECTION('center_axis',(1.,0.,0.));
#2792=DIRECTION('ref_axis',(0.,0.,1.));
#2793=DIRECTION('',(0.,0.220921355548248,-0.975291625444782));
#2794=DIRECTION('',(0.,0.669445891480724,0.742860820328801));
#2795=DIRECTION('center_axis',(1.,0.,0.));
#2796=DIRECTION('ref_axis',(0.,1.,0.));
#2797=DIRECTION('',(0.,-0.934655962459124,0.355553416295793));
#2798=DIRECTION('',(0.,-0.355553416295791,-0.934655962459124));
#2799=DIRECTION('center_axis',(-1.,0.,0.));
#2800=DIRECTION('ref_axis',(0.,-0.823271952727589,-0.567647154359205));
#2801=DIRECTION('',(0.,1.,2.26136935340311E-17));
#2802=DIRECTION('center_axis',(-1.,0.,0.));
#2803=DIRECTION('ref_axis',(0.,0.983528332703012,-0.180754028365714));
#2804=DIRECTION('',(0.,-0.934655962459124,0.355553416295792));
#2805=DIRECTION('center_axis',(-1.,0.,0.));
#2806=DIRECTION('ref_axis',(0.,-0.409487337394487,0.912315800868084));
#2807=DIRECTION('',(0.,0.355553416295791,0.934655962459124));
#2808=DIRECTION('center_axis',(-1.,0.,0.));
#2809=DIRECTION('ref_axis',(0.,0.912315800868082,0.409487337394492));
#2810=DIRECTION('',(0.,-0.934655962459124,0.355553416295792));
#2811=DIRECTION('center_axis',(-1.,0.,0.));
#2812=DIRECTION('ref_axis',(0.,-0.409487337394487,0.912315800868084));
#2813=DIRECTION('',(0.,-0.355553416295791,-0.934655962459124));
#2814=DIRECTION('center_axis',(-1.,0.,0.));
#2815=DIRECTION('ref_axis',(0.,-0.823271952727584,-0.567647154359212));
#2816=DIRECTION('',(0.,1.,2.26136935340311E-17));
#2817=DIRECTION('center_axis',(-1.,0.,0.));
#2818=DIRECTION('ref_axis',(0.,0.567647154359209,-0.823271952727586));
#2819=DIRECTION('',(0.,0.355553416295792,0.934655962459124));
#2820=DIRECTION('center_axis',(-1.,0.,0.));
#2821=DIRECTION('ref_axis',(0.,0.912315800868089,0.409487337394477));
#2822=DIRECTION('',(0.,-0.934655962459124,0.355553416295791));
#2823=DIRECTION('center_axis',(-1.,0.,0.));
#2824=DIRECTION('ref_axis',(0.,-0.669133609382759,0.743142121531542));
#2825=DIRECTION('center_axis',(-1.,0.,0.));
#2826=DIRECTION('ref_axis',(0.,-1.,0.));
#2827=DIRECTION('center_axis',(-1.,0.,0.));
#2828=DIRECTION('ref_axis',(0.,-0.965206678190703,-0.261488180184244));
#2829=DIRECTION('',(0.,1.,2.26136935340311E-17));
#2830=DIRECTION('center_axis',(-1.,0.,0.));
#2831=DIRECTION('ref_axis',(0.,0.567647154359207,-0.823271952727587));
#2832=DIRECTION('',(0.,0.,1.));
#2833=DIRECTION('center_axis',(1.,0.,0.));
#2834=DIRECTION('ref_axis',(0.,-1.16558847729675E-15,1.));
#2835=DIRECTION('',(0.,-1.,0.));
#2836=DIRECTION('center_axis',(1.,0.,0.));
#2837=DIRECTION('ref_axis',(0.,-1.,-1.89408127560723E-15));
#2838=DIRECTION('',(0.,0.,-1.));
#2839=DIRECTION('center_axis',(-1.,0.,0.));
#2840=DIRECTION('ref_axis',(0.,-0.707106781186546,-0.707106781186549));
#2841=DIRECTION('',(0.,-1.,-1.94264746216125E-16));
#2842=DIRECTION('center_axis',(-1.,0.,0.));
#2843=DIRECTION('ref_axis',(0.,0.707106781186547,-0.707106781186548));
#2844=DIRECTION('center_axis',(0.,0.,-1.));
#2845=DIRECTION('ref_axis',(0.,1.,0.));
#2846=DIRECTION('',(0.,1.,0.));
#2847=DIRECTION('',(-1.,0.,0.));
#2848=DIRECTION('center_axis',(1.,0.,0.));
#2849=DIRECTION('ref_axis',(0.,1.,0.));
#2850=DIRECTION('',(0.,-1.,0.));
#2851=DIRECTION('',(0.,0.,-1.));
#2852=DIRECTION('',(0.,-1.,0.));
#2853=DIRECTION('',(0.,0.,1.));
#2854=DIRECTION('',(0.,-1.,0.));
#2855=DIRECTION('',(0.,0.,1.));
#2856=DIRECTION('',(0.,-0.355553416295793,-0.934655962459124));
#2857=DIRECTION('',(0.,-0.934655962459124,0.355553416295793));
#2858=DIRECTION('',(0.,0.355553416295793,0.934655962459124));
#2859=DIRECTION('',(0.,-0.934655962459124,0.355553416295793));
#2860=DIRECTION('',(0.,-0.220921355548249,0.975291625444782));
#2861=DIRECTION('center_axis',(1.,0.,0.));
#2862=DIRECTION('ref_axis',(0.,0.975291625444782,0.220921355548248));
#2863=DIRECTION('',(0.,-0.669445891480724,-0.742860820328801));
#2864=DIRECTION('center_axis',(1.,0.,0.));
#2865=DIRECTION('ref_axis',(0.,-1.,0.));
#2866=DIRECTION('center_axis',(1.,0.,0.));
#2867=DIRECTION('ref_axis',(0.,0.847776908054931,0.530353009012697));
#2868=DIRECTION('center_axis',(-1.,0.,0.));
#2869=DIRECTION('ref_axis',(0.,0.930267068131675,0.366883063045567));
#2870=DIRECTION('',(0.,1.,0.));
#2871=DIRECTION('',(0.,0.,1.));
#2872=DIRECTION('',(0.,1.,0.));
#2873=DIRECTION('',(0.,0.,1.));
#2874=DIRECTION('',(0.,1.,0.));
#2875=DIRECTION('',(0.,0.,-1.));
#2876=DIRECTION('',(0.,0.220921355548248,-0.975291625444782));
#2877=DIRECTION('',(0.,-0.934655962459124,0.355553416295793));
#2878=DIRECTION('center_axis',(1.,0.,0.));
#2879=DIRECTION('ref_axis',(0.,1.,0.));
#2880=DIRECTION('',(0.,0.669445891480724,0.742860820328801));
#2881=DIRECTION('center_axis',(-1.,0.,0.));
#2882=DIRECTION('ref_axis',(0.,1.,0.));
#2883=DIRECTION('',(0.,0.355553416295791,0.934655962459124));
#2884=DIRECTION('center_axis',(1.,0.,0.));
#2885=DIRECTION('ref_axis',(0.,-0.409487337394487,0.912315800868084));
#2886=DIRECTION('',(0.,0.934655962459124,-0.355553416295792));
#2887=DIRECTION('center_axis',(1.,0.,0.));
#2888=DIRECTION('ref_axis',(0.,0.983528332703012,-0.180754028365714));
#2889=DIRECTION('',(0.,-1.,-2.26136935340311E-17));
#2890=DIRECTION('center_axis',(1.,0.,0.));
#2891=DIRECTION('ref_axis',(0.,-0.823271952727589,-0.567647154359205));
#2892=DIRECTION('',(0.,-0.355553416295791,-0.934655962459124));
#2893=DIRECTION('center_axis',(1.,0.,0.));
#2894=DIRECTION('ref_axis',(0.,0.567647154359209,-0.823271952727586));
#2895=DIRECTION('',(0.,-1.,-2.26136935340311E-17));
#2896=DIRECTION('center_axis',(1.,0.,0.));
#2897=DIRECTION('ref_axis',(0.,-0.823271952727584,-0.567647154359212));
#2898=DIRECTION('',(0.,0.355553416295791,0.934655962459124));
#2899=DIRECTION('center_axis',(1.,0.,0.));
#2900=DIRECTION('ref_axis',(0.,-0.409487337394487,0.912315800868084));
#2901=DIRECTION('',(0.,0.934655962459124,-0.355553416295792));
#2902=DIRECTION('center_axis',(1.,0.,0.));
#2903=DIRECTION('ref_axis',(0.,0.912315800868082,0.409487337394492));
#2904=DIRECTION('',(0.,-0.355553416295792,-0.934655962459124));
#2905=DIRECTION('center_axis',(1.,0.,0.));
#2906=DIRECTION('ref_axis',(0.,0.567647154359207,-0.823271952727587));
#2907=DIRECTION('',(0.,-1.,-2.26136935340311E-17));
#2908=DIRECTION('center_axis',(1.,0.,0.));
#2909=DIRECTION('ref_axis',(0.,-0.965206678190703,-0.261488180184244));
#2910=DIRECTION('center_axis',(1.,0.,0.));
#2911=DIRECTION('ref_axis',(0.,-1.,0.));
#2912=DIRECTION('center_axis',(1.,0.,0.));
#2913=DIRECTION('ref_axis',(0.,-0.669133609382759,0.743142121531542));
#2914=DIRECTION('',(0.,0.934655962459124,-0.355553416295791));
#2915=DIRECTION('center_axis',(1.,0.,0.));
#2916=DIRECTION('ref_axis',(0.,0.912315800868089,0.409487337394477));
#2917=DIRECTION('center_axis',(-1.,0.,0.));
#2918=DIRECTION('ref_axis',(0.,-1.,0.));
#2919=DIRECTION('center_axis',(-1.,0.,0.));
#2920=DIRECTION('ref_axis',(0.,-1.,0.));
#2921=DIRECTION('center_axis',(-1.,0.,0.));
#2922=DIRECTION('ref_axis',(0.,-1.,0.));
#2923=DIRECTION('center_axis',(-1.,0.,0.));
#2924=DIRECTION('ref_axis',(0.,-1.,0.));
#2925=DIRECTION('center_axis',(-1.51394048812521E-16,-0.355553416295792,
-0.934655962459124));
#2926=DIRECTION('ref_axis',(-1.,4.87241109086724E-16,-2.33735117096302E-17));
#2927=DIRECTION('center_axis',(0.,-0.355553416295793,-0.934655962459124));
#2928=DIRECTION('ref_axis',(-1.,4.87241109086724E-16,-2.33735117096302E-17));
#2929=DIRECTION('',(-1.51394048812521E-16,-0.355553416295792,-0.934655962459124));
#2930=DIRECTION('center_axis',(0.,0.355553416295792,0.934655962459124));
#2931=DIRECTION('ref_axis',(-1.,4.87241109086724E-16,-2.33735117096302E-17));
#2932=DIRECTION('center_axis',(0.,0.355553416295792,0.934655962459124));
#2933=DIRECTION('ref_axis',(-1.,4.87241109086724E-16,-2.33735117096302E-17));
#2934=DIRECTION('center_axis',(-1.51394048812521E-16,-0.355553416295792,
-0.934655962459124));
#2935=DIRECTION('ref_axis',(-1.,4.87241109086724E-16,-2.33735117096302E-17));
#2936=DIRECTION('center_axis',(0.,-0.355553416295793,-0.934655962459124));
#2937=DIRECTION('ref_axis',(-1.,4.87241109086724E-16,-2.33735117096302E-17));
#2938=DIRECTION('',(-1.51394048812521E-16,-0.355553416295792,-0.934655962459124));
#2939=DIRECTION('center_axis',(0.,0.,1.));
#2940=DIRECTION('ref_axis',(4.87241109086724E-16,1.,0.));
#2941=DIRECTION('center_axis',(0.,0.355553416295792,0.934655962459124));
#2942=DIRECTION('ref_axis',(0.,-0.934655962459124,0.355553416295792));
#2943=DIRECTION('',(-1.,0.,0.));
#2944=DIRECTION('',(1.,0.,0.));
#2945=DIRECTION('',(-1.,0.,0.));
#2946=DIRECTION('center_axis',(1.,0.,0.));
#2947=DIRECTION('ref_axis',(0.,-1.16558847729675E-15,1.));
#2948=DIRECTION('',(1.,0.,0.));
#2949=DIRECTION('',(1.,0.,0.));
#2950=DIRECTION('center_axis',(1.,0.,0.));
#2951=DIRECTION('ref_axis',(0.,-1.16558847729675E-15,1.));
#2952=DIRECTION('',(1.,0.,0.));
#2953=DIRECTION('center_axis',(0.,0.,-1.));
#2954=DIRECTION('ref_axis',(-1.,0.,0.));
#2955=DIRECTION('center_axis',(0.,0.,-1.));
#2956=DIRECTION('ref_axis',(-1.,0.,0.));
#2957=DIRECTION('',(0.,0.,-1.));
#2958=DIRECTION('center_axis',(0.,0.,-1.));
#2959=DIRECTION('ref_axis',(-1.,0.,0.));
#2960=DIRECTION('center_axis',(0.,0.,1.));
#2961=DIRECTION('ref_axis',(-1.,0.,0.));
#2962=DIRECTION('center_axis',(0.,0.,-1.));
#2963=DIRECTION('ref_axis',(-1.,0.,0.));
#2964=DIRECTION('center_axis',(0.,0.,-1.));
#2965=DIRECTION('ref_axis',(-1.,0.,0.));
#2966=DIRECTION('',(0.,0.,-1.));
#2967=DIRECTION('center_axis',(0.,0.,-1.));
#2968=DIRECTION('ref_axis',(-1.,0.,0.));
#2969=DIRECTION('center_axis',(0.,0.,1.));
#2970=DIRECTION('ref_axis',(-1.,0.,0.));
#2971=DIRECTION('center_axis',(-1.,0.,0.));
#2972=DIRECTION('ref_axis',(0.,-0.707106781186546,-0.707106781186549));
#2973=DIRECTION('center_axis',(-1.,0.,0.));
#2974=DIRECTION('ref_axis',(0.,-0.707106781186546,-0.707106781186549));
#2975=DIRECTION('',(-1.,0.,0.));
#2976=DIRECTION('',(1.,0.,0.));
#2977=DIRECTION('center_axis',(0.,0.,1.));
#2978=DIRECTION('ref_axis',(1.,0.,0.));
#2979=DIRECTION('',(0.,-1.,0.));
#2980=DIRECTION('',(1.,0.,0.));
#2981=DIRECTION('center_axis',(1.,0.,0.));
#2982=DIRECTION('ref_axis',(0.,0.707106781186547,-0.707106781186548));
#2983=DIRECTION('center_axis',(-1.,0.,0.));
#2984=DIRECTION('ref_axis',(0.,0.707106781186547,-0.707106781186548));
#2985=DIRECTION('',(-1.,0.,0.));
#2986=DIRECTION('center_axis',(-1.,0.,0.));
#2987=DIRECTION('ref_axis',(0.,-1.,0.));
#2988=DIRECTION('',(0.,0.,-1.));
#2989=DIRECTION('center_axis',(1.,0.,0.));
#2990=DIRECTION('ref_axis',(0.,-1.,-1.89408127560723E-15));
#2991=DIRECTION('',(0.,-1.,0.));
#2992=DIRECTION('',(0.,0.,1.));
#2993=DIRECTION('center_axis',(0.,-1.,0.));
#2994=DIRECTION('ref_axis',(0.,0.,-1.));
#2995=DIRECTION('',(1.,0.,0.));
#2996=DIRECTION('center_axis',(0.,1.,0.));
#2997=DIRECTION('ref_axis',(0.,0.,1.));
#2998=DIRECTION('center_axis',(1.,0.,0.));
#2999=DIRECTION('ref_axis',(0.,-1.,0.));
#3000=DIRECTION('center_axis',(-1.,0.,0.));
#3001=DIRECTION('ref_axis',(0.,-1.,0.));
#3002=DIRECTION('',(1.,0.,0.));
#3003=DIRECTION('center_axis',(1.,0.,0.));
#3004=DIRECTION('ref_axis',(0.,-1.,0.));
#3005=DIRECTION('center_axis',(-1.,0.,0.));
#3006=DIRECTION('ref_axis',(0.,-1.,0.));
#3007=DIRECTION('',(1.,0.,0.));
#3008=DIRECTION('center_axis',(1.,0.,0.));
#3009=DIRECTION('ref_axis',(0.,-1.,0.));
#3010=DIRECTION('center_axis',(-1.,0.,0.));
#3011=DIRECTION('ref_axis',(0.,-1.,0.));
#3012=DIRECTION('',(1.,0.,0.));
#3013=DIRECTION('center_axis',(1.,0.,0.));
#3014=DIRECTION('ref_axis',(0.,-5.0532154980743E-16,-1.));
#3015=DIRECTION('',(1.,0.,0.));
#3016=DIRECTION('center_axis',(1.,0.,0.));
#3017=DIRECTION('ref_axis',(0.,-1.,0.));
#3018=DIRECTION('',(1.,0.,0.));
#3019=DIRECTION('center_axis',(0.,-0.573576436351046,-0.819152044288992));
#3020=DIRECTION('ref_axis',(0.,0.819152044288992,-0.573576436351046));
#3021=DIRECTION('',(1.,0.,0.));
#3022=DIRECTION('',(0.,0.819152044288992,-0.573576436351046));
#3023=DIRECTION('center_axis',(1.,0.,0.));
#3024=DIRECTION('ref_axis',(0.,-1.,0.));
#3025=DIRECTION('',(1.,0.,0.));
#3026=DIRECTION('center_axis',(1.,0.,0.));
#3027=DIRECTION('ref_axis',(0.,-1.,0.));
#3028=DIRECTION('center_axis',(0.,0.573576436351047,-0.819152044288991));
#3029=DIRECTION('ref_axis',(0.,0.819152044288991,0.573576436351047));
#3030=DIRECTION('',(0.,0.819152044288991,0.573576436351047));
#3031=DIRECTION('center_axis',(-1.,0.,0.));
#3032=DIRECTION('ref_axis',(0.,-1.,0.));
#3033=DIRECTION('center_axis',(-1.,0.,0.));
#3034=DIRECTION('ref_axis',(0.,1.,0.));
#3035=DIRECTION('center_axis',(1.,0.,0.));
#3036=DIRECTION('ref_axis',(0.,-1.,0.));
#3037=DIRECTION('center_axis',(1.,0.,0.));
#3038=DIRECTION('ref_axis',(0.,-1.,0.));
#3039=DIRECTION('',(1.,0.,0.));
#3040=DIRECTION('center_axis',(1.,0.,0.));
#3041=DIRECTION('ref_axis',(0.,0.707106781186548,0.707106781186547));
#3042=DIRECTION('center_axis',(-1.,0.,0.));
#3043=DIRECTION('ref_axis',(0.,0.707106781186548,0.707106781186547));
#3044=DIRECTION('',(-1.,0.,0.));
#3045=DIRECTION('',(1.,0.,0.));
#3046=DIRECTION('center_axis',(0.,1.,0.));
#3047=DIRECTION('ref_axis',(0.,0.,1.));
#3048=DIRECTION('',(-1.,0.,0.));
#3049=DIRECTION('',(0.,0.,1.));
#3050=DIRECTION('center_axis',(1.,0.,0.));
#3051=DIRECTION('ref_axis',(0.,-0.707106781186548,0.707106781186547));
#3052=DIRECTION('center_axis',(-1.,0.,0.));
#3053=DIRECTION('ref_axis',(0.,-0.707106781186548,0.707106781186547));
#3054=DIRECTION('',(-1.,0.,0.));
#3055=DIRECTION('',(1.,0.,0.));
#3056=DIRECTION('center_axis',(0.,0.,1.));
#3057=DIRECTION('ref_axis',(0.,-1.,0.));
#3058=DIRECTION('',(0.,-1.,0.));
#3059=DIRECTION('center_axis',(1.,0.,0.));
#3060=DIRECTION('ref_axis',(0.,0.707106781186548,-0.707106781186547));
#3061=DIRECTION('center_axis',(-1.,0.,0.));
#3062=DIRECTION('ref_axis',(0.,0.707106781186548,-0.707106781186547));
#3063=DIRECTION('',(1.,0.,0.));
#3064=DIRECTION('center_axis',(0.,0.,-1.));
#3065=DIRECTION('ref_axis',(0.,1.,0.));
#3066=DIRECTION('',(-1.,0.,0.));
#3067=DIRECTION('',(0.,1.,0.));
#3068=DIRECTION('center_axis',(1.,0.,0.));
#3069=DIRECTION('ref_axis',(0.,-0.707106781186548,-0.707106781186547));
#3070=DIRECTION('center_axis',(-1.,0.,0.));
#3071=DIRECTION('ref_axis',(0.,-0.707106781186548,-0.707106781186547));
#3072=DIRECTION('',(1.,0.,0.));
#3073=DIRECTION('center_axis',(0.,-1.,0.));
#3074=DIRECTION('ref_axis',(0.,0.,-1.));
#3075=DIRECTION('',(0.,0.,-1.));
#3076=DIRECTION('center_axis',(1.,0.,0.));
#3077=DIRECTION('ref_axis',(0.,0.,-1.));
#3078=DIRECTION('center_axis',(-1.,0.,0.));
#3079=DIRECTION('ref_axis',(0.,0.847776908054931,0.530353009012697));
#3080=DIRECTION('',(-1.,0.,0.));
#3081=DIRECTION('',(1.,0.,0.));
#3082=DIRECTION('center_axis',(1.,0.,0.));
#3083=DIRECTION('ref_axis',(0.,-0.999767085309171,-0.0215818241213338));
#3084=DIRECTION('',(1.,0.,0.));
#3085=DIRECTION('center_axis',(1.,0.,0.));
#3086=DIRECTION('ref_axis',(0.,0.930267068131675,0.366883063045567));
#3087=DIRECTION('',(1.,0.,0.));
#3088=DIRECTION('center_axis',(0.,0.,-1.));
#3089=DIRECTION('ref_axis',(0.,1.,0.));
#3090=DIRECTION('',(1.,0.,0.));
#3091=DIRECTION('center_axis',(1.,0.,0.));
#3092=DIRECTION('ref_axis',(0.,-1.,-1.89408127560723E-15));
#3093=DIRECTION('',(1.,0.,0.));
#3094=DIRECTION('center_axis',(0.,0.,1.));
#3095=DIRECTION('ref_axis',(0.,-1.,0.));
#3096=DIRECTION('center_axis',(1.,0.,0.));
#3097=DIRECTION('ref_axis',(0.,0.983528332703012,-0.180754028365714));
#3098=DIRECTION('',(1.,0.,0.));
#3099=DIRECTION('center_axis',(0.,2.26136935340311E-17,-1.));
#3100=DIRECTION('ref_axis',(0.,1.,2.26136935340311E-17));
#3101=DIRECTION('',(-1.,0.,0.));
#3102=DIRECTION('center_axis',(1.,0.,0.));
#3103=DIRECTION('ref_axis',(0.,-0.823271952727589,-0.567647154359205));
#3104=DIRECTION('',(1.,0.,0.));
#3105=DIRECTION('center_axis',(0.,-0.934655962459124,0.355553416295791));
#3106=DIRECTION('ref_axis',(0.,-0.355553416295791,-0.934655962459124));
#3107=DIRECTION('',(-1.,0.,0.));
#3108=DIRECTION('center_axis',(1.,0.,0.));
#3109=DIRECTION('ref_axis',(0.,-0.409487337394487,0.912315800868084));
#3110=DIRECTION('center_axis',(1.,0.,0.));
#3111=DIRECTION('ref_axis',(0.,-0.409487337394487,0.912315800868084));
#3112=DIRECTION('',(1.,0.,0.));
#3113=DIRECTION('',(-1.,0.,0.));
#3114=DIRECTION('center_axis',(0.,0.355553416295792,0.934655962459124));
#3115=DIRECTION('ref_axis',(0.,-0.934655962459124,0.355553416295792));
#3116=DIRECTION('',(-1.,0.,0.));
#3117=DIRECTION('center_axis',(1.,0.,0.));
#3118=DIRECTION('ref_axis',(0.,-0.823271952727584,-0.567647154359212));
#3119=DIRECTION('',(1.,0.,0.));
#3120=DIRECTION('',(-1.,0.,0.));
#3121=DIRECTION('center_axis',(0.,-0.934655962459124,0.355553416295791));
#3122=DIRECTION('ref_axis',(0.,-0.355553416295791,-0.934655962459124));
#3123=DIRECTION('center_axis',(1.,0.,0.));
#3124=DIRECTION('ref_axis',(0.,0.912315800868082,0.409487337394492));
#3125=DIRECTION('',(1.,0.,0.));
#3126=DIRECTION('center_axis',(0.,0.934655962459124,-0.355553416295791));
#3127=DIRECTION('ref_axis',(0.,0.355553416295791,0.934655962459124));
#3128=DIRECTION('',(-1.,0.,0.));
#3129=DIRECTION('center_axis',(1.,0.,0.));
#3130=DIRECTION('ref_axis',(0.,0.912315800868089,0.409487337394477));
#3131=DIRECTION('',(1.,0.,0.));
#3132=DIRECTION('',(-1.,0.,0.));
#3133=DIRECTION('center_axis',(0.,0.934655962459124,-0.355553416295792));
#3134=DIRECTION('ref_axis',(0.,0.355553416295792,0.934655962459124));
#3135=DIRECTION('',(-1.,0.,0.));
#3136=DIRECTION('center_axis',(1.,0.,0.));
#3137=DIRECTION('ref_axis',(0.,0.567647154359209,-0.823271952727586));
#3138=DIRECTION('',(1.,0.,0.));
#3139=DIRECTION('center_axis',(0.,2.26136935340311E-17,-1.));
#3140=DIRECTION('ref_axis',(0.,1.,2.26136935340311E-17));
#3141=DIRECTION('center_axis',(1.,0.,0.));
#3142=DIRECTION('ref_axis',(0.,0.567647154359207,-0.823271952727587));
#3143=DIRECTION('',(1.,0.,0.));
#3144=DIRECTION('center_axis',(0.,2.26136935340311E-17,-1.));
#3145=DIRECTION('ref_axis',(0.,1.,2.26136935340311E-17));
#3146=DIRECTION('',(-1.,0.,0.));
#3147=DIRECTION('center_axis',(1.,0.,0.));
#3148=DIRECTION('ref_axis',(0.,-0.669133609382759,0.743142121531542));
#3149=DIRECTION('',(1.,0.,0.));
#3150=DIRECTION('',(-1.,0.,0.));
#3151=DIRECTION('center_axis',(0.,0.355553416295791,0.934655962459124));
#3152=DIRECTION('ref_axis',(0.,-0.934655962459124,0.355553416295791));
#3153=DIRECTION('center_axis',(1.,0.,0.));
#3154=DIRECTION('ref_axis',(0.,-0.965206678190703,-0.261488180184244));
#3155=DIRECTION('',(1.,0.,0.));
#3156=DIRECTION('center_axis',(1.,0.,0.));
#3157=DIRECTION('ref_axis',(0.,0.924361683104957,-0.381517337492506));
#3158=DIRECTION('center_axis',(-1.,0.,0.));
#3159=DIRECTION('ref_axis',(0.,1.,0.));
#3160=DIRECTION('',(-1.,0.,0.));
#3161=DIRECTION('center_axis',(0.,0.,1.));
#3162=DIRECTION('ref_axis',(1.,0.,0.));
#3163=DIRECTION('',(1.,0.,0.));
#3164=DIRECTION('',(-1.,0.,0.));
#3165=DIRECTION('center_axis',(0.,-1.,0.));
#3166=DIRECTION('ref_axis',(1.,0.,0.));
#3167=DIRECTION('center_axis',(0.,-1.,0.));
#3168=DIRECTION('ref_axis',(0.,0.,1.));
#3169=DIRECTION('',(-1.,0.,0.));
#3170=DIRECTION('center_axis',(3.38963670212154E-32,-0.934655962459124,
0.355553416295793));
#3171=DIRECTION('ref_axis',(-1.,-1.76061069357691E-17,-4.62818020275178E-17));
#3172=DIRECTION('',(-1.,-1.76061069357691E-17,-4.62818020275178E-17));
#3173=DIRECTION('',(-1.,-3.16814415420817E-32,1.20519690944092E-32));
#3174=DIRECTION('center_axis',(0.,0.934655962459124,-0.355553416295793));
#3175=DIRECTION('ref_axis',(1.,0.,0.));
#3176=DIRECTION('',(1.,0.,0.));
#3177=DIRECTION('',(1.,0.,0.));
#3178=DIRECTION('center_axis',(0.,-0.355553416295793,-0.934655962459124));
#3179=DIRECTION('ref_axis',(-1.,0.,0.));
#3180=DIRECTION('center_axis',(0.,0.355553416295793,0.934655962459124));
#3181=DIRECTION('ref_axis',(0.,-0.934655962459123,0.355553416295793));
#3182=DIRECTION('',(1.,0.,0.));
#3183=DIRECTION('center_axis',(0.,-1.,0.));
#3184=DIRECTION('ref_axis',(-1.,0.,0.));
#3185=DIRECTION('',(-1.,0.,0.));
#3186=DIRECTION('center_axis',(0.,0.,-1.));
#3187=DIRECTION('ref_axis',(-1.,0.,0.));
#3188=DIRECTION('',(1.,0.,0.));
#3189=DIRECTION('center_axis',(0.,1.,0.));
#3190=DIRECTION('ref_axis',(0.,0.,-1.));
#3191=DIRECTION('',(-1.,0.,0.));
#3192=DIRECTION('',(1.,0.,0.));
#3193=DIRECTION('center_axis',(0.,-1.,0.));
#3194=DIRECTION('ref_axis',(0.,0.,1.));
#3195=DIRECTION('',(-1.,0.,0.));
#3196=DIRECTION('center_axis',(0.,0.,-1.));
#3197=DIRECTION('ref_axis',(0.,-1.,0.));
#3198=DIRECTION('center_axis',(0.,1.,0.));
#3199=DIRECTION('ref_axis',(0.,0.,-1.));
#3200=DIRECTION('',(-1.,0.,0.));
#3201=DIRECTION('center_axis',(0.,0.,1.));
#3202=DIRECTION('ref_axis',(0.,1.,0.));
#3203=DIRECTION('center_axis',(0.,0.,1.));
#3204=DIRECTION('ref_axis',(0.,-1.,0.));
#3205=DIRECTION('center_axis',(-1.,0.,0.));
#3206=DIRECTION('ref_axis',(0.,-1.,0.));
#3207=DIRECTION('center_axis',(1.,0.,0.));
#3208=DIRECTION('ref_axis',(0.,-1.,-1.46081976924363E-15));
#3209=DIRECTION('',(0.,-1.,-1.11022302462516E-16));
#3210=DIRECTION('center_axis',(1.,0.,0.));
#3211=DIRECTION('ref_axis',(0.,0.,1.));
#3212=DIRECTION('',(0.,-6.16790569236198E-16,1.));
#3213=DIRECTION('center_axis',(1.,0.,0.));
#3214=DIRECTION('ref_axis',(0.,1.,-2.92163953848725E-16));
#3215=DIRECTION('',(0.,1.,2.22044604925031E-16));
#3216=DIRECTION('center_axis',(1.,0.,0.));
#3217=DIRECTION('ref_axis',(0.,-5.84327907697451E-16,-1.));
#3218=DIRECTION('',(0.,4.93432455388958E-16,-1.));
#3219=DIRECTION('center_axis',(1.,0.,0.));
#3220=DIRECTION('ref_axis',(0.,1.,-2.92163953848725E-16));
#3221=DIRECTION('',(1.,0.,0.));
#3222=DIRECTION('',(1.,0.,0.));
#3223=DIRECTION('center_axis',(0.,1.,6.16790569236198E-16));
#3224=DIRECTION('ref_axis',(0.,-6.16790569236198E-16,1.));
#3225=DIRECTION('',(1.,0.,0.));
#3226=DIRECTION('center_axis',(1.,0.,0.));
#3227=DIRECTION('ref_axis',(0.,0.,1.));
#3228=DIRECTION('',(1.,0.,0.));
#3229=DIRECTION('center_axis',(0.,-1.11022302462516E-16,1.));
#3230=DIRECTION('ref_axis',(0.,-1.,-1.11022302462516E-16));
#3231=DIRECTION('',(1.,0.,0.));
#3232=DIRECTION('center_axis',(0.,2.22044604925031E-16,-1.));
#3233=DIRECTION('ref_axis',(0.,1.,2.22044604925031E-16));
#3234=DIRECTION('',(1.,0.,0.));
#3235=DIRECTION('center_axis',(1.,0.,0.));
#3236=DIRECTION('ref_axis',(0.,-5.84327907697451E-16,-1.));
#3237=DIRECTION('',(1.,0.,0.));
#3238=DIRECTION('center_axis',(0.,-1.,-4.93432455388958E-16));
#3239=DIRECTION('ref_axis',(0.,4.93432455388958E-16,-1.));
#3240=DIRECTION('',(1.,0.,0.));
#3241=DIRECTION('center_axis',(1.,0.,0.));
#3242=DIRECTION('ref_axis',(0.,-1.,-1.46081976924363E-15));
#3243=DIRECTION('center_axis',(0.,0.742860820328801,-0.669445891480724));
#3244=DIRECTION('ref_axis',(0.,0.669445891480724,0.742860820328801));
#3245=DIRECTION('',(1.,0.,0.));
#3246=DIRECTION('',(1.,0.,0.));
#3247=DIRECTION('center_axis',(1.,0.,0.));
#3248=DIRECTION('ref_axis',(0.,1.,0.));
#3249=DIRECTION('',(1.,0.,0.));
#3250=DIRECTION('center_axis',(0.,0.355553416295793,0.934655962459124));
#3251=DIRECTION('ref_axis',(0.,-0.934655962459123,0.355553416295793));
#3252=DIRECTION('',(1.,0.,0.));
#3253=DIRECTION('center_axis',(0.,-0.975291625444782,-0.220921355548248));
#3254=DIRECTION('ref_axis',(0.,0.220921355548248,-0.975291625444782));
#3255=DIRECTION('center_axis',(0.,-0.742860820328801,0.669445891480724));
#3256=DIRECTION('ref_axis',(0.,-0.669445891480724,-0.742860820328801));
#3257=DIRECTION('',(1.,0.,0.));
#3258=DIRECTION('center_axis',(1.,0.,0.));
#3259=DIRECTION('ref_axis',(0.,0.975291625444782,0.220921355548248));
#3260=DIRECTION('',(1.,0.,0.));
#3261=DIRECTION('center_axis',(0.,0.975291625444782,0.220921355548249));
#3262=DIRECTION('ref_axis',(0.,-0.220921355548249,0.975291625444782));
#3263=DIRECTION('center_axis',(0.,-1.,0.));
#3264=DIRECTION('ref_axis',(-1.,0.,0.));
#3265=DIRECTION('center_axis',(0.,-1.,0.));
#3266=DIRECTION('ref_axis',(-1.,0.,0.));
#3267=DIRECTION('',(0.,-1.,0.));
#3268=DIRECTION('center_axis',(0.,1.,0.));
#3269=DIRECTION('ref_axis',(-1.,0.,0.));
#3270=DIRECTION('center_axis',(0.,-1.,0.));
#3271=DIRECTION('ref_axis',(-1.,0.,0.));
#3272=DIRECTION('center_axis',(0.,-1.,0.));
#3273=DIRECTION('ref_axis',(-1.,0.,0.));
#3274=DIRECTION('',(0.,-1.,0.));
#3275=DIRECTION('center_axis',(0.,1.,0.));
#3276=DIRECTION('ref_axis',(-1.,0.,0.));
#3277=DIRECTION('center_axis',(0.,-1.,0.));
#3278=DIRECTION('ref_axis',(-1.,0.,0.));
#3279=DIRECTION('center_axis',(0.,-1.,0.));
#3280=DIRECTION('ref_axis',(-1.,0.,0.));
#3281=DIRECTION('',(0.,-1.,0.));
#3282=DIRECTION('center_axis',(0.,1.,0.));
#3283=DIRECTION('ref_axis',(-1.,0.,0.));
#3284=DIRECTION('center_axis',(0.,-1.,0.));
#3285=DIRECTION('ref_axis',(-1.,0.,0.));
#3286=DIRECTION('center_axis',(0.,-1.,0.));
#3287=DIRECTION('ref_axis',(-1.,0.,0.));
#3288=DIRECTION('',(0.,-1.,0.));
#3289=DIRECTION('center_axis',(0.,1.,0.));
#3290=DIRECTION('ref_axis',(-1.,0.,0.));
#3291=DIRECTION('center_axis',(-1.,0.,0.));
#3292=DIRECTION('ref_axis',(0.,0.,1.));
#3293=DIRECTION('',(0.,0.,-1.));
#3294=DIRECTION('',(0.,1.,0.));
#3295=DIRECTION('',(0.,0.,1.));
#3296=DIRECTION('',(0.,1.,0.));
#3297=DIRECTION('center_axis',(0.,0.,-1.));
#3298=DIRECTION('ref_axis',(-1.,0.,0.));
#3299=DIRECTION('',(1.,0.,0.));
#3300=DIRECTION('',(-1.,0.,0.));
#3301=DIRECTION('',(0.,1.,0.));
#3302=DIRECTION('center_axis',(1.,0.,0.));
#3303=DIRECTION('ref_axis',(0.,0.,-1.));
#3304=DIRECTION('',(0.,0.,1.));
#3305=DIRECTION('',(0.,0.,-1.));
#3306=DIRECTION('',(0.,1.,0.));
#3307=DIRECTION('center_axis',(0.,0.,1.));
#3308=DIRECTION('ref_axis',(1.,0.,0.));
#3309=DIRECTION('',(-1.,0.,0.));
#3310=DIRECTION('',(1.,0.,0.));
#3311=DIRECTION('center_axis',(0.,1.,0.));
#3312=DIRECTION('ref_axis',(0.,0.,1.));
#3313=DIRECTION('center_axis',(0.,1.,0.));
#3314=DIRECTION('ref_axis',(-1.,0.,0.));
#3315=CARTESIAN_POINT('',(0.,0.,0.));
#3316=CARTESIAN_POINT('Origin',(-37.7499999999999,-74.7394625938542,0.003612746546095));
#3317=CARTESIAN_POINT('',(0.,-73.2894625938542,0.00361274654609518));
#3318=CARTESIAN_POINT('Origin',(0.,-74.7394625938542,0.003612746546095));
#3319=CARTESIAN_POINT('',(9.525,-73.2894625938542,0.00361274654609482));
#3320=CARTESIAN_POINT('',(-37.7499999999999,-73.2894625938542,0.00361274654609518));
#3321=CARTESIAN_POINT('Origin',(9.525,-74.7394625938542,0.003612746546095));
#3322=CARTESIAN_POINT('Origin',(6.34834924619606,-47.6342244757565,-19.));
#3323=CARTESIAN_POINT('',(4.89834924619607,-47.6342244757565,-16.));
#3324=CARTESIAN_POINT('Origin',(6.34834924619606,-47.6342244757565,-16.));
#3325=CARTESIAN_POINT('',(4.89834924619607,-47.6342244757565,-10.7049999999993));
#3326=CARTESIAN_POINT('',(4.89834924619607,-47.6342244757565,-19.));
#3327=CARTESIAN_POINT('Origin',(6.34834924619606,-47.6342244757565,-10.7049999999993));
#3328=CARTESIAN_POINT('Origin',(6.34834924619606,-33.7113696655124,-19.));
#3329=CARTESIAN_POINT('',(4.89834924619606,-33.7113696655124,-16.));
#3330=CARTESIAN_POINT('Origin',(6.34834924619606,-33.7113696655124,-16.));
#3331=CARTESIAN_POINT('',(4.89834924619606,-33.7113696655124,-10.7049999999993));
#3332=CARTESIAN_POINT('',(4.89834924619606,-33.7113696655124,-19.));
#3333=CARTESIAN_POINT('Origin',(6.34834924619606,-33.7113696655124,-10.7049999999993));
#3334=CARTESIAN_POINT('Origin',(6.18125601749371,37.5212394364815,13.8413028573652));
#3335=CARTESIAN_POINT('',(7.63125601749371,28.8544,13.8413028573652));
#3336=CARTESIAN_POINT('Origin',(6.18125601749371,28.8544,13.8413028573652));
#3337=CARTESIAN_POINT('',(7.63125601749371,22.5212394364815,13.8413028573652));
#3338=CARTESIAN_POINT('',(7.63125601749371,37.5212394364815,13.8413028573652));
#3339=CARTESIAN_POINT('Origin',(6.18125601749371,22.5212394364815,13.8413028573652));
#3340=CARTESIAN_POINT('Origin',(6.18125601749371,37.5212394364815,13.8413028573652));
#3341=CARTESIAN_POINT('',(7.63125601749371,37.5212394364815,13.8413028573652));
#3342=CARTESIAN_POINT('Origin',(6.18125601749371,37.5212394364815,13.8413028573652));
#3343=CARTESIAN_POINT('',(7.63125601749371,35.2044,13.8413028573652));
#3344=CARTESIAN_POINT('',(7.63125601749371,37.5212394364815,13.8413028573652));
#3345=CARTESIAN_POINT('Origin',(6.18125601749371,35.2044,13.8413028573652));
#3346=CARTESIAN_POINT('Origin',(6.18125601749371,22.5212394364815,13.8413028573652));
#3347=CARTESIAN_POINT('Origin',(6.18125601749371,37.5212394364815,-13.3532972796494));
#3348=CARTESIAN_POINT('',(7.63125601749371,37.5212394364815,-13.3532972796494));
#3349=CARTESIAN_POINT('Origin',(6.18125601749371,37.5212394364815,-13.3532972796494));
#3350=CARTESIAN_POINT('',(7.63125601749371,35.2044,-13.3532972796494));
#3351=CARTESIAN_POINT('',(7.63125601749371,37.5212394364815,-13.3532972796494));
#3352=CARTESIAN_POINT('Origin',(6.18125601749371,35.2044,-13.3532972796494));
#3353=CARTESIAN_POINT('Origin',(6.18125601749371,37.5212394364815,-13.3532972796494));
#3354=CARTESIAN_POINT('',(7.63125601749371,28.8544,-13.3532972796494));
#3355=CARTESIAN_POINT('Origin',(6.18125601749371,28.8544,-13.3532972796494));
#3356=CARTESIAN_POINT('',(7.63125601749371,22.5212394364815,-13.3532972796494));
#3357=CARTESIAN_POINT('',(7.63125601749371,37.5212394364815,-13.3532972796494));
#3358=CARTESIAN_POINT('Origin',(6.18125601749371,22.5212394364815,-13.3532972796494));
#3359=CARTESIAN_POINT('Origin',(6.18125601749371,22.5212394364815,-13.3532972796494));
#3360=CARTESIAN_POINT('Origin',(-34.883702110227,37.5212394364815,13.8413028573652));
#3361=CARTESIAN_POINT('',(-32.783702110227,37.5212394364815,13.8413028573652));
#3362=CARTESIAN_POINT('Origin',(-34.883702110227,37.5212394364815,13.8413028573652));
#3363=CARTESIAN_POINT('',(-32.783702110227,35.5212394364815,13.8413028573652));
#3364=CARTESIAN_POINT('',(-32.783702110227,37.5212394364815,13.8413028573652));
#3365=CARTESIAN_POINT('Origin',(-34.883702110227,35.5212394364815,13.8413028573652));
#3366=CARTESIAN_POINT('Origin',(-34.883702110227,37.5212394364815,-13.3532972796494));
#3367=CARTESIAN_POINT('',(-32.783702110227,37.5212394364815,-13.3532972796494));
#3368=CARTESIAN_POINT('Origin',(-34.883702110227,37.5212394364815,-13.3532972796494));
#3369=CARTESIAN_POINT('',(-32.783702110227,35.5212394364815,-13.3532972796494));
#3370=CARTESIAN_POINT('',(-32.783702110227,37.5212394364815,-13.3532972796494));
#3371=CARTESIAN_POINT('Origin',(-34.883702110227,35.5212394364815,-13.3532972796494));
#3372=CARTESIAN_POINT('Origin',(8.79635415086268,35.5212394364815,17.4496389989277));
#3373=CARTESIAN_POINT('',(8.79635415086268,35.5212394364815,-16.8814679687732));
#3374=CARTESIAN_POINT('',(8.79635415086268,35.5212394364815,17.4496389989277));
#3375=CARTESIAN_POINT('',(8.79635415086268,35.5212394364809,17.7248194994638));
#3376=CARTESIAN_POINT('',(8.79635415086268,37.5212394364815,-16.8814679687732));
#3377=CARTESIAN_POINT('',(8.79635415086268,35.5212394364815,-16.8814679687732));
#3378=CARTESIAN_POINT('',(8.79635415086268,37.5212394364815,17.4496389989277));
#3379=CARTESIAN_POINT('',(8.79635415086268,37.5212394364815,-16.8814679687732));
#3380=CARTESIAN_POINT('',(8.79635415086268,35.5212394364815,17.4496389989277));
#3381=CARTESIAN_POINT('Origin',(-37.3599118834908,35.5212394364815,17.4496389989277));
#3382=CARTESIAN_POINT('',(0.,35.5212394364809,17.4496389989277));
#3383=CARTESIAN_POINT('',(-37.5549559417453,35.5212394364809,17.4496389989277));
#3384=CARTESIAN_POINT('',(-37.3599118834908,37.5212394364815,17.4496389989277));
#3385=CARTESIAN_POINT('',(8.79635415086268,37.5212394364815,17.4496389989277));
#3386=CARTESIAN_POINT('',(-37.3599118834908,35.5212394364815,17.4496389989277));
#3387=CARTESIAN_POINT('',(-37.3599118834908,35.5212394364815,17.4496389989277));
#3388=CARTESIAN_POINT('',(8.79635415086268,35.5212394364815,17.4496389989277));
#3389=CARTESIAN_POINT('Origin',(-37.3599118834908,35.5212394364815,-16.8814679687732));
#3390=CARTESIAN_POINT('',(-37.3599118834908,35.5212394364815,-16.8814679687732));
#3391=CARTESIAN_POINT('',(-37.3599118834908,35.5212394364815,17.4496389989277));
#3392=CARTESIAN_POINT('',(-37.3599118834908,37.5212394364815,-16.8814679687732));
#3393=CARTESIAN_POINT('',(-37.3599118834908,37.5212394364815,17.4496389989277));
#3394=CARTESIAN_POINT('',(-37.3599118834908,35.5212394364815,-16.8814679687732));
#3395=CARTESIAN_POINT('Origin',(8.79635415086268,35.5212394364815,-16.8814679687732));
#3396=CARTESIAN_POINT('',(0.,35.5212394364822,-16.8814679687732));
#3397=CARTESIAN_POINT('',(-37.3599118834908,35.5212394364815,-16.8814679687732));
#3398=CARTESIAN_POINT('',(-37.3599118834908,37.5212394364815,-16.8814679687732));
#3399=CARTESIAN_POINT('',(-14.4768229245686,35.5212394364822,-16.8814679687732));
#3400=CARTESIAN_POINT('Origin',(-14.2817788663141,37.5212394364815,0.284085515077221));
#3401=CARTESIAN_POINT('Origin',(-14.2817788663141,35.5212394364815,0.284085515077221));
#3402=CARTESIAN_POINT('',(0.,35.5212394364807,22.0894077590545));
#3403=CARTESIAN_POINT('Origin',(-37.7499999999999,35.5212394364809,18.));
#3404=CARTESIAN_POINT('',(0.,35.5212394364809,18.));
#3405=CARTESIAN_POINT('',(0.,35.5212394364807,22.0894077590545));
#3406=CARTESIAN_POINT('',(9.525,35.5212394364809,18.));
#3407=CARTESIAN_POINT('',(-18.8749999999999,35.5212394364809,18.));
#3408=CARTESIAN_POINT('',(9.525,35.5212394364822,-17.9999999999943));
#3409=CARTESIAN_POINT('',(9.525,35.5212394364807,22.0894077590545));
#3410=CARTESIAN_POINT('',(0.,35.5212394364822,-17.9999999999943));
#3411=CARTESIAN_POINT('',(-18.8749999999999,35.5212394364822,-18.));
#3412=CARTESIAN_POINT('',(0.,35.5212394364807,22.0894077590545));
#3413=CARTESIAN_POINT('Origin',(0.,-29.8228,26.1788155181065));
#3414=CARTESIAN_POINT('',(0.,35.2044,-17.999999999997));
#3415=CARTESIAN_POINT('',(0.,-103.325,-18.));
#3416=CARTESIAN_POINT('',(0.,35.2044,-11.649999999997));
#3417=CARTESIAN_POINT('',(0.,35.2044,7.26440775905481));
#3418=CARTESIAN_POINT('',(0.,28.8544,-11.649999999997));
#3419=CARTESIAN_POINT('',(0.,-0.484199999999996,-11.649999999997));
#3420=CARTESIAN_POINT('',(0.,28.8544,-16.));
#3421=CARTESIAN_POINT('',(0.,28.8544,4.08940775905482));
#3422=CARTESIAN_POINT('',(0.,-75.9816636280368,-16.));
#3423=CARTESIAN_POINT('',(0.,-25.1057159070092,-16.));
#3424=CARTESIAN_POINT('',(0.,-75.9816636280368,-18.));
#3425=CARTESIAN_POINT('',(0.,-75.9816636280368,4.08940775905329));
#3426=CARTESIAN_POINT('',(0.,-116.006002140045,-18.));
#3427=CARTESIAN_POINT('',(0.,-116.006002140045,-18.));
#3428=CARTESIAN_POINT('',(0.,-115.458794547275,13.9487107393545));
#3429=CARTESIAN_POINT('Origin',(0.,-158.361857002068,-1.29550050513803));
#3430=CARTESIAN_POINT('',(0.,-116.91298040711,16.273247738368));
#3431=CARTESIAN_POINT('Origin',(0.,-121.44230720948,11.8226636511574));
#3432=CARTESIAN_POINT('',(0.,-117.476498627264,42.3779442327078));
#3433=CARTESIAN_POINT('Origin',(0.,-103.325,29.6250000000001));
#3434=CARTESIAN_POINT('',(0.,-94.1535469642018,68.2586124471157));
#3435=CARTESIAN_POINT('',(0.,-94.1535469642018,68.2586124471157));
#3436=CARTESIAN_POINT('',(0.,-83.2432789335394,65.4104816439445));
#3437=CARTESIAN_POINT('Origin',(0.,-89.4363807551139,64.0076310362132));
#3438=CARTESIAN_POINT('',(0.,-77.5314388030663,40.1946765385237));
#3439=CARTESIAN_POINT('',(0.,-83.2432789335394,65.4104816439445));
#3440=CARTESIAN_POINT('',(-1.77635683940025E-14,-48.359469401533,29.0973382692619));
#3441=CARTESIAN_POINT('',(0.,-19.1875,18.));
#3442=CARTESIAN_POINT('',(-1.77635683940025E-14,-49.0705762341247,27.2280263443436));
#3443=CARTESIAN_POINT('',(-8.88178419700126E-15,-47.6727248327572,30.9026082412954));
#3444=CARTESIAN_POINT('',(-1.77635683940025E-14,-19.8986068325916,16.1306880750818));
#3445=CARTESIAN_POINT('',(0.,-33.1959937517507,21.1891604294169));
#3446=CARTESIAN_POINT('',(0.,-19.1875,18.));
#3447=CARTESIAN_POINT('',(0.,-18.5007554312242,19.8052699720336));
#3448=CARTESIAN_POINT('',(0.,-19.1875,16.));
#3449=CARTESIAN_POINT('',(0.,-19.1875,22.0894077590533));
#3450=CARTESIAN_POINT('',(0.,28.8544,16.));
#3451=CARTESIAN_POINT('',(0.,-10.907175,16.));
#3452=CARTESIAN_POINT('',(0.,28.8544,11.65));
#3453=CARTESIAN_POINT('',(0.,28.8544,18.9144077590533));
#3454=CARTESIAN_POINT('',(0.,35.2044,11.65));
#3455=CARTESIAN_POINT('',(0.,2.69080000000001,11.65));
#3456=CARTESIAN_POINT('',(0.,35.2044,18.));
#3457=CARTESIAN_POINT('',(0.,35.2044,22.0894077590533));
#3458=CARTESIAN_POINT('',(0.,44.7294,18.));
#3459=CARTESIAN_POINT('',(0.,-110.502819788082,34.6509635235262));
#3460=CARTESIAN_POINT('',(0.,-96.1471802119177,34.6509635235262));
#3461=CARTESIAN_POINT('Origin',(0.,-103.325,29.6250000000001));
#3462=CARTESIAN_POINT('',(0.,-90.9455647298634,38.2931738949288));
#3463=CARTESIAN_POINT('',(0.,-75.8853203931463,48.8384705067783));
#3464=CARTESIAN_POINT('',(0.,-115.704435270137,38.2931738949288));
#3465=CARTESIAN_POINT('Origin',(0.,-103.325,29.6250000000001));
#3466=CARTESIAN_POINT('',(0.,-84.0447708585046,16.1248382167146));
#3467=CARTESIAN_POINT('',(0.,-84.1221327779209,-9.69999999999999));
#3468=CARTESIAN_POINT('',(0.,-84.1221327779209,9.70000000000001));
#3469=CARTESIAN_POINT('',(0.,-84.1221327779209,6.73940775905328));
#3470=CARTESIAN_POINT('',(0.,-87.1221327779209,12.7));
#3471=CARTESIAN_POINT('Origin',(0.,-87.1221327779209,9.70000000000001));
#3472=CARTESIAN_POINT('',(0.,-103.347132777921,12.7));
#3473=CARTESIAN_POINT('',(0.,-56.9724663889605,12.7));
#3474=CARTESIAN_POINT('',(0.,-106.347132777921,9.69999999999999));
#3475=CARTESIAN_POINT('Origin',(0.,-103.347132777921,9.69999999999999));
#3476=CARTESIAN_POINT('',(0.,-106.347132777921,-9.69999999999999));
#3477=CARTESIAN_POINT('',(0.,-106.347132777921,19.4394077590533));
#3478=CARTESIAN_POINT('',(0.,-103.347132777921,-12.7));
#3479=CARTESIAN_POINT('Origin',(0.,-103.347132777921,-9.70000000000001));
#3480=CARTESIAN_POINT('',(0.,-87.1221327779209,-12.7));
#3481=CARTESIAN_POINT('',(0.,-68.0849663889605,-12.7));
#3482=CARTESIAN_POINT('Origin',(0.,-87.1221327779209,-9.69999999999999));
#3483=CARTESIAN_POINT('',(0.,9.9999999999998,12.8000000000007));
#3484=CARTESIAN_POINT('',(0.,-10.0000000000002,12.8000000000007));
#3485=CARTESIAN_POINT('',(0.,-9.91140000000011,12.8000000000007));
#3486=CARTESIAN_POINT('',(0.,-13.8000000000002,9.00000000000075));
#3487=CARTESIAN_POINT('Origin',(0.,-10.0000000000002,9.00000000000075));
#3488=CARTESIAN_POINT('',(0.,-13.8000000000002,-8.99999999999926));
#3489=CARTESIAN_POINT('',(0.,-13.8000000000002,17.5894077590537));
#3490=CARTESIAN_POINT('',(0.,-10.0000000000002,-12.7999999999993));
#3491=CARTESIAN_POINT('Origin',(0.,-10.0000000000002,-8.99999999999926));
#3492=CARTESIAN_POINT('',(0.,9.9999999999998,-12.7999999999992));
#3493=CARTESIAN_POINT('',(0.,-19.9114000000001,-12.7999999999993));
#3494=CARTESIAN_POINT('',(0.,13.7999999999998,-8.99999999999926));
#3495=CARTESIAN_POINT('Origin',(0.,9.9999999999998,-8.99999999999926));
#3496=CARTESIAN_POINT('',(0.,13.7999999999998,9.00000000000075));
#3497=CARTESIAN_POINT('',(0.,13.7999999999998,8.58940775905368));
#3498=CARTESIAN_POINT('Origin',(0.,9.9999999999998,9.00000000000075));
#3499=CARTESIAN_POINT('',(0.,-89.4363807551139,64.0076310362132));
#3500=CARTESIAN_POINT('',(0.,-84.6562578115133,42.9050361154077));
#3501=CARTESIAN_POINT('',(0.,-89.4363807551139,64.0076310362132));
#3502=CARTESIAN_POINT('',(0.,-103.25384901231,48.6748671264907));
#3503=CARTESIAN_POINT('',(0.,-89.4363807551139,64.0076310362132));
#3504=CARTESIAN_POINT('',(0.,-96.5517074195652,47.4301960848464));
#3505=CARTESIAN_POINT('Origin',(0.,-103.325,29.6250000000001));
#3506=CARTESIAN_POINT('',(0.,-19.1875,18.));
#3507=CARTESIAN_POINT('',(0.,-54.1341916223908,20.033278201721));
#3508=CARTESIAN_POINT('',(0.,-55.1528276056815,17.3555534162958));
#3509=CARTESIAN_POINT('',(0.,-51.3985704922107,27.2245031574253));
#3510=CARTESIAN_POINT('',(0.,-54.2181716432222,16.));
#3511=CARTESIAN_POINT('Origin',(0.,-54.2181716432222,17.));
#3512=CARTESIAN_POINT('',(0.,-46.1605048932013,16.));
#3513=CARTESIAN_POINT('',(0.,-42.7456475232116,16.));
#3514=CARTESIAN_POINT('',(0.,-45.8049514769054,17.9346559624591));
#3515=CARTESIAN_POINT('Origin',(0.,-46.1605048932013,17.));
#3516=CARTESIAN_POINT('',(0.,-52.8439822436359,20.6123807478843));
#3517=CARTESIAN_POINT('',(0.,-37.6510938441715,14.8328387658081));
#3518=CARTESIAN_POINT('Origin',(0.,-53.1995356599318,19.6777247854252));
#3519=CARTESIAN_POINT('',(0.,-62.2172841853054,16.6444465837042));
#3520=CARTESIAN_POINT('',(0.,-60.0692569840065,22.2910423951992));
#3521=CARTESIAN_POINT('',(0.,-58.7080034496999,25.8694181720744));
#3522=CARTESIAN_POINT('',(0.,-60.6483595301697,23.5812517739542));
#3523=CARTESIAN_POINT('Origin',(0.,-61.0039129464655,22.646595811495));
#3524=CARTESIAN_POINT('',(0.,-71.8384335507726,27.8380791055427));
#3525=CARTESIAN_POINT('',(0.,-47.1483194977398,18.4456879446373));
#3526=CARTESIAN_POINT('',(0.,-73.1286429295275,27.2589765593793));
#3527=CARTESIAN_POINT('Origin',(0.,-72.1939869670685,26.9034231430834));
#3528=CARTESIAN_POINT('',(0.,-76.8960141045659,17.3555534162958));
#3529=CARTESIAN_POINT('',(0.,-70.3930217993472,34.4502015150835));
#3530=CARTESIAN_POINT('',(0.,-75.9613581421066,16.));
#3531=CARTESIAN_POINT('Origin',(0.,-75.9613581421066,17.));
#3532=CARTESIAN_POINT('',(0.,-63.1519401477645,16.));
#3533=CARTESIAN_POINT('',(0.,-53.6172407726538,16.));
#3534=CARTESIAN_POINT('Origin',(0.,-63.1519401477645,17.));
#3535=CARTESIAN_POINT('',(0.,-83.9604706841899,16.6444465837042));
#3536=CARTESIAN_POINT('',(0.,-79.063708291143,29.5167407528576));
#3537=CARTESIAN_POINT('',(0.,-79.0768223527106,29.4822673509036));
#3538=CARTESIAN_POINT('',(0.,-79.6428108373064,30.8069501316125));
#3539=CARTESIAN_POINT('Origin',(0.,-79.9983642536023,29.8722941691535));
#3540=CARTESIAN_POINT('',(0.,-88.8314707361139,34.3024175008093));
#3541=CARTESIAN_POINT('',(0.,-56.6455451513082,22.0585371234665));
#3542=CARTESIAN_POINT('',(0.,-90.1537233556638,33.1118462194888));
#3543=CARTESIAN_POINT('Origin',(0.,-89.1870241524098,33.3677615383503));
#3544=CARTESIAN_POINT('',(0.,-96.4473687454467,17.8632478632479));
#3545=CARTESIAN_POINT('Origin',(0.,-103.325,29.6250000000001));
#3546=CARTESIAN_POINT('',(0.,-95.9425884698833,16.));
#3547=CARTESIAN_POINT('Origin',(0.,-95.9425884698833,17.));
#3548=CARTESIAN_POINT('',(0.,-84.8951266466492,16.));
#3549=CARTESIAN_POINT('',(0.,-66.5739000715282,16.));
#3550=CARTESIAN_POINT('Origin',(0.,-84.8951266466492,17.));
#3551=CARTESIAN_POINT('',(0.,-20.1500000000002,-7.70499999999928));
#3552=CARTESIAN_POINT('',(0.,-20.1500000000002,5.18000000000074));
#3553=CARTESIAN_POINT('',(0.,-20.1500000000002,10.4994077590537));
#3554=CARTESIAN_POINT('',(0.,-27.7700000000002,12.8000000000007));
#3555=CARTESIAN_POINT('Origin',(0.,-27.7700000000002,5.18000000000077));
#3556=CARTESIAN_POINT('',(0.,-50.6300000000002,12.8000000000007));
#3557=CARTESIAN_POINT('',(0.,-28.7964,12.8000000000007));
#3558=CARTESIAN_POINT('',(0.,-58.2500000000002,5.18000000000074));
#3559=CARTESIAN_POINT('Origin',(0.,-50.6300000000002,5.18000000000077));
#3560=CARTESIAN_POINT('',(0.,-58.2500000000002,-7.70499999999928));
#3561=CARTESIAN_POINT('',(0.,-58.2500000000002,15.6794077590537));
#3562=CARTESIAN_POINT('',(0.,-55.2500000000002,-10.7049999999993));
#3563=CARTESIAN_POINT('Origin',(0.,-55.2500000000002,-7.70499999999928));
#3564=CARTESIAN_POINT('',(0.,-23.1500000000002,-10.7049999999993));
#3565=CARTESIAN_POINT('',(0.,-40.2264,-10.7049999999993));
#3566=CARTESIAN_POINT('Origin',(0.,-23.1500000000002,-7.70499999999928));
#3567=CARTESIAN_POINT('Origin',(0.,-103.325,-18.));
#3568=CARTESIAN_POINT('',(9.525,35.2044,-17.999999999997));
#3569=CARTESIAN_POINT('',(9.525,-103.325,-18.));
#3570=CARTESIAN_POINT('',(4.7625,35.2044,-18.));
#3571=CARTESIAN_POINT('Origin',(9.525,-29.8228,26.1788155181065));
#3572=CARTESIAN_POINT('',(9.525,35.2044,18.));
#3573=CARTESIAN_POINT('',(9.525,44.7294,18.));
#3574=CARTESIAN_POINT('',(9.525,35.2044,11.65));
#3575=CARTESIAN_POINT('',(9.525,35.2044,22.0894077590533));
#3576=CARTESIAN_POINT('',(9.525,28.8544,11.65));
#3577=CARTESIAN_POINT('',(9.525,2.69080000000001,11.65));
#3578=CARTESIAN_POINT('',(9.525,28.8544,16.));
#3579=CARTESIAN_POINT('',(9.525,28.8544,18.9144077590533));
#3580=CARTESIAN_POINT('',(9.525,-19.1875,16.));
#3581=CARTESIAN_POINT('',(9.525,-10.907175,16.));
#3582=CARTESIAN_POINT('',(9.525,-19.1875,18.));
#3583=CARTESIAN_POINT('',(9.525,-19.1875,22.0894077590533));
#3584=CARTESIAN_POINT('',(9.525,-19.8986068325916,16.1306880750818));
#3585=CARTESIAN_POINT('',(9.525,-18.5007554312242,19.8052699720336));
#3586=CARTESIAN_POINT('',(9.525,-49.0705762341247,27.2280263443436));
#3587=CARTESIAN_POINT('',(9.525,-33.1959937517507,21.1891604294169));
#3588=CARTESIAN_POINT('',(9.525,-48.359469401533,29.0973382692619));
#3589=CARTESIAN_POINT('',(9.525,-47.6727248327572,30.9026082412954));
#3590=CARTESIAN_POINT('',(9.525,-77.5314388030663,40.1946765385237));
#3591=CARTESIAN_POINT('',(9.525,-19.1875,18.));
#3592=CARTESIAN_POINT('',(9.525,-83.2432789335394,65.4104816439445));
#3593=CARTESIAN_POINT('',(9.525,-83.2432789335394,65.4104816439445));
#3594=CARTESIAN_POINT('',(9.525,-94.1535469642018,68.2586124471157));
#3595=CARTESIAN_POINT('Origin',(9.525,-89.4363807551139,64.0076310362132));
#3596=CARTESIAN_POINT('',(9.525,-117.476498627264,42.3779442327078));
#3597=CARTESIAN_POINT('',(9.525,-94.1535469642018,68.2586124471157));
#3598=CARTESIAN_POINT('',(9.525,-116.91298040711,16.273247738368));
#3599=CARTESIAN_POINT('Origin',(9.525,-103.325,29.6250000000001));
#3600=CARTESIAN_POINT('',(9.525,-115.458794547275,13.9487107393545));
#3601=CARTESIAN_POINT('Origin',(9.525,-121.44230720948,11.8226636511574));
#3602=CARTESIAN_POINT('',(9.525,-116.006002140045,-18.));
#3603=CARTESIAN_POINT('Origin',(9.525,-158.361857002068,-1.29550050513803));
#3604=CARTESIAN_POINT('',(9.525,-75.9816636280368,-18.));
#3605=CARTESIAN_POINT('',(9.525,-103.325,-18.));
#3606=CARTESIAN_POINT('',(9.525,-75.9816636280368,-16.));
#3607=CARTESIAN_POINT('',(9.525,-75.9816636280368,4.08940775905329));
#3608=CARTESIAN_POINT('',(9.525,28.8544,-16.));
#3609=CARTESIAN_POINT('',(9.525,-25.1057159070092,-16.));
#3610=CARTESIAN_POINT('',(9.525,28.8544,-11.649999999997));
#3611=CARTESIAN_POINT('',(9.525,28.8544,4.08940775905482));
#3612=CARTESIAN_POINT('',(9.525,35.2044,-11.649999999997));
#3613=CARTESIAN_POINT('',(9.525,-0.484199999999996,-11.649999999997));
#3614=CARTESIAN_POINT('',(9.525,35.2044,7.26440775905481));
#3615=CARTESIAN_POINT('',(9.525,-89.4363807551139,64.0076310362132));
#3616=CARTESIAN_POINT('',(9.525,-84.6562578115133,42.9050361154077));
#3617=CARTESIAN_POINT('',(9.525,-89.4363807551139,64.0076310362132));
#3618=CARTESIAN_POINT('',(9.525,-96.5517074195652,47.4301960848464));
#3619=CARTESIAN_POINT('',(9.525,-19.1875,18.));
#3620=CARTESIAN_POINT('',(9.525,-103.25384901231,48.6748671264907));
#3621=CARTESIAN_POINT('Origin',(9.525,-103.325,29.6250000000001));
#3622=CARTESIAN_POINT('',(9.525,-89.4363807551139,64.0076310362132));
#3623=CARTESIAN_POINT('',(9.525,-108.0875,29.6250000000001));
#3624=CARTESIAN_POINT('Origin',(9.525,-103.325,29.6250000000001));
#3625=CARTESIAN_POINT('',(9.525,-55.1528276056815,17.3555534162958));
#3626=CARTESIAN_POINT('',(9.525,-54.1341916223908,20.033278201721));
#3627=CARTESIAN_POINT('',(9.525,-51.3985704922107,27.2245031574253));
#3628=CARTESIAN_POINT('',(9.525,-52.8439822436359,20.6123807478843));
#3629=CARTESIAN_POINT('Origin',(9.525,-53.1995356599318,19.6777247854252));
#3630=CARTESIAN_POINT('',(9.525,-45.8049514769054,17.9346559624591));
#3631=CARTESIAN_POINT('',(9.525,-37.6510938441715,14.8328387658081));
#3632=CARTESIAN_POINT('',(9.525,-46.1605048932013,16.));
#3633=CARTESIAN_POINT('Origin',(9.525,-46.1605048932013,17.));
#3634=CARTESIAN_POINT('',(9.525,-54.2181716432222,16.));
#3635=CARTESIAN_POINT('',(9.525,-42.7456475232116,16.));
#3636=CARTESIAN_POINT('Origin',(9.525,-54.2181716432222,17.));
#3637=CARTESIAN_POINT('',(9.525,-60.0692569840065,22.2910423951992));
#3638=CARTESIAN_POINT('',(9.525,-62.2172841853054,16.6444465837042));
#3639=CARTESIAN_POINT('',(9.525,-58.7080034496999,25.8694181720744));
#3640=CARTESIAN_POINT('',(9.525,-63.1519401477645,16.));
#3641=CARTESIAN_POINT('Origin',(9.525,-63.1519401477645,17.));
#3642=CARTESIAN_POINT('',(9.525,-75.9613581421066,16.));
#3643=CARTESIAN_POINT('',(9.525,-53.6172407726538,16.));
#3644=CARTESIAN_POINT('',(9.525,-76.8960141045659,17.3555534162958));
#3645=CARTESIAN_POINT('Origin',(9.525,-75.9613581421066,17.));
#3646=CARTESIAN_POINT('',(9.525,-73.1286429295275,27.2589765593793));
#3647=CARTESIAN_POINT('',(9.525,-70.3930217993472,34.4502015150835));
#3648=CARTESIAN_POINT('',(9.525,-71.8384335507726,27.8380791055427));
#3649=CARTESIAN_POINT('Origin',(9.525,-72.1939869670685,26.9034231430834));
#3650=CARTESIAN_POINT('',(9.525,-60.6483595301697,23.5812517739542));
#3651=CARTESIAN_POINT('',(9.525,-47.1483194977398,18.4456879446373));
#3652=CARTESIAN_POINT('Origin',(9.525,-61.0039129464655,22.646595811495));
#3653=CARTESIAN_POINT('',(9.525,-79.063708291143,29.5167407528576));
#3654=CARTESIAN_POINT('',(9.525,-83.9604706841899,16.6444465837042));
#3655=CARTESIAN_POINT('',(9.525,-79.0768223527106,29.4822673509036));
#3656=CARTESIAN_POINT('',(9.525,-84.8951266466492,16.));
#3657=CARTESIAN_POINT('Origin',(9.525,-84.8951266466492,17.));
#3658=CARTESIAN_POINT('',(9.525,-95.9425884698833,16.));
#3659=CARTESIAN_POINT('',(9.525,-66.5739000715282,16.));
#3660=CARTESIAN_POINT('',(9.525,-96.4473687454467,17.8632478632479));
#3661=CARTESIAN_POINT('Origin',(9.525,-95.9425884698833,17.));
#3662=CARTESIAN_POINT('',(9.525,-90.1537233556638,33.1118462194888));
#3663=CARTESIAN_POINT('Origin',(9.525,-103.325,29.6250000000001));
#3664=CARTESIAN_POINT('',(9.525,-88.8314707361139,34.3024175008093));
#3665=CARTESIAN_POINT('Origin',(9.525,-89.1870241524098,33.3677615383503));
#3666=CARTESIAN_POINT('',(9.525,-79.6428108373064,30.8069501316125));
#3667=CARTESIAN_POINT('',(9.525,-56.6455451513082,22.0585371234665));
#3668=CARTESIAN_POINT('Origin',(9.525,-79.9983642536023,29.8722941691535));
#3669=CARTESIAN_POINT('',(9.525,12.,-1.46957615897683E-15));
#3670=CARTESIAN_POINT('Origin',(9.525,0.,0.));
#3671=CARTESIAN_POINT('',(9.525,-108.509289559096,39.0956555001234));
#3672=CARTESIAN_POINT('Origin',(9.525,-110.592089559096,39.0956555001234));
#3673=CARTESIAN_POINT('',(9.525,-93.9751104409041,39.0956555001234));
#3674=CARTESIAN_POINT('Origin',(9.525,-96.0579104409038,39.0956555001234));
#3675=CARTESIAN_POINT('',(9.525,-101.2422,41.5625000005003));
#3676=CARTESIAN_POINT('Origin',(9.525,-103.325,41.5625000005003));
#3677=CARTESIAN_POINT('Origin',(2.8711921412409,-43.095179687043,27.1676944904746));
#3678=CARTESIAN_POINT('',(4.3211921412409,-43.8305292641171,25.2346547974113));
#3679=CARTESIAN_POINT('Origin',(2.8711921412409,-43.8305292641171,25.2346547974113));
#3680=CARTESIAN_POINT('',(4.3211921412409,-46.5060687217429,18.2013686799065));
#3681=CARTESIAN_POINT('',(4.3211921412409,-43.095179687043,27.1676944904746));
#3682=CARTESIAN_POINT('',(1.63030579054497,-45.8049514769054,17.9346559624591));
#3683=CARTESIAN_POINT('Origin',(2.8711921412409,-46.5060687217429,18.2013686799065));
#3684=CARTESIAN_POINT('',(4.11207849193682,-45.8049514769054,17.9346559624591));
#3685=CARTESIAN_POINT('Ctrl Pts',(4.11207849193682,-45.8049514769055,17.9346559624591));
#3686=CARTESIAN_POINT('Ctrl Pts',(4.07218898400731,-45.7432772663891,17.911194413903));
#3687=CARTESIAN_POINT('Ctrl Pts',(4.02726385934862,-45.6876978286975,17.8829186292164));
#3688=CARTESIAN_POINT('Ctrl Pts',(3.84670052945361,-45.5010417133576,17.7691983732088));
#3689=CARTESIAN_POINT('Ctrl Pts',(3.67570008148733,-45.4017291395015,17.6602265111977));
#3690=CARTESIAN_POINT('Ctrl Pts',(3.29416534760164,-45.2783674779362,17.4831911604872));
#3691=CARTESIAN_POINT('Ctrl Pts',(3.08257455435693,-45.2524083622757,17.4187608989876));
#3692=CARTESIAN_POINT('Ctrl Pts',(2.65980972812486,-45.2524083622757,17.4187608989876));
#3693=CARTESIAN_POINT('Ctrl Pts',(2.44821893488016,-45.2783674779362,17.4831911604872));
#3694=CARTESIAN_POINT('Ctrl Pts',(2.06668420099446,-45.4017291395015,17.6602265111977));
#3695=CARTESIAN_POINT('Ctrl Pts',(1.89568375302818,-45.5010417133576,17.7691983732088));
#3696=CARTESIAN_POINT('Ctrl Pts',(1.71512042313317,-45.6876978286975,17.8829186292164));
#3697=CARTESIAN_POINT('Ctrl Pts',(1.67019529847449,-45.743277266389,17.911194413903));
#3698=CARTESIAN_POINT('Ctrl Pts',(1.63030579054497,-45.8049514769055,17.9346559624591));
#3699=CARTESIAN_POINT('Origin',(2.8711921412409,-46.5060687217429,18.2013686799065));
#3700=CARTESIAN_POINT('Origin',(2.87119214124091,-24.4738406816302,20.083932159406));
#3701=CARTESIAN_POINT('',(4.32119214124091,-25.2091902587042,18.1508924663427));
#3702=CARTESIAN_POINT('Origin',(2.87119214124091,-25.2091902587042,18.1508924663427));
#3703=CARTESIAN_POINT('',(4.32119214124091,-27.251448442142,12.7823354491797));
#3704=CARTESIAN_POINT('',(4.32119214124091,-24.4738406816302,20.083932159406));
#3705=CARTESIAN_POINT('',(4.2355491562672,-27.7700000000002,12.8000000000007));
#3706=CARTESIAN_POINT('Ctrl Pts',(4.2355491562672,-27.7700000000002,12.8000000000007));
#3707=CARTESIAN_POINT('Ctrl Pts',(4.2929162355209,-27.5994296682379,12.8000000000007));
#3708=CARTESIAN_POINT('Ctrl Pts',(4.32119214124091,-27.4203523873999,12.7938563041232));
#3709=CARTESIAN_POINT('Ctrl Pts',(4.32119214124091,-27.251448442142,12.7823354491797));
#3710=CARTESIAN_POINT('',(1.50683512621461,-27.7700000000002,12.8000000000007));
#3711=CARTESIAN_POINT('Origin',(2.8711921412409,-27.2447286525681,12.8000000000007));
#3712=CARTESIAN_POINT('Ctrl Pts',(4.32119214124091,-27.251448442142,12.7823354491797));
#3713=CARTESIAN_POINT('Ctrl Pts',(4.32119214124091,-27.0649192534846,12.769612385062));
#3714=CARTESIAN_POINT('Ctrl Pts',(4.28596833992859,-26.8659585528807,12.7484214143709));
#3715=CARTESIAN_POINT('Ctrl Pts',(4.13805022408885,-26.5015145709246,12.6959322997348));
#3716=CARTESIAN_POINT('Ctrl Pts',(4.02524698788975,-26.3360184757464,12.6650308811895));
#3717=CARTESIAN_POINT('Ctrl Pts',(3.76538537073815,-26.0800411245115,12.6113564214784));
#3718=CARTESIAN_POINT('Ctrl Pts',(3.60296150170636,-25.9713941054984,12.5850594017947));
#3719=CARTESIAN_POINT('Ctrl Pts',(3.24672049531416,-25.8277664517392,12.5486916541665));
#3720=CARTESIAN_POINT('Ctrl Pts',(3.05292102540503,-25.7926528450409,12.5389739929412));
#3721=CARTESIAN_POINT('Ctrl Pts',(2.8711921412409,-25.7926528450409,12.5389739929412));
#3722=CARTESIAN_POINT('Ctrl Pts',(2.68946325707678,-25.7926528450409,12.5389739929412));
#3723=CARTESIAN_POINT('Ctrl Pts',(2.49566378716765,-25.8277664517392,12.5486916541665));
#3724=CARTESIAN_POINT('Ctrl Pts',(2.13942278077545,-25.9713941054984,12.5850594017947));
#3725=CARTESIAN_POINT('Ctrl Pts',(1.97699891174366,-26.0800411245115,12.6113564214784));
#3726=CARTESIAN_POINT('Ctrl Pts',(1.71713729459206,-26.3360184757464,12.6650308811895));
#3727=CARTESIAN_POINT('Ctrl Pts',(1.60433405839296,-26.5015145709246,12.6959322997348));
#3728=CARTESIAN_POINT('Ctrl Pts',(1.45641594255322,-26.8659585528807,12.7484214143709));
#3729=CARTESIAN_POINT('Ctrl Pts',(1.4211921412409,-27.0649192534846,12.769612385062));
#3730=CARTESIAN_POINT('Ctrl Pts',(1.4211921412409,-27.4203523873457,12.7938563041195));
#3731=CARTESIAN_POINT('Ctrl Pts',(1.44946804705794,-27.5994296685264,12.8000000000007));
#3732=CARTESIAN_POINT('Ctrl Pts',(1.50683512621461,-27.7700000000002,12.8000000000007));
#3733=CARTESIAN_POINT('Origin',(0.,-40.7192522605739,16.));
#3734=CARTESIAN_POINT('',(0.,-45.8049514769054,17.9346559624591));
#3735=CARTESIAN_POINT('',(0.,-52.8439822436359,20.6123807478843));
#3736=CARTESIAN_POINT('',(0.,-45.8049514769054,17.9346559624591));
#3737=CARTESIAN_POINT('Origin',(0.,-27.7700000000002,5.18000000000077));
#3738=CARTESIAN_POINT('',(0.,-27.7700000000002,12.8000000000007));
#3739=CARTESIAN_POINT('',(8.,-20.1500000000002,5.18000000000074));
#3740=CARTESIAN_POINT('',(0.,-20.1500000000002,5.18000000000074));
#3741=CARTESIAN_POINT('',(8.,-27.7700000000002,12.8000000000007));
#3742=CARTESIAN_POINT('Origin',(8.,-27.7700000000002,5.18000000000077));
#3743=CARTESIAN_POINT('',(0.,-27.7700000000002,12.8000000000007));
#3744=CARTESIAN_POINT('Origin',(4.76277016419457,-16.0111976140562,16.));
#3745=CARTESIAN_POINT('',(6.21277016419458,-16.0111976140562,16.));
#3746=CARTESIAN_POINT('Origin',(4.76277016419457,-16.0111976140562,16.));
#3747=CARTESIAN_POINT('',(6.21277016419458,-16.0111976140562,6.00000000000001));
#3748=CARTESIAN_POINT('',(6.21277016419458,-16.0111976140562,16.));
#3749=CARTESIAN_POINT('Origin',(4.76277016419457,-16.0111976140562,6.00000000000001));
#3750=CARTESIAN_POINT('Origin',(4.76277016419457,-16.0111976140562,6.00000000000001));
#3751=CARTESIAN_POINT('Origin',(4.765270873,32.0151019846273,16.));
#3752=CARTESIAN_POINT('',(6.21527087300001,32.0151019846273,11.65));
#3753=CARTESIAN_POINT('Origin',(4.765270873,32.0151019846273,11.65));
#3754=CARTESIAN_POINT('',(6.21527087300001,32.0151019846273,6.00000000000001));
#3755=CARTESIAN_POINT('',(6.21527087300001,32.0151019846273,16.));
#3756=CARTESIAN_POINT('Origin',(4.765270873,32.0151019846273,6.00000000000001));
#3757=CARTESIAN_POINT('Origin',(4.765270873,32.0151019846273,6.00000000000001));
#3758=CARTESIAN_POINT('Origin',(0.,-55.2500000000002,-7.70499999999928));
#3759=CARTESIAN_POINT('',(8.,-55.2500000000002,-10.7049999999993));
#3760=CARTESIAN_POINT('',(8.,-58.2500000000002,-7.70499999999928));
#3761=CARTESIAN_POINT('Origin',(8.,-55.2500000000002,-7.70499999999928));
#3762=CARTESIAN_POINT('',(0.,-55.2500000000002,-10.7049999999993));
#3763=CARTESIAN_POINT('',(0.,-58.2500000000002,-7.70499999999928));
#3764=CARTESIAN_POINT('Origin',(0.,-50.6300000000002,-10.7049999999993));
#3765=CARTESIAN_POINT('',(8.,-23.1500000000002,-10.7049999999993));
#3766=CARTESIAN_POINT('',(8.,-44.9150000000002,-10.7049999999993));
#3767=CARTESIAN_POINT('',(0.,-23.1500000000002,-10.7049999999993));
#3768=CARTESIAN_POINT('Origin',(0.,-23.1500000000002,-7.70499999999928));
#3769=CARTESIAN_POINT('',(8.,-20.1500000000002,-7.70499999999928));
#3770=CARTESIAN_POINT('Origin',(8.,-23.1500000000002,-7.70499999999928));
#3771=CARTESIAN_POINT('',(0.,-20.1500000000002,-7.70499999999928));
#3772=CARTESIAN_POINT('Origin',(8.,-39.2000000000002,7.39408534400355E-13));
#3773=CARTESIAN_POINT('',(8.,-58.2500000000002,5.18000000000074));
#3774=CARTESIAN_POINT('',(8.,-58.2500000000002,5.18000000000074));
#3775=CARTESIAN_POINT('',(8.,-50.6300000000002,12.8000000000007));
#3776=CARTESIAN_POINT('Origin',(8.,-50.6300000000002,5.18000000000077));
#3777=CARTESIAN_POINT('',(8.,-27.7700000000002,12.8000000000007));
#3778=CARTESIAN_POINT('',(8.,-20.1500000000002,-5.17999999999927));
#3779=CARTESIAN_POINT('Origin',(0.,-58.2500000000002,5.18000000000074));
#3780=CARTESIAN_POINT('',(0.,-58.2500000000002,5.18000000000074));
#3781=CARTESIAN_POINT('Origin',(0.,-20.1500000000002,-5.17999999999927));
#3782=CARTESIAN_POINT('Origin',(0.,-103.325,41.5625000005003));
#3783=CARTESIAN_POINT('',(2.,-101.2422,41.5625000005003));
#3784=CARTESIAN_POINT('Origin',(2.,-103.325,41.5625000005003));
#3785=CARTESIAN_POINT('',(0.,-101.2422,41.5625000005003));
#3786=CARTESIAN_POINT('Origin',(0.,-96.0579104409038,39.0956555001234));
#3787=CARTESIAN_POINT('',(2.,-93.9751104409041,39.0956555001234));
#3788=CARTESIAN_POINT('Origin',(2.,-96.0579104409038,39.0956555001234));
#3789=CARTESIAN_POINT('',(0.,-93.9751104409038,39.0956555001234));
#3790=CARTESIAN_POINT('Origin',(0.,-110.592089559096,39.0956555001234));
#3791=CARTESIAN_POINT('',(2.,-108.509289559096,39.0956555001234));
#3792=CARTESIAN_POINT('Origin',(2.,-110.592089559096,39.0956555001234));
#3793=CARTESIAN_POINT('',(0.,-108.509289559096,39.0956555001234));
#3794=CARTESIAN_POINT('Origin',(0.,-103.325,29.6250000000001));
#3795=CARTESIAN_POINT('',(2.,-110.502819788082,34.6509635235262));
#3796=CARTESIAN_POINT('',(0.,-110.502819788082,34.6509635235262));
#3797=CARTESIAN_POINT('',(2.,-96.1471802119177,34.6509635235262));
#3798=CARTESIAN_POINT('Origin',(2.,-103.325,29.6250000000001));
#3799=CARTESIAN_POINT('',(0.,-96.1471802119177,34.6509635235262));
#3800=CARTESIAN_POINT('Origin',(0.,-115.704435270137,38.2931738949288));
#3801=CARTESIAN_POINT('',(2.,-115.704435270137,38.2931738949288));
#3802=CARTESIAN_POINT('',(0.,-115.704435270137,38.2931738949288));
#3803=CARTESIAN_POINT('',(2.,-103.325,29.6250000000001));
#3804=CARTESIAN_POINT('Origin',(0.,-103.325,29.6250000000001));
#3805=CARTESIAN_POINT('',(2.,-90.9455647298634,38.2931738949288));
#3806=CARTESIAN_POINT('',(0.,-90.9455647298634,38.2931738949288));
#3807=CARTESIAN_POINT('Origin',(2.,-103.325,29.6250000000001));
#3808=CARTESIAN_POINT('Origin',(0.,-96.1471802119177,34.6509635235262));
#3809=CARTESIAN_POINT('',(2.,-90.9455647298634,38.2931738949288));
#3810=CARTESIAN_POINT('Origin',(2.,-103.325,32.8000000005002));
#3811=CARTESIAN_POINT('',(1.99999999999999,-108.0875,29.6250000000001));
#3812=CARTESIAN_POINT('Origin',(1.99999999999999,-103.325,29.6250000000001));
#3813=CARTESIAN_POINT('Origin',(2.,0.,0.));
#3814=CARTESIAN_POINT('',(2.,12.,-1.46957615897683E-15));
#3815=CARTESIAN_POINT('Origin',(2.,0.,0.));
#3816=CARTESIAN_POINT('',(2.,12.,1.46957615897682E-15));
#3817=CARTESIAN_POINT('Origin',(0.,-87.1221327779209,9.70000000000001));
#3818=CARTESIAN_POINT('',(8.,-87.1221327779209,12.7));
#3819=CARTESIAN_POINT('',(8.,-84.1221327779209,9.70000000000001));
#3820=CARTESIAN_POINT('Origin',(8.,-87.1221327779209,9.70000000000001));
#3821=CARTESIAN_POINT('',(0.,-87.1221327779209,12.7));
#3822=CARTESIAN_POINT('',(0.,-84.1221327779209,9.70000000000001));
#3823=CARTESIAN_POINT('Origin',(0.,-84.1221327779209,-12.7));
#3824=CARTESIAN_POINT('',(8.,-84.1221327779209,-9.69999999999999));
#3825=CARTESIAN_POINT('',(0.,-84.1221327779209,-9.69999999999999));
#3826=CARTESIAN_POINT('',(8.,-84.1221327779209,-12.7));
#3827=CARTESIAN_POINT('Origin',(0.,-103.347132777921,9.69999999999999));
#3828=CARTESIAN_POINT('',(8.,-106.347132777921,9.69999999999999));
#3829=CARTESIAN_POINT('',(8.,-103.347132777921,12.7));
#3830=CARTESIAN_POINT('Origin',(8.,-103.347132777921,9.69999999999999));
#3831=CARTESIAN_POINT('',(0.,-106.347132777921,9.69999999999999));
#3832=CARTESIAN_POINT('',(0.,-103.347132777921,12.7));
#3833=CARTESIAN_POINT('Origin',(0.,-84.1221327779209,12.7));
#3834=CARTESIAN_POINT('',(8.,-84.1221327779209,12.7));
#3835=CARTESIAN_POINT('Origin',(0.,-87.1221327779209,-9.69999999999999));
#3836=CARTESIAN_POINT('',(8.,-87.1221327779209,-12.7));
#3837=CARTESIAN_POINT('Origin',(8.,-87.1221327779209,-9.69999999999999));
#3838=CARTESIAN_POINT('',(0.,-87.1221327779209,-12.7));
#3839=CARTESIAN_POINT('Origin',(0.,-106.347132777921,-12.7));
#3840=CARTESIAN_POINT('',(8.,-103.347132777921,-12.7));
#3841=CARTESIAN_POINT('',(0.,-103.347132777921,-12.7));
#3842=CARTESIAN_POINT('',(8.,-106.347132777921,-12.7));
#3843=CARTESIAN_POINT('Origin',(0.,-103.347132777921,-9.70000000000001));
#3844=CARTESIAN_POINT('',(8.,-106.347132777921,-9.70000000000001));
#3845=CARTESIAN_POINT('Origin',(8.,-103.347132777921,-9.70000000000001));
#3846=CARTESIAN_POINT('',(0.,-106.347132777921,-9.70000000000001));
#3847=CARTESIAN_POINT('Origin',(0.,-106.347132777921,12.7));
#3848=CARTESIAN_POINT('',(8.,-106.347132777921,12.7));
#3849=CARTESIAN_POINT('Origin',(8.,-95.234632777921,0.));
#3850=CARTESIAN_POINT('Origin',(0.,-121.44230720948,11.8226636511574));
#3851=CARTESIAN_POINT('',(0.,-116.91298040711,16.273247738368));
#3852=CARTESIAN_POINT('',(0.,-115.458794547275,13.9487107393545));
#3853=CARTESIAN_POINT('Origin',(0.,-103.325,29.6250000000001));
#3854=CARTESIAN_POINT('',(0.,-117.476498627264,42.3779442327078));
#3855=CARTESIAN_POINT('Origin',(0.,-158.361857002068,-1.29550050513803));
#3856=CARTESIAN_POINT('',(0.,-116.006002140045,-18.));
#3857=CARTESIAN_POINT('Origin',(0.,-103.325,-18.));
#3858=CARTESIAN_POINT('',(0.,-75.9816636280368,-18.));
#3859=CARTESIAN_POINT('Origin',(0.,-50.6300000000002,5.18000000000077));
#3860=CARTESIAN_POINT('',(0.,-50.6300000000002,12.8000000000007));
#3861=CARTESIAN_POINT('Origin',(0.,-27.7700000000002,12.8000000000007));
#3862=CARTESIAN_POINT('Origin',(0.,-46.1605048932013,17.));
#3863=CARTESIAN_POINT('',(0.,-46.1605048932013,16.));
#3864=CARTESIAN_POINT('Origin',(0.,-55.6684950464233,16.));
#3865=CARTESIAN_POINT('',(0.,-54.2181716432222,16.));
#3866=CARTESIAN_POINT('Origin',(0.,-54.2181716432222,17.));
#3867=CARTESIAN_POINT('',(0.,-55.1528276056815,17.3555534162958));
#3868=CARTESIAN_POINT('Origin',(0.,-53.7786382060952,20.9679341641801));
#3869=CARTESIAN_POINT('',(0.,-54.1341916223908,20.033278201721));
#3870=CARTESIAN_POINT('Origin',(0.,-53.1995356599318,19.6777247854252));
#3871=CARTESIAN_POINT('Origin',(0.,-72.1939869670685,26.9034231430834));
#3872=CARTESIAN_POINT('',(0.,-71.8384335507726,27.8380791055427));
#3873=CARTESIAN_POINT('',(0.,-73.1286429295275,27.2589765593793));
#3874=CARTESIAN_POINT('Origin',(0.,-59.7137035677106,23.2256983576584));
#3875=CARTESIAN_POINT('',(0.,-60.6483595301697,23.5812517739542));
#3876=CARTESIAN_POINT('Origin',(0.,-75.9613581421066,17.));
#3877=CARTESIAN_POINT('',(0.,-76.8960141045659,17.3555534162958));
#3878=CARTESIAN_POINT('',(0.,-75.9613581421066,16.));
#3879=CARTESIAN_POINT('Origin',(0.,-72.7730895132317,28.1936325218386));
#3880=CARTESIAN_POINT('Origin',(0.,-61.0039129464655,22.646595811495));
#3881=CARTESIAN_POINT('',(0.,-60.0692569840065,22.2910423951992));
#3882=CARTESIAN_POINT('Origin',(0.,-62.4624387594584,16.));
#3883=CARTESIAN_POINT('',(0.,-62.2172841853054,16.6444465837042));
#3884=CARTESIAN_POINT('Origin',(0.,-79.9983642536023,29.8722941691535));
#3885=CARTESIAN_POINT('',(0.,-79.063708291143,29.5167407528576));
#3886=CARTESIAN_POINT('',(0.,-79.6428108373064,30.8069501316125));
#3887=CARTESIAN_POINT('Origin',(0.,-84.2056252583428,16.));
#3888=CARTESIAN_POINT('',(0.,-83.9604706841899,16.6444465837042));
#3889=CARTESIAN_POINT('Origin',(0.,-63.1519401477645,17.));
#3890=CARTESIAN_POINT('',(0.,-63.1519401477645,16.));
#3891=CARTESIAN_POINT('Origin',(0.,-77.4116815453077,16.));
#3892=CARTESIAN_POINT('Origin',(0.,-84.8951266466492,17.));
#3893=CARTESIAN_POINT('',(0.,-84.8951266466492,16.));
#3894=CARTESIAN_POINT('Origin',(0.,-103.325000143057,16.));
#3895=CARTESIAN_POINT('',(0.,-95.9425884698833,16.));
#3896=CARTESIAN_POINT('Origin',(0.,-89.1870241524098,33.3677615383503));
#3897=CARTESIAN_POINT('',(0.,-88.8314707361139,34.3024175008093));
#3898=CARTESIAN_POINT('',(0.,-90.1537233556638,33.1118462194888));
#3899=CARTESIAN_POINT('Origin',(0.,-78.7081548748474,30.4513967153167));
#3900=CARTESIAN_POINT('Origin',(0.,-95.9425884698833,17.));
#3901=CARTESIAN_POINT('',(0.,-96.4473687454467,17.8632478632479));
#3902=CARTESIAN_POINT('Origin',(0.,-103.325,29.6250000000001));
#3903=CARTESIAN_POINT('Origin',(134.525,-103.325,29.6250000000001));
#3904=CARTESIAN_POINT('',(134.525,-108.0875,29.6250000000001));
#3905=CARTESIAN_POINT('Origin',(67.2624999999999,-20.3886318140184,-16.));
#3906=CARTESIAN_POINT('',(0.,-75.9816636280368,-16.));
#3907=CARTESIAN_POINT('',(38.39375,28.8544,-16.));
#3908=CARTESIAN_POINT('Origin',(0.,-75.9816636280368,-18.));
#3909=CARTESIAN_POINT('Origin',(9.525,28.8544,-17.999999999997));
#3910=CARTESIAN_POINT('',(9.525,28.8544,-11.649999999997));
#3911=CARTESIAN_POINT('Origin',(134.525,-48.359469401533,29.0973382692619));
#3912=CARTESIAN_POINT('',(-1.77635683940025E-14,-49.0705762341247,27.2280263443436));
#3913=CARTESIAN_POINT('',(67.2624999999999,-48.359469401533,29.0973382692619));
#3914=CARTESIAN_POINT('Origin',(-1.77635683940025E-14,-19.1875,18.));
#3915=CARTESIAN_POINT('',(0.,-19.1875,18.));
#3916=CARTESIAN_POINT('',(134.525,-19.8986068325916,16.1306880750818));
#3917=CARTESIAN_POINT('Origin',(67.2624999999999,-34.4845915333582,21.6793572097127));
#3918=CARTESIAN_POINT('Origin',(0.,-19.1875,18.));
#3919=CARTESIAN_POINT('',(0.,-77.5314388030663,40.1946765385237));
#3920=CARTESIAN_POINT('Origin',(134.525,-19.1875,18.));
#3921=CARTESIAN_POINT('',(134.525,-19.1875,16.));
#3922=CARTESIAN_POINT('Origin',(67.2624999999999,8.00845,16.));
#3923=CARTESIAN_POINT('',(38.39375,28.8544,16.));
#3924=CARTESIAN_POINT('Origin',(9.525,35.2044,18.));
#3925=CARTESIAN_POINT('',(9.525,35.2044,11.65));
#3926=CARTESIAN_POINT('',(4.7625,35.2044,18.));
#3927=CARTESIAN_POINT('Origin',(9.525,28.8544,11.65));
#3928=CARTESIAN_POINT('',(9.525,28.8544,11.65));
#3929=CARTESIAN_POINT('Origin',(9.525,35.2044,11.65));
#3930=CARTESIAN_POINT('Origin',(9.525,35.2044,-11.649999999997));
#3931=CARTESIAN_POINT('',(9.525,35.2044,-11.649999999997));
#3932=CARTESIAN_POINT('Origin',(9.525,28.8544,-11.649999999997));
#3933=CARTESIAN_POINT('Origin',(0.,44.7294,18.));
#3934=CARTESIAN_POINT('Origin',(2.,-1.99840144432528E-13,7.46069872548106E-13));
#3935=CARTESIAN_POINT('',(2.,-10.0000000000002,12.8000000000007));
#3936=CARTESIAN_POINT('',(2.,-13.8000000000002,9.00000000000075));
#3937=CARTESIAN_POINT('Origin',(2.,-10.0000000000002,9.00000000000075));
#3938=CARTESIAN_POINT('',(2.,9.9999999999998,12.8000000000007));
#3939=CARTESIAN_POINT('',(2.,4.99999999999979,12.8000000000007));
#3940=CARTESIAN_POINT('',(2.,13.7999999999998,9.00000000000075));
#3941=CARTESIAN_POINT('Origin',(2.,9.9999999999998,9.00000000000075));
#3942=CARTESIAN_POINT('',(2.,13.7999999999998,-8.99999999999926));
#3943=CARTESIAN_POINT('',(2.,13.7999999999998,-4.49999999999925));
#3944=CARTESIAN_POINT('',(2.,9.9999999999998,-12.7999999999992));
#3945=CARTESIAN_POINT('Origin',(2.,9.9999999999998,-8.99999999999926));
#3946=CARTESIAN_POINT('',(2.,-10.0000000000002,-12.7999999999993));
#3947=CARTESIAN_POINT('',(2.,-5.00000000000019,-12.7999999999992));
#3948=CARTESIAN_POINT('',(2.,-13.8000000000002,-8.99999999999926));
#3949=CARTESIAN_POINT('Origin',(2.,-10.0000000000002,-8.99999999999926));
#3950=CARTESIAN_POINT('',(2.,-13.8000000000002,4.50000000000075));
#3951=CARTESIAN_POINT('Origin',(0.,9.9999999999998,-8.99999999999926));
#3952=CARTESIAN_POINT('',(0.,13.7999999999998,-8.99999999999926));
#3953=CARTESIAN_POINT('',(0.,9.9999999999998,-12.7999999999992));
#3954=CARTESIAN_POINT('Origin',(0.,13.7999999999998,-8.99999999999926));
#3955=CARTESIAN_POINT('',(0.,13.7999999999998,9.00000000000075));
#3956=CARTESIAN_POINT('Origin',(0.,9.9999999999998,9.00000000000075));
#3957=CARTESIAN_POINT('',(0.,9.9999999999998,12.8000000000007));
#3958=CARTESIAN_POINT('Origin',(0.,9.9999999999998,12.8000000000007));
#3959=CARTESIAN_POINT('',(0.,-10.0000000000002,12.8000000000007));
#3960=CARTESIAN_POINT('Origin',(0.,-10.0000000000002,-12.7999999999993));
#3961=CARTESIAN_POINT('',(0.,-10.0000000000002,-12.7999999999993));
#3962=CARTESIAN_POINT('Origin',(0.,-10.0000000000002,-8.99999999999926));
#3963=CARTESIAN_POINT('',(0.,-13.8000000000002,-8.99999999999926));
#3964=CARTESIAN_POINT('Origin',(0.,-13.8000000000002,9.00000000000075));
#3965=CARTESIAN_POINT('',(0.,-13.8000000000002,9.00000000000075));
#3966=CARTESIAN_POINT('Origin',(0.,-10.0000000000002,9.00000000000075));
#3967=CARTESIAN_POINT('Origin',(0.,-103.25384901231,48.6748671264907));
#3968=CARTESIAN_POINT('',(0.,-89.4363807551139,64.0076310362132));
#3969=CARTESIAN_POINT('',(0.,-103.25384901231,48.6748671264907));
#3970=CARTESIAN_POINT('Origin',(0.,-103.325,29.6250000000001));
#3971=CARTESIAN_POINT('',(0.,-96.5517074195652,47.4301960848464));
#3972=CARTESIAN_POINT('Origin',(0.,-84.6562578115133,42.9050361154077));
#3973=CARTESIAN_POINT('',(0.,-84.6562578115133,42.9050361154077));
#3974=CARTESIAN_POINT('Origin',(0.,-89.4363807551139,64.0076310362132));
#3975=CARTESIAN_POINT('Origin',(0.,-94.1535469642018,68.2586124471157));
#3976=CARTESIAN_POINT('',(0.,-94.1535469642018,68.2586124471157));
#3977=CARTESIAN_POINT('Origin',(0.,-89.4363807551139,64.0076310362132));
#3978=CARTESIAN_POINT('',(0.,-83.2432789335394,65.4104816439445));
#3979=CARTESIAN_POINT('Origin',(0.,-77.5314388030663,40.1946765385237));
#3980=CARTESIAN_POINT('Origin',(178.741212755456,37.5212394364815,-13.3532972796494));
#3981=CARTESIAN_POINT('',(180.841212755456,37.5212394364815,-13.3532972796494));
#3982=CARTESIAN_POINT('Origin',(178.741212755456,37.5212394364815,-13.3532972796494));
#3983=CARTESIAN_POINT('',(180.841212755456,35.5212394364815,-13.3532972796494));
#3984=CARTESIAN_POINT('',(180.841212755456,37.5212394364815,-13.3532972796494));
#3985=CARTESIAN_POINT('Origin',(178.741212755456,35.5212394364815,-13.3532972796494));
#3986=CARTESIAN_POINT('Origin',(138.494612149413,37.5212394364815,-13.3532972796494));
#3987=CARTESIAN_POINT('',(139.944612149413,37.5212394364815,-13.3532972796494));
#3988=CARTESIAN_POINT('Origin',(138.494612149413,37.5212394364815,-13.3532972796494));
#3989=CARTESIAN_POINT('',(139.944612149413,35.5212394364815,-13.3532972796494));
#3990=CARTESIAN_POINT('',(139.944612149413,37.5212394364815,-13.3532972796494));
#3991=CARTESIAN_POINT('Origin',(138.494612149413,35.5212394364815,-13.3532972796494));
#3992=CARTESIAN_POINT('Origin',(178.741212755456,37.5212394364815,13.8413028573652));
#3993=CARTESIAN_POINT('',(180.841212755456,37.5212394364815,13.8413028573652));
#3994=CARTESIAN_POINT('Origin',(178.741212755456,37.5212394364815,13.8413028573652));
#3995=CARTESIAN_POINT('',(180.841212755456,35.5212394364815,13.8413028573652));
#3996=CARTESIAN_POINT('',(180.841212755456,37.5212394364815,13.8413028573652));
#3997=CARTESIAN_POINT('Origin',(178.741212755456,35.5212394364815,13.8413028573652));
#3998=CARTESIAN_POINT('Origin',(138.494612149413,37.5212394364815,13.8413028573652));
#3999=CARTESIAN_POINT('',(139.944612149413,37.5212394364815,13.8413028573652));
#4000=CARTESIAN_POINT('Origin',(138.494612149413,37.5212394364815,13.8413028573652));
#4001=CARTESIAN_POINT('',(139.944612149413,35.5212394364815,13.8413028573652));
#4002=CARTESIAN_POINT('',(139.944612149413,37.5212394364815,13.8413028573652));
#4003=CARTESIAN_POINT('Origin',(138.494612149413,35.5212394364815,13.8413028573652));
#4004=CARTESIAN_POINT('Origin',(135.673416203983,35.5212394364815,-16.8814679687732));
#4005=CARTESIAN_POINT('',(135.673416203983,35.5212394364815,17.4496389989277));
#4006=CARTESIAN_POINT('',(135.673416203983,35.5212394364815,-16.8814679687732));
#4007=CARTESIAN_POINT('',(135.673416203983,35.5212394364815,17.4496389989277));
#4008=CARTESIAN_POINT('',(135.673416203983,37.5212394364815,17.4496389989277));
#4009=CARTESIAN_POINT('',(135.673416203983,35.5212394364815,17.4496389989277));
#4010=CARTESIAN_POINT('',(135.673416203983,37.5212394364815,-16.8814679687732));
#4011=CARTESIAN_POINT('',(135.673416203983,37.5212394364815,17.4496389989277));
#4012=CARTESIAN_POINT('',(135.673416203983,35.5212394364815,-16.8814679687732));
#4013=CARTESIAN_POINT('Origin',(180.926421970369,35.5212394364815,-16.8814679687732));
#4014=CARTESIAN_POINT('',(180.926421970369,35.5212394364815,-16.8814679687732));
#4015=CARTESIAN_POINT('',(135.673416203983,35.5212394364815,-16.8814679687732));
#4016=CARTESIAN_POINT('',(180.926421970369,37.5212394364815,-16.8814679687732));
#4017=CARTESIAN_POINT('',(135.673416203983,37.5212394364815,-16.8814679687732));
#4018=CARTESIAN_POINT('',(180.926421970369,35.5212394364815,-16.8814679687732));
#4019=CARTESIAN_POINT('Origin',(180.926421970369,35.5212394364815,17.4496389989277));
#4020=CARTESIAN_POINT('',(180.926421970369,35.5212394364815,17.4496389989277));
#4021=CARTESIAN_POINT('',(180.926421970369,35.5212394364815,-16.8814679687732));
#4022=CARTESIAN_POINT('',(180.926421970369,37.5212394364815,17.4496389989277));
#4023=CARTESIAN_POINT('',(180.926421970369,37.5212394364815,-16.8814679687732));
#4024=CARTESIAN_POINT('',(180.926421970369,35.5212394364815,17.4496389989277));
#4025=CARTESIAN_POINT('Origin',(135.673416203983,35.5212394364815,17.4496389989277));
#4026=CARTESIAN_POINT('',(180.926421970369,35.5212394364815,17.4496389989277));
#4027=CARTESIAN_POINT('',(180.926421970369,37.5212394364815,17.4496389989277));
#4028=CARTESIAN_POINT('Origin',(158.299919087176,37.5212394364815,0.284085515077224));
#4029=CARTESIAN_POINT('Origin',(158.299919087176,35.5212394364815,0.284085515077224));
#4030=UNCERTAINTY_MEASURE_WITH_UNIT(LENGTH_MEASURE(0.01),#4034,
'DISTANCE_ACCURACY_VALUE',
'Maximum model space distance between geometric entities at asserted c
onnectivities');
#4031=UNCERTAINTY_MEASURE_WITH_UNIT(LENGTH_MEASURE(0.01),#4034,
'DISTANCE_ACCURACY_VALUE',
'Maximum model space distance between geometric entities at asserted c
onnectivities');
#4032=(
GEOMETRIC_REPRESENTATION_CONTEXT(3)
GLOBAL_UNCERTAINTY_ASSIGNED_CONTEXT((#4030))
GLOBAL_UNIT_ASSIGNED_CONTEXT((#4034,#4036,#4037))
REPRESENTATION_CONTEXT('','3D')
);
#4033=(
GEOMETRIC_REPRESENTATION_CONTEXT(3)
GLOBAL_UNCERTAINTY_ASSIGNED_CONTEXT((#4031))
GLOBAL_UNIT_ASSIGNED_CONTEXT((#4034,#4036,#4037))
REPRESENTATION_CONTEXT('','3D')
);
#4034=(
LENGTH_UNIT()
NAMED_UNIT(*)
SI_UNIT(.MILLI.,.METRE.)
);
#4035=(
LENGTH_UNIT()
NAMED_UNIT(*)
SI_UNIT($,.METRE.)
);
#4036=(
NAMED_UNIT(*)
PLANE_ANGLE_UNIT()
SI_UNIT($,.RADIAN.)
);
#4037=(
NAMED_UNIT(*)
SI_UNIT($,.STERADIAN.)
SOLID_ANGLE_UNIT()
);
#4038=SHAPE_DEFINITION_REPRESENTATION(#4039,#4040);
#4039=PRODUCT_DEFINITION_SHAPE('',$,#4042);
#4040=SHAPE_REPRESENTATION('',(#2401),#4032);
#4041=PRODUCT_DEFINITION_CONTEXT('part definition',#4046,'design');
#4042=PRODUCT_DEFINITION('Component1','Component1',#4043,#4041);
#4043=PRODUCT_DEFINITION_FORMATION('',$,#4048);
#4044=PRODUCT_RELATED_PRODUCT_CATEGORY('Component1','Component1',(#4048));
#4045=APPLICATION_PROTOCOL_DEFINITION('international standard',
'automotive_design',2009,#4046);
#4046=APPLICATION_CONTEXT(
'Core Data for Automotive Mechanical Design Process');
#4047=PRODUCT_CONTEXT('part definition',#4046,'mechanical');
#4048=PRODUCT('Component1','Component1',$,(#4047));
#4049=PRESENTATION_STYLE_ASSIGNMENT((#4051));
#4050=PRESENTATION_STYLE_ASSIGNMENT((#4052));
#4051=SURFACE_STYLE_USAGE(.BOTH.,#4053);
#4052=SURFACE_STYLE_USAGE(.BOTH.,#4054);
#4053=SURFACE_SIDE_STYLE('',(#4055));
#4054=SURFACE_SIDE_STYLE('',(#4056));
#4055=SURFACE_STYLE_FILL_AREA(#4057);
#4056=SURFACE_STYLE_FILL_AREA(#4058);
#4057=FILL_AREA_STYLE('Steel - Satin',(#4059));
#4058=FILL_AREA_STYLE('Opaque(25,25,25)',(#4060));
#4059=FILL_AREA_STYLE_COLOUR('Steel - Satin',#4061);
#4060=FILL_AREA_STYLE_COLOUR('Opaque(25,25,25)',#4062);
#4061=COLOUR_RGB('Steel - Satin',0.627450980392157,0.627450980392157,0.627450980392157);
#4062=COLOUR_RGB('Opaque(25,25,25)',0.0980392156862745,0.0980392156862745,
0.0980392156862745);
ENDSEC;
END-ISO-10303-21;
